
> lero-al@0.1.0 prebuild-storybook
> node scripts/prepare-storybook-next15.mjs && node scripts/check-stories.mjs

── Check 1: Banned layout values ──────────────────────────────────
── Check 2: Raw HTML controls ──────────────────────────────────────
── Check 3: Locale-NAME export families ─────────────────────────────
── Check 4: Hardcoded locale pins (globals + args + props) ─────────
── Check 5: Hardcoded title literals in fixtures ───────────────────
── Check 6: storybook.* namespace key parity ───────────────────────
  ✅ storybook.* sq — 652 keys (matches en)
  ✅ storybook.* uk — 652 keys (matches en)
  ✅ storybook.* it — 652 keys (matches en)
  ✅ storybook.* en  — 652 keys (reference)
── Check 7: Inline locale maps (uk:/sq:/it: in stories) ───────────────
── Check 8: uk.json Latin-only values (non-Cyrillic check) ────────────
  ✅ uk.json Cyrillic check complete
── Check 9: Runtime component hardcoded literals ────────────────────
── Check 10: English JSX string-prop literals in stories ───────────
── Check 11: sm:flex-row sm:flex-wrap (toolbar 640px overflow) ────────
── Check 12: Viewport/width-named exports ────────────────────────────
── Check 13: Duplicate-family export names ─────────────────────────────
── Check 14: Mantine Button size="lg"|"xl" (off-scale, Task 520) ──────
── Check 15: Unregistered Mantine colour prop (Task 685/686) ────────
── Check 16: Wall-clock fixture values (Task 697/698, §14.10) ─────────
── Stale allowlist entry check ──────────────────────────────────────

✅ check:stories PASSED — 138 files checked, 0 violations.

> lero-al@0.1.0 build-storybook
> storybook build


[90m┌[39m  Building storybook v10.4.2
[90m│[39m
[32m◇[39m  Cleaning outputDir: [36mstorybook-static[39m
[90m│[39m
[32m◇[39m  Loading presets
[90m│[39m
[32m◇[39m  Building manager..
[90m│[39m
[34m●[39m  Building preview..
[90m│[39m
[34m●[39m  Copying static files: [36mpublic[39m at [36mstorybook-static[39m
[90m│[39m  [43mVite[49m [36mvite v6.4.2 [32mbuilding for production...[36m[39m
[90m│[39m  [43mVite[49m transforming...
[90m│[39m
[33m▲[39m  [43mVite[49m [33msrc/components/shared/Combobox.stories.tsx (1:0): Error when[39m
[90m│[39m  [33musing sourcemap for reporting an error: Can't resolve original[39m
[90m│[39m  [33mlocation of error.[39m
[90m│[39m
[33m▲[39m  [43mVite[49m [33msrc/components/shared/Combobox.stories.tsx (1:0): Module level[39m
[90m│[39m  [33mdirectives cause errors when bundled, "use client" in[39m
[90m│[39m  [33m"src/components/shared/Combobox.stories.tsx" was ignored.[39m
[90m│[39m
[33m▲[39m  [43mVite[49m [33msrc/stories/LatestListings.stories.tsx (1:0): Error when using[39m
[90m│[39m  [33msourcemap for reporting an error: Can't resolve original location of[39m
[90m│[39m  [33merror.[39m
[90m│[39m
[33m▲[39m  [43mVite[49m [33msrc/stories/LatestListings.stories.tsx (1:0): Module level[39m
[90m│[39m  [33mdirectives cause errors when bundled, "use client" in[39m
[90m│[39m  [33m"src/stories/LatestListings.stories.tsx" was ignored.[39m
[90m│[39m
[33m▲[39m  [43mVite[49m [33msrc/components/layout/FilterBar.stories.tsx (1:0): Error when[39m
[90m│[39m  [33musing sourcemap for reporting an error: Can't resolve original[39m
[90m│[39m  [33mlocation of error.[39m
[90m│[39m
[33m▲[39m  [43mVite[49m [33msrc/components/layout/FilterBar.stories.tsx (1:0): Module level[39m
[90m│[39m  [33mdirectives cause errors when bundled, "use client" in[39m
[90m│[39m  [33m"src/components/layout/FilterBar.stories.tsx" was ignored.[39m
[90m│[39m
[33m▲[39m  [43mVite[49m [33msrc/stories/AdminLayout.stories.tsx (1:0): Error when using[39m
[90m│[39m  [33msourcemap for reporting an error: Can't resolve original location of[39m
[90m│[39m  [33merror.[39m
[90m│[39m
[33m▲[39m  [43mVite[49m [33msrc/stories/AdminLayout.stories.tsx (1:0): Module level[39m
[90m│[39m  [33mdirectives cause errors when bundled, "use client" in[39m
[90m│[39m  [33m"src/stories/AdminLayout.stories.tsx" was ignored.[39m
[90m│[39m
[33m▲[39m  [43mVite[49m [33msrc/components/ui/button.stories.tsx (1:0): Error when using[39m
[90m│[39m  [33msourcemap for reporting an error: Can't resolve original location of[39m
[90m│[39m  [33merror.[39m
[90m│[39m
[33m▲[39m  [43mVite[49m [33msrc/components/ui/button.stories.tsx (1:0): Module level[39m
[90m│[39m  [33mdirectives cause errors when bundled, "use client" in[39m
[90m│[39m  [33m"src/components/ui/button.stories.tsx" was ignored.[39m
[90m│[39m
[33m▲[39m  [43mVite[49m [33msrc/components/ui/PasswordInput.stories.tsx (1:0): Error when[39m
[90m│[39m  [33musing sourcemap for reporting an error: Can't resolve original[39m
[90m│[39m  [33mlocation of error.[39m
[90m│[39m
[33m▲[39m  [43mVite[49m [33msrc/components/ui/PasswordInput.stories.tsx (1:0): Module level[39m
[90m│[39m  [33mdirectives cause errors when bundled, "use client" in[39m
[90m│[39m  [33m"src/components/ui/PasswordInput.stories.tsx" was ignored.[39m
[90m│[39m
[33m▲[39m  [43mVite[49m [33msrc/stories/RecentlyViewedSection.stories.tsx (1:0): Error when[39m
[90m│[39m  [33musing sourcemap for reporting an error: Can't resolve original[39m
[90m│[39m  [33mlocation of error.[39m
[90m│[39m
[33m▲[39m  [43mVite[49m [33msrc/stories/RecentlyViewedSection.stories.tsx (1:0): Module level[39m
[90m│[39m  [33mdirectives cause errors when bundled, "use client" in[39m
[90m│[39m  [33m"src/stories/RecentlyViewedSection.stories.tsx" was ignored.[39m
[90m│[39m
[33m▲[39m  [43mVite[49m [33msrc/components/admin/AdminPageShell.stories.tsx (1:0): Error when[39m
[90m│[39m  [33musing sourcemap for reporting an error: Can't resolve original[39m
[90m│[39m  [33mlocation of error.[39m
[90m│[39m
[33m▲[39m  [43mVite[49m [33msrc/components/admin/AdminPageShell.stories.tsx (1:0): Module[39m
[90m│[39m  [33mlevel directives cause errors when bundled, "use client" in[39m
[90m│[39m  [33m"src/components/admin/AdminPageShell.stories.tsx" was ignored.[39m
[90m│[39m
[33m▲[39m  [43mVite[49m [33msrc/stories/SimilarListings.stories.tsx (1:0): Error when using[39m
[90m│[39m  [33msourcemap for reporting an error: Can't resolve original location of[39m
[90m│[39m  [33merror.[39m
[90m│[39m
[33m▲[39m  [43mVite[49m [33msrc/stories/SimilarListings.stories.tsx (1:0): Module level[39m
[90m│[39m  [33mdirectives cause errors when bundled, "use client" in[39m
[90m│[39m  [33m"src/stories/SimilarListings.stories.tsx" was ignored.[39m
[90m│[39m
[33m▲[39m  [43mVite[49m [33msrc/stories/patterns/mantine/HomepageListingGrids.stories.tsx[39m
[90m│[39m  [33m(1:0): Error when using sourcemap for reporting an error: Can't[39m
[90m│[39m  [33mresolve original location of error.[39m
[90m│[39m
[33m▲[39m  [43mVite[49m [33msrc/stories/patterns/mantine/HomepageListingGrids.stories.tsx[39m
[90m│[39m  [33m(1:0): Module level directives cause errors when bundled, "use client"[39m
[90m│[39m  [33min "src/stories/patterns/mantine/HomepageListingGrids.stories.tsx" was[39m
[90m│[39m  [33mignored.[39m
[90m│[39m
[33m▲[39m  [43mVite[49m [33msrc/components/layout/PageHeader.stories.tsx (1:0): Error when[39m
[90m│[39m  [33musing sourcemap for reporting an error: Can't resolve original[39m
[90m│[39m  [33mlocation of error.[39m
[90m│[39m
[33m▲[39m  [43mVite[49m [33msrc/components/layout/PageHeader.stories.tsx (1:0): Module level[39m
[90m│[39m  [33mdirectives cause errors when bundled, "use client" in[39m
[90m│[39m  [33m"src/components/layout/PageHeader.stories.tsx" was ignored.[39m
[90m│[39m
[33m▲[39m  [43mVite[49m [33msrc/components/admin/AdminTable.stories.tsx (1:0): Error when[39m
[90m│[39m  [33musing sourcemap for reporting an error: Can't resolve original[39m
[90m│[39m  [33mlocation of error.[39m
[90m│[39m
[33m▲[39m  [43mVite[49m [33msrc/components/admin/AdminTable.stories.tsx (1:0): Module level[39m
[90m│[39m  [33mdirectives cause errors when bundled, "use client" in[39m
[90m│[39m  [33m"src/components/admin/AdminTable.stories.tsx" was ignored.[39m
[90m│[39m
[33m▲[39m  [43mVite[49m [33msrc/components/admin/AdminCardList.stories.tsx (1:0): Error when[39m
[90m│[39m  [33musing sourcemap for reporting an error: Can't resolve original[39m
[90m│[39m  [33mlocation of error.[39m
[90m│[39m
[33m▲[39m  [43mVite[49m [33msrc/components/admin/AdminCardList.stories.tsx (1:0): Module[39m
[90m│[39m  [33mlevel directives cause errors when bundled, "use client" in[39m
[90m│[39m  [33m"src/components/admin/AdminCardList.stories.tsx" was ignored.[39m
[90m│[39m
[33m▲[39m  [43mVite[49m [33msrc/stories/FeaturedListings.stories.tsx (1:0): Error when using[39m
[90m│[39m  [33msourcemap for reporting an error: Can't resolve original location of[39m
[90m│[39m  [33merror.[39m
[90m│[39m
[33m▲[39m  [43mVite[49m [33msrc/stories/FeaturedListings.stories.tsx (1:0): Module level[39m
[90m│[39m  [33mdirectives cause errors when bundled, "use client" in[39m
[90m│[39m  [33m"src/stories/FeaturedListings.stories.tsx" was ignored.[39m
[90m│[39m
[33m▲[39m  [43mVite[49m [33msrc/components/shared/RelativeTime.tsx (1:0): Error when using[39m
[90m│[39m  [33msourcemap for reporting an error: Can't resolve original location of[39m
[90m│[39m  [33merror.[39m
[90m│[39m
[33m▲[39m  [43mVite[49m [33msrc/components/shared/RelativeTime.tsx (1:0): Module level[39m
[90m│[39m  [33mdirectives cause errors when bundled, "use client" in[39m
[90m│[39m  [33m"src/components/shared/RelativeTime.tsx" was ignored.[39m
[90m│[39m
[33m▲[39m  [43mVite[49m [33msrc/components/shared/FilterChoiceGroup.tsx (1:0): Error when[39m
[90m│[39m  [33musing sourcemap for reporting an error: Can't resolve original[39m
[90m│[39m  [33mlocation of error.[39m
[90m│[39m
[33m▲[39m  [43mVite[49m [33msrc/components/shared/FilterChoiceGroup.tsx (1:0): Module level[39m
[90m│[39m  [33mdirectives cause errors when bundled, "use client" in[39m
[90m│[39m  [33m"src/components/shared/FilterChoiceGroup.tsx" was ignored.[39m
[90m│[39m
[33m▲[39m  [43mVite[49m [33msrc/components/layout/UserMenu.tsx (1:0): Error when using[39m
[90m│[39m  [33msourcemap for reporting an error: Can't resolve original location of[39m
[90m│[39m  [33merror.[39m
[90m│[39m
[33m▲[39m  [43mVite[49m [33msrc/components/layout/UserMenu.tsx (1:0): Module level directives[39m
[90m│[39m  [33mcause errors when bundled, "use client" in[39m
[90m│[39m  [33m"src/components/layout/UserMenu.tsx" was ignored.[39m
[90m│[39m
[33m▲[39m  [43mVite[49m [33msrc/modules/listings/components/ActiveFilterChips.tsx (1:0):[39m
[90m│[39m  [33mError when using sourcemap for reporting an error: Can't resolve[39m
[90m│[39m  [33moriginal location of error.[39m
[90m│[39m
[33m▲[39m  [43mVite[49m [33msrc/modules/listings/components/ActiveFilterChips.tsx (1:0):[39m
[90m│[39m  [33mModule level directives cause errors when bundled, "use client" in[39m
[90m│[39m  [33m"src/modules/listings/components/ActiveFilterChips.tsx" was ignored.[39m
[90m│[39m
[33m▲[39m  [43mVite[49m [33msrc/components/shared/FilterRoomsRow.tsx (1:0): Error when using[39m
[90m│[39m  [33msourcemap for reporting an error: Can't resolve original location of[39m
[90m│[39m  [33merror.[39m
[90m│[39m
[33m▲[39m  [43mVite[49m [33msrc/components/shared/FilterRoomsRow.tsx (1:0): Module level[39m
[90m│[39m  [33mdirectives cause errors when bundled, "use client" in[39m
[90m│[39m  [33m"src/components/shared/FilterRoomsRow.tsx" was ignored.[39m
[90m│[39m
[33m▲[39m  [43mVite[49m [33msrc/components/layout/MobileNavDrawer.tsx (1:0): Error when using[39m
[90m│[39m  [33msourcemap for reporting an error: Can't resolve original location of[39m
[90m│[39m  [33merror.[39m
[90m│[39m
[33m▲[39m  [43mVite[49m [33msrc/components/layout/MobileNavDrawer.tsx (1:0): Module level[39m
[90m│[39m  [33mdirectives cause errors when bundled, "use client" in[39m
[90m│[39m  [33m"src/components/layout/MobileNavDrawer.tsx" was ignored.[39m
[90m│[39m
[33m▲[39m  [43mVite[49m [33msrc/modules/listings/components/LatestListingsView.tsx (1:0):[39m
[90m│[39m  [33mError when using sourcemap for reporting an error: Can't resolve[39m
[90m│[39m  [33moriginal location of error.[39m
[90m│[39m
[33m▲[39m  [43mVite[49m [33msrc/modules/listings/components/LatestListingsView.tsx (1:0):[39m
[90m│[39m  [33mModule level directives cause errors when bundled, "use client" in[39m
[90m│[39m  [33m"src/modules/listings/components/LatestListingsView.tsx" was ignored.[39m
[90m│[39m
[33m▲[39m  [43mVite[49m [33msrc/components/ui/label.tsx (1:0): Error when using sourcemap for[39m
[90m│[39m  [33mreporting an error: Can't resolve original location of error.[39m
[90m│[39m
[33m▲[39m  [43mVite[49m [33msrc/components/ui/label.tsx (1:0): Module level directives cause[39m
[90m│[39m  [33merrors when bundled, "use client" in "src/components/ui/label.tsx" was[39m
[90m│[39m  [33mignored.[39m
[90m│[39m
[33m▲[39m  [43mVite[49m [33msrc/modules/listings/components/ListingsPagination.tsx (1:0):[39m
[90m│[39m  [33mError when using sourcemap for reporting an error: Can't resolve[39m
[90m│[39m  [33moriginal location of error.[39m
[90m│[39m
[33m▲[39m  [43mVite[49m [33msrc/modules/listings/components/ListingsPagination.tsx (1:0):[39m
[90m│[39m  [33mModule level directives cause errors when bundled, "use client" in[39m
[90m│[39m  [33m"src/modules/listings/components/ListingsPagination.tsx" was ignored.[39m
[90m│[39m
[33m▲[39m  [43mVite[49m [33msrc/components/ui/checkbox.tsx (1:0): Error when using sourcemap[39m
[90m│[39m  [33mfor reporting an error: Can't resolve original location of error.[39m
[90m│[39m
[33m▲[39m  [43mVite[49m [33msrc/components/ui/checkbox.tsx (1:0): Module level directives[39m
[90m│[39m  [33mcause errors when bundled, "use client" in[39m
[90m│[39m  [33m"src/components/ui/checkbox.tsx" was ignored.[39m
[90m│[39m
[33m▲[39m  [43mVite[49m [33msrc/modules/listings/components/form/NumInputField.tsx (1:0):[39m
[90m│[39m  [33mError when using sourcemap for reporting an error: Can't resolve[39m
[90m│[39m  [33moriginal location of error.[39m
[90m│[39m
[33m▲[39m  [43mVite[49m [33msrc/modules/listings/components/form/NumInputField.tsx (1:0):[39m
[90m│[39m  [33mModule level directives cause errors when bundled, "use client" in[39m
[90m│[39m  [33m"src/modules/listings/components/form/NumInputField.tsx" was ignored.[39m
[90m│[39m
[33m▲[39m  [43mVite[49m [33msrc/components/ui/dialog.tsx (1:0): Error when using sourcemap[39m
[90m│[39m  [33mfor reporting an error: Can't resolve original location of error.[39m
[90m│[39m
[33m▲[39m  [43mVite[49m [33msrc/components/ui/dialog.tsx (1:0): Module level directives cause[39m
[90m│[39m  [33merrors when bundled, "use client" in "src/components/ui/dialog.tsx"[39m
[90m│[39m  [33mwas ignored.[39m
[90m│[39m
[33m▲[39m  [43mVite[49m [33msrc/components/ui/command.tsx (1:0): Error when using sourcemap[39m
[90m│[39m  [33mfor reporting an error: Can't resolve original location of error.[39m
[90m│[39m
[33m▲[39m  [43mVite[49m [33msrc/components/ui/command.tsx (1:0): Module level directives[39m
[90m│[39m  [33mcause errors when bundled, "use client" in[39m
[90m│[39m  [33m"src/components/ui/command.tsx" was ignored.[39m
[90m│[39m
[33m▲[39m  [43mVite[49m [33msrc/components/layout/FilterBar.tsx (1:0): Error when using[39m
[90m│[39m  [33msourcemap for reporting an error: Can't resolve original location of[39m
[90m│[39m  [33merror.[39m
[90m│[39m
[33m▲[39m  [43mVite[49m [33msrc/components/layout/FilterBar.tsx (1:0): Module level[39m
[90m│[39m  [33mdirectives cause errors when bundled, "use client" in[39m
[90m│[39m  [33m"src/components/layout/FilterBar.tsx" was ignored.[39m
[90m│[39m
[33m▲[39m  [43mVite[49m [33msrc/components/ui/PasswordRequirementsHint.tsx (1:0): Error when[39m
[90m│[39m  [33musing sourcemap for reporting an error: Can't resolve original[39m
[90m│[39m  [33mlocation of error.[39m
[90m│[39m
[33m▲[39m  [43mVite[49m [33msrc/components/ui/PasswordRequirementsHint.tsx (1:0): Module[39m
[90m│[39m  [33mlevel directives cause errors when bundled, "use client" in[39m
[90m│[39m  [33m"src/components/ui/PasswordRequirementsHint.tsx" was ignored.[39m
[90m│[39m
[33m▲[39m  [43mVite[49m [33msrc/modules/listings/components/ListingsStatusTabs.tsx (1:0):[39m
[90m│[39m  [33mError when using sourcemap for reporting an error: Can't resolve[39m
[90m│[39m  [33moriginal location of error.[39m
[90m│[39m
[33m▲[39m  [43mVite[49m [33msrc/modules/listings/components/ListingsStatusTabs.tsx (1:0):[39m
[90m│[39m  [33mModule level directives cause errors when bundled, "use client" in[39m
[90m│[39m  [33m"src/modules/listings/components/ListingsStatusTabs.tsx" was ignored.[39m
[90m│[39m
[33m▲[39m  [43mVite[49m [33msrc/modules/listings/components/ListingCard.tsx (1:0): Error when[39m
[90m│[39m  [33musing sourcemap for reporting an error: Can't resolve original[39m
[90m│[39m  [33mlocation of error.[39m
[90m│[39m
[33m▲[39m  [43mVite[49m [33msrc/modules/listings/components/ListingCard.tsx (1:0): Module[39m
[90m│[39m  [33mlevel directives cause errors when bundled, "use client" in[39m
[90m│[39m  [33m"src/modules/listings/components/ListingCard.tsx" was ignored.[39m
[90m│[39m
[33m▲[39m  [43mVite[49m [33msrc/modules/notifications/components/NotificationBellView.tsx[39m
[90m│[39m  [33m(1:0): Error when using sourcemap for reporting an error: Can't[39m
[90m│[39m  [33mresolve original location of error.[39m
[90m│[39m
[33m▲[39m  [43mVite[49m [33msrc/modules/notifications/components/NotificationBellView.tsx[39m
[90m│[39m  [33m(1:0): Module level directives cause errors when bundled, "use client"[39m
[90m│[39m  [33min "src/modules/notifications/components/NotificationBellView.tsx" was[39m
[90m│[39m  [33mignored.[39m
[90m│[39m
[33m▲[39m  [43mVite[49m [33msrc/components/ui/sheet.tsx (1:0): Error when using sourcemap for[39m
[90m│[39m  [33mreporting an error: Can't resolve original location of error.[39m
[90m│[39m
[33m▲[39m  [43mVite[49m [33msrc/components/ui/sheet.tsx (1:0): Module level directives cause[39m
[90m│[39m  [33merrors when bundled, "use client" in "src/components/ui/sheet.tsx" was[39m
[90m│[39m  [33mignored.[39m
[90m│[39m
[33m▲[39m  [43mVite[49m [33msrc/modules/notifications/components/NotificationItem.tsx (1:0):[39m
[90m│[39m  [33mError when using sourcemap for reporting an error: Can't resolve[39m
[90m│[39m  [33moriginal location of error.[39m
[90m│[39m
[33m▲[39m  [43mVite[49m [33msrc/modules/notifications/components/NotificationItem.tsx (1:0):[39m
[90m│[39m  [33mModule level directives cause errors when bundled, "use client" in[39m
[90m│[39m  [33m"src/modules/notifications/components/NotificationItem.tsx" was[39m
[90m│[39m  [33mignored.[39m
[90m│[39m
[33m▲[39m  [43mVite[49m [33msrc/modules/listings/components/SaveToCollectionButton.tsx (1:0):[39m
[90m│[39m  [33mError when using sourcemap for reporting an error: Can't resolve[39m
[90m│[39m  [33moriginal location of error.[39m
[90m│[39m
[33m▲[39m  [43mVite[49m [33msrc/modules/listings/components/SaveToCollectionButton.tsx (1:0):[39m
[90m│[39m  [33mModule level directives cause errors when bundled, "use client" in[39m
[90m│[39m  [33m"src/modules/listings/components/SaveToCollectionButton.tsx" was[39m
[90m│[39m  [33mignored.[39m
[90m│[39m
[33m▲[39m  [43mVite[49m [33msrc/components/layout/HeaderActions.tsx (1:0): Error when using[39m
[90m│[39m  [33msourcemap for reporting an error: Can't resolve original location of[39m
[90m│[39m  [33merror.[39m
[90m│[39m
[33m▲[39m  [43mVite[49m [33msrc/components/layout/HeaderActions.tsx (1:0): Module level[39m
[90m│[39m  [33mdirectives cause errors when bundled, "use client" in[39m
[90m│[39m  [33m"src/components/layout/HeaderActions.tsx" was ignored.[39m
[90m│[39m
[33m▲[39m  [43mVite[49m [33msrc/components/shared/FilterRangeInputs.tsx (1:0): Error when[39m
[90m│[39m  [33musing sourcemap for reporting an error: Can't resolve original[39m
[90m│[39m  [33mlocation of error.[39m
[90m│[39m
[33m▲[39m  [43mVite[49m [33msrc/components/shared/FilterRangeInputs.tsx (1:0): Module level[39m
[90m│[39m  [33mdirectives cause errors when bundled, "use client" in[39m
[90m│[39m  [33m"src/components/shared/FilterRangeInputs.tsx" was ignored.[39m
[90m│[39m
[33m▲[39m  [43mVite[49m [33msrc/components/admin/AdminCompaniesManager.tsx (1:0): Error when[39m
[90m│[39m  [33musing sourcemap for reporting an error: Can't resolve original[39m
[90m│[39m  [33mlocation of error.[39m
[90m│[39m
[33m▲[39m  [43mVite[49m [33msrc/components/admin/AdminCompaniesManager.tsx (1:0): Module[39m
[90m│[39m  [33mlevel directives cause errors when bundled, "use client" in[39m
[90m│[39m  [33m"src/components/admin/AdminCompaniesManager.tsx" was ignored.[39m
[90m│[39m
[33m▲[39m  [43mVite[49m [33msrc/components/ui/dropdown-menu.tsx (1:0): Error when using[39m
[90m│[39m  [33msourcemap for reporting an error: Can't resolve original location of[39m
[90m│[39m  [33merror.[39m
[90m│[39m
[33m▲[39m  [43mVite[49m [33msrc/components/ui/dropdown-menu.tsx (1:0): Module level[39m
[90m│[39m  [33mdirectives cause errors when bundled, "use client" in[39m
[90m│[39m  [33m"src/components/ui/dropdown-menu.tsx" was ignored.[39m
[90m│[39m
[33m▲[39m  [43mVite[49m [33msrc/modules/listings/components/LightboxView.tsx (1:0): Error[39m
[90m│[39m  [33mwhen using sourcemap for reporting an error: Can't resolve original[39m
[90m│[39m  [33mlocation of error.[39m
[90m│[39m
[33m▲[39m  [43mVite[49m [33msrc/modules/listings/components/LightboxView.tsx (1:0): Module[39m
[90m│[39m  [33mlevel directives cause errors when bundled, "use client" in[39m
[90m│[39m  [33m"src/modules/listings/components/LightboxView.tsx" was ignored.[39m
[90m│[39m
[33m▲[39m  [43mVite[49m [33msrc/components/shared/PhoneField.tsx (1:0): Error when using[39m
[90m│[39m  [33msourcemap for reporting an error: Can't resolve original location of[39m
[90m│[39m  [33merror.[39m
[90m│[39m
[33m▲[39m  [43mVite[49m [33msrc/components/shared/PhoneField.tsx (1:0): Module level[39m
[90m│[39m  [33mdirectives cause errors when bundled, "use client" in[39m
[90m│[39m  [33m"src/components/shared/PhoneField.tsx" was ignored.[39m
[90m│[39m
[33m▲[39m  [43mVite[49m [33msrc/modules/listings/components/ClearRecentlyViewedButton.tsx[39m
[90m│[39m  [33m(1:0): Error when using sourcemap for reporting an error: Can't[39m
[90m│[39m  [33mresolve original location of error.[39m
[90m│[39m
[33m▲[39m  [43mVite[49m [33msrc/modules/listings/components/ClearRecentlyViewedButton.tsx[39m
[90m│[39m  [33m(1:0): Module level directives cause errors when bundled, "use client"[39m
[90m│[39m  [33min "src/modules/listings/components/ClearRecentlyViewedButton.tsx" was[39m
[90m│[39m  [33mignored.[39m
[90m│[39m
[33m▲[39m  [43mVite[49m [33msrc/components/admin/AdminExchangeProvidersManager.tsx (1:0):[39m
[90m│[39m  [33mError when using sourcemap for reporting an error: Can't resolve[39m
[90m│[39m  [33moriginal location of error.[39m
[90m│[39m
[33m▲[39m  [43mVite[49m [33msrc/components/admin/AdminExchangeProvidersManager.tsx (1:0):[39m
[90m│[39m  [33mModule level directives cause errors when bundled, "use client" in[39m
[90m│[39m  [33m"src/components/admin/AdminExchangeProvidersManager.tsx" was ignored.[39m
[90m│[39m
[33m▲[39m  [43mVite[49m [33msrc/components/admin/AdminLocaleSwitcher.tsx (1:0): Error when[39m
[90m│[39m  [33musing sourcemap for reporting an error: Can't resolve original[39m
[90m│[39m  [33mlocation of error.[39m
[90m│[39m
[33m▲[39m  [43mVite[49m [33msrc/components/admin/AdminLocaleSwitcher.tsx (1:0): Module level[39m
[90m│[39m  [33mdirectives cause errors when bundled, "use client" in[39m
[90m│[39m  [33m"src/components/admin/AdminLocaleSwitcher.tsx" was ignored.[39m
[90m│[39m
[33m▲[39m  [43mVite[49m [33msrc/modules/listings/components/RecentlyViewedGridView.tsx (1:0):[39m
[90m│[39m  [33mError when using sourcemap for reporting an error: Can't resolve[39m
[90m│[39m  [33moriginal location of error.[39m
[90m│[39m
[33m▲[39m  [43mVite[49m [33msrc/modules/listings/components/RecentlyViewedGridView.tsx (1:0):[39m
[90m│[39m  [33mModule level directives cause errors when bundled, "use client" in[39m
[90m│[39m  [33m"src/modules/listings/components/RecentlyViewedGridView.tsx" was[39m
[90m│[39m  [33mignored.[39m
[90m│[39m
[33m▲[39m  [43mVite[49m [33msrc/components/shared/Combobox.tsx (1:0): Error when using[39m
[90m│[39m  [33msourcemap for reporting an error: Can't resolve original location of[39m
[90m│[39m  [33merror.[39m
[90m│[39m
[33m▲[39m  [43mVite[49m [33msrc/components/shared/Combobox.tsx (1:0): Module level directives[39m
[90m│[39m  [33mcause errors when bundled, "use client" in[39m
[90m│[39m  [33m"src/components/shared/Combobox.tsx" was ignored.[39m
[90m│[39m
[33m▲[39m  [43mVite[49m [33msrc/components/admin/AdminSidebar.tsx (1:0): Error when using[39m
[90m│[39m  [33msourcemap for reporting an error: Can't resolve original location of[39m
[90m│[39m  [33merror.[39m
[90m│[39m
[33m▲[39m  [43mVite[49m [33msrc/components/admin/AdminSidebar.tsx (1:0): Module level[39m
[90m│[39m  [33mdirectives cause errors when bundled, "use client" in[39m
[90m│[39m  [33m"src/components/admin/AdminSidebar.tsx" was ignored.[39m
[90m│[39m
[33m▲[39m  [43mVite[49m [33msrc/components/ui/select.tsx (1:0): Error when using sourcemap[39m
[90m│[39m  [33mfor reporting an error: Can't resolve original location of error.[39m
[90m│[39m
[33m▲[39m  [43mVite[49m [33msrc/components/ui/select.tsx (1:0): Module level directives cause[39m
[90m│[39m  [33merrors when bundled, "use client" in "src/components/ui/select.tsx"[39m
[90m│[39m  [33mwas ignored.[39m
[90m│[39m
[33m▲[39m  [43mVite[49m [33msrc/components/admin/StatusChangeControl.tsx (1:0): Error when[39m
[90m│[39m  [33musing sourcemap for reporting an error: Can't resolve original[39m
[90m│[39m  [33mlocation of error.[39m
[90m│[39m
[33m▲[39m  [43mVite[49m [33msrc/components/admin/StatusChangeControl.tsx (1:0): Module level[39m
[90m│[39m  [33mdirectives cause errors when bundled, "use client" in[39m
[90m│[39m  [33m"src/components/admin/StatusChangeControl.tsx" was ignored.[39m
[90m│[39m
[33m▲[39m  [43mVite[49m [33msrc/components/ui/PasswordInput.tsx (1:0): Error when using[39m
[90m│[39m  [33msourcemap for reporting an error: Can't resolve original location of[39m
[90m│[39m  [33merror.[39m
[90m│[39m
[33m▲[39m  [43mVite[49m [33msrc/components/ui/PasswordInput.tsx (1:0): Module level[39m
[90m│[39m  [33mdirectives cause errors when bundled, "use client" in[39m
[90m│[39m  [33m"src/components/ui/PasswordInput.tsx" was ignored.[39m
[90m│[39m
[33m▲[39m  [43mVite[49m [33msrc/modules/listings/components/ListingsShellView.tsx (1:0):[39m
[90m│[39m  [33mError when using sourcemap for reporting an error: Can't resolve[39m
[90m│[39m  [33moriginal location of error.[39m
[90m│[39m
[33m▲[39m  [43mVite[49m [33msrc/modules/listings/components/ListingsShellView.tsx (1:0):[39m
[90m│[39m  [33mModule level directives cause errors when bundled, "use client" in[39m
[90m│[39m  [33m"src/modules/listings/components/ListingsShellView.tsx" was ignored.[39m
[90m│[39m
[33m▲[39m  [43mVite[49m [33msrc/components/ui/popover.tsx (1:0): Error when using sourcemap[39m
[90m│[39m  [33mfor reporting an error: Can't resolve original location of error.[39m
[90m│[39m
[33m▲[39m  [43mVite[49m [33msrc/components/ui/popover.tsx (1:0): Module level directives[39m
[90m│[39m  [33mcause errors when bundled, "use client" in[39m
[90m│[39m  [33m"src/components/ui/popover.tsx" was ignored.[39m
[90m│[39m
[33m▲[39m  [43mVite[49m [33msrc/modules/listings/components/FavoriteButton.tsx (1:0): Error[39m
[90m│[39m  [33mwhen using sourcemap for reporting an error: Can't resolve original[39m
[90m│[39m  [33mlocation of error.[39m
[90m│[39m
[33m▲[39m  [43mVite[49m [33msrc/modules/listings/components/FavoriteButton.tsx (1:0): Module[39m
[90m│[39m  [33mlevel directives cause errors when bundled, "use client" in[39m
[90m│[39m  [33m"src/modules/listings/components/FavoriteButton.tsx" was ignored.[39m
[90m│[39m
[33m▲[39m  [43mVite[49m [33msrc/components/shared/LocationCombobox.tsx (1:0): Error when[39m
[90m│[39m  [33musing sourcemap for reporting an error: Can't resolve original[39m
[90m│[39m  [33mlocation of error.[39m
[90m│[39m
[33m▲[39m  [43mVite[49m [33msrc/components/shared/LocationCombobox.tsx (1:0): Module level[39m
[90m│[39m  [33mdirectives cause errors when bundled, "use client" in[39m
[90m│[39m  [33m"src/components/shared/LocationCombobox.tsx" was ignored.[39m
[90m│[39m
[33m▲[39m  [43mVite[49m [33msrc/components/layout/HeaderView.tsx (1:0): Error when using[39m
[90m│[39m  [33msourcemap for reporting an error: Can't resolve original location of[39m
[90m│[39m  [33merror.[39m
[90m│[39m
[33m▲[39m  [43mVite[49m [33msrc/components/layout/HeaderView.tsx (1:0): Module level[39m
[90m│[39m  [33mdirectives cause errors when bundled, "use client" in[39m
[90m│[39m  [33m"src/components/layout/HeaderView.tsx" was ignored.[39m
[90m│[39m
[33m▲[39m  [43mVite[49m [33msrc/components/layout/MobileBottomNavView.tsx (1:0): Error when[39m
[90m│[39m  [33musing sourcemap for reporting an error: Can't resolve original[39m
[90m│[39m  [33mlocation of error.[39m
[90m│[39m
[33m▲[39m  [43mVite[49m [33msrc/components/layout/MobileBottomNavView.tsx (1:0): Module level[39m
[90m│[39m  [33mdirectives cause errors when bundled, "use client" in[39m
[90m│[39m  [33m"src/components/layout/MobileBottomNavView.tsx" was ignored.[39m
[90m│[39m
[33m▲[39m  [43mVite[49m [33msrc/modules/listings/components/ListingFormShellView.tsx (1:0):[39m
[90m│[39m  [33mError when using sourcemap for reporting an error: Can't resolve[39m
[90m│[39m  [33moriginal location of error.[39m
[90m│[39m
[33m▲[39m  [43mVite[49m [33msrc/modules/listings/components/ListingFormShellView.tsx (1:0):[39m
[90m│[39m  [33mModule level directives cause errors when bundled, "use client" in[39m
[90m│[39m  [33m"src/modules/listings/components/ListingFormShellView.tsx" was[39m
[90m│[39m  [33mignored.[39m
[90m│[39m
[33m▲[39m  [43mVite[49m [33msrc/components/admin/AdminSettings.tsx (1:0): Error when using[39m
[90m│[39m  [33msourcemap for reporting an error: Can't resolve original location of[39m
[90m│[39m  [33merror.[39m
[90m│[39m
[33m▲[39m  [43mVite[49m [33msrc/components/admin/AdminSettings.tsx (1:0): Module level[39m
[90m│[39m  [33mdirectives cause errors when bundled, "use client" in[39m
[90m│[39m  [33m"src/components/admin/AdminSettings.tsx" was ignored.[39m
[90m│[39m
[33m▲[39m  [43mVite[49m [33msrc/components/admin/AdminMobileHeader.tsx (1:0): Error when[39m
[90m│[39m  [33musing sourcemap for reporting an error: Can't resolve original[39m
[90m│[39m  [33mlocation of error.[39m
[90m│[39m
[33m▲[39m  [43mVite[49m [33msrc/components/admin/AdminMobileHeader.tsx (1:0): Module level[39m
[90m│[39m  [33mdirectives cause errors when bundled, "use client" in[39m
[90m│[39m  [33m"src/components/admin/AdminMobileHeader.tsx" was ignored.[39m
[90m│[39m
[33m▲[39m  [43mVite[49m [33msrc/modules/listings/components/FeaturedListingsView.tsx (1:0):[39m
[90m│[39m  [33mError when using sourcemap for reporting an error: Can't resolve[39m
[90m│[39m  [33moriginal location of error.[39m
[90m│[39m
[33m▲[39m  [43mVite[49m [33msrc/modules/listings/components/FeaturedListingsView.tsx (1:0):[39m
[90m│[39m  [33mModule level directives cause errors when bundled, "use client" in[39m
[90m│[39m  [33m"src/modules/listings/components/FeaturedListingsView.tsx" was[39m
[90m│[39m  [33mignored.[39m
[90m│[39m
[33m▲[39m  [43mVite[49m [33msrc/components/admin/AdminCardList.tsx (1:0): Error when using[39m
[90m│[39m  [33msourcemap for reporting an error: Can't resolve original location of[39m
[90m│[39m  [33merror.[39m
[90m│[39m
[33m▲[39m  [43mVite[49m [33msrc/components/admin/AdminCardList.tsx (1:0): Module level[39m
[90m│[39m  [33mdirectives cause errors when bundled, "use client" in[39m
[90m│[39m  [33m"src/components/admin/AdminCardList.tsx" was ignored.[39m
[90m│[39m
[33m▲[39m  [43mVite[49m [33msrc/components/shared/FiltersPanel.tsx (1:0): Error when using[39m
[90m│[39m  [33msourcemap for reporting an error: Can't resolve original location of[39m
[90m│[39m  [33merror.[39m
[90m│[39m
[33m▲[39m  [43mVite[49m [33msrc/components/shared/FiltersPanel.tsx (1:0): Module level[39m
[90m│[39m  [33mdirectives cause errors when bundled, "use client" in[39m
[90m│[39m  [33m"src/components/shared/FiltersPanel.tsx" was ignored.[39m
[90m│[39m
[33m▲[39m  [43mVite[49m [33msrc/components/admin/StatusChangeHistory.tsx (1:0): Error when[39m
[90m│[39m  [33musing sourcemap for reporting an error: Can't resolve original[39m
[90m│[39m  [33mlocation of error.[39m
[90m│[39m
[33m▲[39m  [43mVite[49m [33msrc/components/admin/StatusChangeHistory.tsx (1:0): Module level[39m
[90m│[39m  [33mdirectives cause errors when bundled, "use client" in[39m
[90m│[39m  [33m"src/components/admin/StatusChangeHistory.tsx" was ignored.[39m
[90m│[39m
[33m▲[39m  [43mVite[49m [33msrc/components/shared/LocaleSwitcher.tsx (1:0): Error when using[39m
[90m│[39m  [33msourcemap for reporting an error: Can't resolve original location of[39m
[90m│[39m  [33merror.[39m
[90m│[39m
[33m▲[39m  [43mVite[49m [33msrc/components/shared/LocaleSwitcher.tsx (1:0): Module level[39m
[90m│[39m  [33mdirectives cause errors when bundled, "use client" in[39m
[90m│[39m  [33m"src/components/shared/LocaleSwitcher.tsx" was ignored.[39m
[90m│[39m
[33m▲[39m  [43mVite[49m [33msrc/components/admin/AdminReportsManager.tsx (1:0): Error when[39m
[90m│[39m  [33musing sourcemap for reporting an error: Can't resolve original[39m
[90m│[39m  [33mlocation of error.[39m
[90m│[39m
[33m▲[39m  [43mVite[49m [33msrc/components/admin/AdminReportsManager.tsx (1:0): Module level[39m
[90m│[39m  [33mdirectives cause errors when bundled, "use client" in[39m
[90m│[39m  [33m"src/components/admin/AdminReportsManager.tsx" was ignored.[39m
[90m│[39m
[33m▲[39m  [43mVite[49m [33msrc/components/admin/AdminPropertyTypesManager.tsx (1:0): Error[39m
[90m│[39m  [33mwhen using sourcemap for reporting an error: Can't resolve original[39m
[90m│[39m  [33mlocation of error.[39m
[90m│[39m
[33m▲[39m  [43mVite[49m [33msrc/components/admin/AdminPropertyTypesManager.tsx (1:0): Module[39m
[90m│[39m  [33mlevel directives cause errors when bundled, "use client" in[39m
[90m│[39m  [33m"src/components/admin/AdminPropertyTypesManager.tsx" was ignored.[39m
[90m│[39m
[33m▲[39m  [43mVite[49m [33msrc/modules/listings/components/SaveSearchButton.tsx (1:0): Error[39m
[90m│[39m  [33mwhen using sourcemap for reporting an error: Can't resolve original[39m
[90m│[39m  [33mlocation of error.[39m
[90m│[39m
[33m▲[39m  [43mVite[49m [33msrc/modules/listings/components/SaveSearchButton.tsx (1:0):[39m
[90m│[39m  [33mModule level directives cause errors when bundled, "use client" in[39m
[90m│[39m  [33m"src/modules/listings/components/SaveSearchButton.tsx" was ignored.[39m
[90m│[39m
[33m▲[39m  [43mVite[49m [33msrc/components/shared/HowItWorksSteps.tsx (1:0): Error when using[39m
[90m│[39m  [33msourcemap for reporting an error: Can't resolve original location of[39m
[90m│[39m  [33merror.[39m
[90m│[39m
[33m▲[39m  [43mVite[49m [33msrc/components/shared/HowItWorksSteps.tsx (1:0): Module level[39m
[90m│[39m  [33mdirectives cause errors when bundled, "use client" in[39m
[90m│[39m  [33m"src/components/shared/HowItWorksSteps.tsx" was ignored.[39m
[90m│[39m
[33m▲[39m  [43mVite[49m [33msrc/components/ui/tabs.tsx (1:0): Error when using sourcemap for[39m
[90m│[39m  [33mreporting an error: Can't resolve original location of error.[39m
[90m│[39m
[33m▲[39m  [43mVite[49m [33msrc/components/ui/tabs.tsx (1:0): Module level directives cause[39m
[90m│[39m  [33merrors when bundled, "use client" in "src/components/ui/tabs.tsx" was[39m
[90m│[39m  [33mignored.[39m
[90m│[39m
[33m▲[39m  [43mVite[49m [33msrc/modules/listings/components/ListingsFilterBar.tsx (1:0):[39m
[90m│[39m  [33mError when using sourcemap for reporting an error: Can't resolve[39m
[90m│[39m  [33moriginal location of error.[39m
[90m│[39m
[33m▲[39m  [43mVite[49m [33msrc/modules/listings/components/ListingsFilterBar.tsx (1:0):[39m
[90m│[39m  [33mModule level directives cause errors when bundled, "use client" in[39m
[90m│[39m  [33m"src/modules/listings/components/ListingsFilterBar.tsx" was ignored.[39m
[90m│[39m
[33m▲[39m  [43mVite[49m [33msrc/components/admin/AdminPermissionsManager.tsx (1:0): Error[39m
[90m│[39m  [33mwhen using sourcemap for reporting an error: Can't resolve original[39m
[90m│[39m  [33mlocation of error.[39m
[90m│[39m
[33m▲[39m  [43mVite[49m [33msrc/components/admin/AdminPermissionsManager.tsx (1:0): Module[39m
[90m│[39m  [33mlevel directives cause errors when bundled, "use client" in[39m
[90m│[39m  [33m"src/components/admin/AdminPermissionsManager.tsx" was ignored.[39m
[90m│[39m
[33m▲[39m  [43mVite[49m [33msrc/components/admin/AdminPageShell.tsx (1:0): Error when using[39m
[90m│[39m  [33msourcemap for reporting an error: Can't resolve original location of[39m
[90m│[39m  [33merror.[39m
[90m│[39m
[33m▲[39m  [43mVite[49m [33msrc/components/admin/AdminPageShell.tsx (1:0): Module level[39m
[90m│[39m  [33mdirectives cause errors when bundled, "use client" in[39m
[90m│[39m  [33m"src/components/admin/AdminPageShell.tsx" was ignored.[39m
[90m│[39m
[33m▲[39m  [43mVite[49m [33msrc/components/admin/AdminEmailTemplatesManager.tsx (1:0): Error[39m
[90m│[39m  [33mwhen using sourcemap for reporting an error: Can't resolve original[39m
[90m│[39m  [33mlocation of error.[39m
[90m│[39m
[33m▲[39m  [43mVite[49m [33msrc/components/admin/AdminEmailTemplatesManager.tsx (1:0): Module[39m
[90m│[39m  [33mlevel directives cause errors when bundled, "use client" in[39m
[90m│[39m  [33m"src/components/admin/AdminEmailTemplatesManager.tsx" was ignored.[39m
[90m│[39m
[33m▲[39m  [43mVite[49m [33msrc/modules/listings/components/ListingsSortBar.tsx (1:0): Error[39m
[90m│[39m  [33mwhen using sourcemap for reporting an error: Can't resolve original[39m
[90m│[39m  [33mlocation of error.[39m
[90m│[39m
[33m▲[39m  [43mVite[49m [33msrc/modules/listings/components/ListingsSortBar.tsx (1:0): Module[39m
[90m│[39m  [33mlevel directives cause errors when bundled, "use client" in[39m
[90m│[39m  [33m"src/modules/listings/components/ListingsSortBar.tsx" was ignored.[39m
[90m│[39m
[33m▲[39m  [43mVite[49m [33msrc/components/admin/AdminUsersTable.tsx (1:0): Error when using[39m
[90m│[39m  [33msourcemap for reporting an error: Can't resolve original location of[39m
[90m│[39m  [33merror.[39m
[90m│[39m
[33m▲[39m  [43mVite[49m [33msrc/components/admin/AdminUsersTable.tsx (1:0): Module level[39m
[90m│[39m  [33mdirectives cause errors when bundled, "use client" in[39m
[90m│[39m  [33m"src/components/admin/AdminUsersTable.tsx" was ignored.[39m
[90m│[39m
[33m▲[39m  [43mVite[49m [33msrc/components/admin/AdminSupportManager.tsx (1:0): Error when[39m
[90m│[39m  [33musing sourcemap for reporting an error: Can't resolve original[39m
[90m│[39m  [33mlocation of error.[39m
[90m│[39m
[33m▲[39m  [43mVite[49m [33msrc/components/admin/AdminSupportManager.tsx (1:0): Module level[39m
[90m│[39m  [33mdirectives cause errors when bundled, "use client" in[39m
[90m│[39m  [33m"src/components/admin/AdminSupportManager.tsx" was ignored.[39m
[90m│[39m
[33m▲[39m  [43mVite[49m [33msrc/components/admin/AdminUserProfile.tsx (1:0): Error when using[39m
[90m│[39m  [33msourcemap for reporting an error: Can't resolve original location of[39m
[90m│[39m  [33merror.[39m
[90m│[39m
[33m▲[39m  [43mVite[49m [33msrc/components/admin/AdminUserProfile.tsx (1:0): Module level[39m
[90m│[39m  [33mdirectives cause errors when bundled, "use client" in[39m
[90m│[39m  [33m"src/components/admin/AdminUserProfile.tsx" was ignored.[39m
[90m│[39m
[33m▲[39m  [43mVite[49m [33mnode_modules/@mantine/core/esm/core/utils/keys/keys.mjs (1:0):[39m
[90m│[39m  [33mModule level directives cause errors when bundled, "use client" in[39m
[90m│[39m  [33m"node_modules/@mantine/core/esm/core/utils/keys/keys.mjs" was ignored.[39m
[90m│[39m
[33m▲[39m  [43mVite[49m
[90m│[39m  [33mnode_modules/@mantine/core/esm/core/utils/camel-to-kebab-case/camel-to-kebab-case.mjs[39m
[90m│[39m  [33m(1:0): Module level directives cause errors when bundled, "use client"[39m
[90m│[39m  [33min[39m
[90m│[39m  [33m"node_modules/@mantine/core/esm/core/utils/camel-to-kebab-case/camel-to-kebab-case.mjs"[39m
[90m│[39m  [33mwas ignored.[39m
[90m│[39m
[33m▲[39m  [43mVite[49m
[90m│[39m  [33mnode_modules/@mantine/core/esm/core/utils/is-element/is-element.mjs[39m
[90m│[39m  [33m(1:0): Module level directives cause errors when bundled, "use client"[39m
[90m│[39m  [33min[39m
[90m│[39m  [33m"node_modules/@mantine/core/esm/core/utils/is-element/is-element.mjs"[39m
[90m│[39m  [33mwas ignored.[39m
[90m│[39m
[33m▲[39m  [43mVite[49m
[90m│[39m  [33mnode_modules/@mantine/core/esm/core/utils/create-safe-context/create-safe-context.mjs[39m
[90m│[39m  [33m(1:0): Module level directives cause errors when bundled, "use client"[39m
[90m│[39m  [33min[39m
[90m│[39m  [33m"node_modules/@mantine/core/esm/core/utils/create-safe-context/create-safe-context.mjs"[39m
[90m│[39m  [33mwas ignored.[39m
[90m│[39m
[33m▲[39m  [43mVite[49m
[90m│[39m  [33mnode_modules/@mantine/core/esm/core/utils/get-safe-id/get-safe-id.mjs[39m
[90m│[39m  [33m(1:0): Module level directives cause errors when bundled, "use client"[39m
[90m│[39m  [33min[39m
[90m│[39m  [33m"node_modules/@mantine/core/esm/core/utils/get-safe-id/get-safe-id.mjs"[39m
[90m│[39m  [33mwas ignored.[39m
[90m│[39m
[33m▲[39m  [43mVite[49m
[90m│[39m  [33mnode_modules/@mantine/core/esm/core/utils/create-optional-context/create-optional-context.mjs[39m
[90m│[39m  [33m(1:0): Module level directives cause errors when bundled, "use client"[39m
[90m│[39m  [33min[39m
[90m│[39m  [33m"node_modules/@mantine/core/esm/core/utils/create-optional-context/create-optional-context.mjs"[39m
[90m│[39m  [33mwas ignored.[39m
[90m│[39m
[33m▲[39m  [43mVite[49m
[90m│[39m  [33mnode_modules/@mantine/core/esm/core/utils/is-number-like/is-number-like.mjs[39m
[90m│[39m  [33m(1:0): Module level directives cause errors when bundled, "use client"[39m
[90m│[39m  [33min[39m
[90m│[39m  [33m"node_modules/@mantine/core/esm/core/utils/is-number-like/is-number-like.mjs"[39m
[90m│[39m  [33mwas ignored.[39m
[90m│[39m
[33m▲[39m  [43mVite[49m
[90m│[39m  [33mnode_modules/@mantine/core/esm/core/utils/create-scoped-keydown-handler/create-scoped-keydown-handler.mjs[39m
[90m│[39m  [33m(1:0): Module level directives cause errors when bundled, "use client"[39m
[90m│[39m  [33min[39m
[90m│[39m  [33m"node_modules/@mantine/core/esm/core/utils/create-scoped-keydown-handler/create-scoped-keydown-handler.mjs"[39m
[90m│[39m  [33mwas ignored.[39m
[90m│[39m
[33m▲[39m  [43mVite[49m
[90m│[39m  [33mnode_modules/@mantine/core/esm/core/utils/find-element-ancestor/find-element-ancestor.mjs[39m
[90m│[39m  [33m(1:0): Module level directives cause errors when bundled, "use client"[39m
[90m│[39m  [33min[39m
[90m│[39m  [33m"node_modules/@mantine/core/esm/core/utils/find-element-ancestor/find-element-ancestor.mjs"[39m
[90m│[39m  [33mwas ignored.[39m
[90m│[39m
[33m▲[39m  [43mVite[49m
[90m│[39m  [33mnode_modules/@mantine/core/esm/core/utils/get-default-z-index/get-default-z-index.mjs[39m
[90m│[39m  [33m(1:0): Module level directives cause errors when bundled, "use client"[39m
[90m│[39m  [33min[39m
[90m│[39m  [33m"node_modules/@mantine/core/esm/core/utils/get-default-z-index/get-default-z-index.mjs"[39m
[90m│[39m  [33mwas ignored.[39m
[90m│[39m
[33m▲[39m  [43mVite[49m
[90m│[39m  [33mnode_modules/@mantine/core/esm/core/utils/create-event-handler/create-event-handler.mjs[39m
[90m│[39m  [33m(1:0): Module level directives cause errors when bundled, "use client"[39m
[90m│[39m  [33min[39m
[90m│[39m  [33m"node_modules/@mantine/core/esm/core/utils/create-event-handler/create-event-handler.mjs"[39m
[90m│[39m  [33mwas ignored.[39m
[90m│[39m
[33m▲[39m  [43mVite[49m
[90m│[39m  [33mnode_modules/@mantine/core/esm/core/utils/close-on-escape/close-on-escape.mjs[39m
[90m│[39m  [33m(1:0): Module level directives cause errors when bundled, "use client"[39m
[90m│[39m  [33min[39m
[90m│[39m  [33m"node_modules/@mantine/core/esm/core/utils/close-on-escape/close-on-escape.mjs"[39m
[90m│[39m  [33mwas ignored.[39m
[90m│[39m
[33m▲[39m  [43mVite[49m
[90m│[39m  [33mnode_modules/@mantine/core/esm/core/utils/get-context-item-index/get-context-item-index.mjs[39m
[90m│[39m  [33m(1:0): Module level directives cause errors when bundled, "use client"[39m
[90m│[39m  [33min[39m
[90m│[39m  [33m"node_modules/@mantine/core/esm/core/utils/get-context-item-index/get-context-item-index.mjs"[39m
[90m│[39m  [33mwas ignored.[39m
[90m│[39m
[33m▲[39m  [43mVite[49m
[90m│[39m  [33mnode_modules/@mantine/core/esm/core/utils/filter-props/filter-props.mjs[39m
[90m│[39m  [33m(1:0): Module level directives cause errors when bundled, "use client"[39m
[90m│[39m  [33min[39m
[90m│[39m  [33m"node_modules/@mantine/core/esm/core/utils/filter-props/filter-props.mjs"[39m
[90m│[39m  [33mwas ignored.[39m
[90m│[39m
[33m▲[39m  [43mVite[49m [33mnode_modules/@mantine/core/esm/core/utils/noop/noop.mjs (1:0):[39m
[90m│[39m  [33mModule level directives cause errors when bundled, "use client" in[39m
[90m│[39m  [33m"node_modules/@mantine/core/esm/core/utils/noop/noop.mjs" was ignored.[39m
[90m│[39m
[33m▲[39m  [43mVite[49m
[90m│[39m  [33mnode_modules/@mantine/core/esm/core/utils/get-breakpoint-value/get-breakpoint-value.mjs[39m
[90m│[39m  [33m(1:0): Module level directives cause errors when bundled, "use client"[39m
[90m│[39m  [33min[39m
[90m│[39m  [33m"node_modules/@mantine/core/esm/core/utils/get-breakpoint-value/get-breakpoint-value.mjs"[39m
[90m│[39m  [33mwas ignored.[39m
[90m│[39m
[33m▲[39m  [43mVite[49m [33mnode_modules/@mantine/core/esm/core/utils/get-size/get-size.mjs[39m
[90m│[39m  [33m(1:0): Module level directives cause errors when bundled, "use client"[39m
[90m│[39m  [33min "node_modules/@mantine/core/esm/core/utils/get-size/get-size.mjs"[39m
[90m│[39m  [33mwas ignored.[39m
[90m│[39m
[33m▲[39m  [43mVite[49m
[90m│[39m  [33mnode_modules/@mantine/core/esm/core/utils/use-hovered/use-hovered.mjs[39m
[90m│[39m  [33m(1:0): Module level directives cause errors when bundled, "use client"[39m
[90m│[39m  [33min[39m
[90m│[39m  [33m"node_modules/@mantine/core/esm/core/utils/use-hovered/use-hovered.mjs"[39m
[90m│[39m  [33mwas ignored.[39m
[90m│[39m
[33m▲[39m  [43mVite[49m
[90m│[39m  [33mnode_modules/@mantine/core/esm/core/utils/get-base-value/get-base-value.mjs[39m
[90m│[39m  [33m(1:0): Module level directives cause errors when bundled, "use client"[39m
[90m│[39m  [33min[39m
[90m│[39m  [33m"node_modules/@mantine/core/esm/core/utils/get-base-value/get-base-value.mjs"[39m
[90m│[39m  [33mwas ignored.[39m
[90m│[39m
[33m▲[39m  [43mVite[49m
[90m│[39m  [33mnode_modules/@mantine/core/esm/core/utils/get-sorted-breakpoints/get-sorted-breakpoints.mjs[39m
[90m│[39m  [33m(1:0): Module level directives cause errors when bundled, "use client"[39m
[90m│[39m  [33min[39m
[90m│[39m  [33m"node_modules/@mantine/core/esm/core/utils/get-sorted-breakpoints/get-sorted-breakpoints.mjs"[39m
[90m│[39m  [33mwas ignored.[39m
[90m│[39m
[33m▲[39m  [43mVite[49m
[90m│[39m  [33mnode_modules/@mantine/core/esm/core/utils/create-use-external-events/create-use-external-events.mjs[39m
[90m│[39m  [33m(1:0): Module level directives cause errors when bundled, "use client"[39m
[90m│[39m  [33min[39m
[90m│[39m  [33m"node_modules/@mantine/core/esm/core/utils/create-use-external-events/create-use-external-events.mjs"[39m
[90m│[39m  [33mwas ignored.[39m
[90m│[39m
[33m▲[39m  [43mVite[49m [33mnode_modules/@mantine/core/esm/core/utils/memoize/memoize.mjs[39m
[90m│[39m  [33m(1:0): Module level directives cause errors when bundled, "use client"[39m
[90m│[39m  [33min "node_modules/@mantine/core/esm/core/utils/memoize/memoize.mjs" was[39m
[90m│[39m  [33mignored.[39m
[90m│[39m
[33m▲[39m  [43mVite[49m
[90m│[39m  [33mnode_modules/@mantine/core/esm/core/utils/find-closest-number/find-closest-number.mjs[39m
[90m│[39m  [33m(1:0): Module level directives cause errors when bundled, "use client"[39m
[90m│[39m  [33min[39m
[90m│[39m  [33m"node_modules/@mantine/core/esm/core/utils/find-closest-number/find-closest-number.mjs"[39m
[90m│[39m  [33mwas ignored.[39m
[90m│[39m
[33m▲[39m  [43mVite[49m
[90m│[39m  [33mnode_modules/@mantine/core/esm/core/utils/get-ref-prop/get-ref-prop.mjs[39m
[90m│[39m  [33m(1:0): Module level directives cause errors when bundled, "use client"[39m
[90m│[39m  [33min[39m
[90m│[39m  [33m"node_modules/@mantine/core/esm/core/utils/get-ref-prop/get-ref-prop.mjs"[39m
[90m│[39m  [33mwas ignored.[39m
[90m│[39m
[33m▲[39m  [43mVite[49m
[90m│[39m  [33mnode_modules/@mantine/core/esm/core/utils/get-single-element-child/get-single-element-child.mjs[39m
[90m│[39m  [33m(1:0): Module level directives cause errors when bundled, "use client"[39m
[90m│[39m  [33min[39m
[90m│[39m  [33m"node_modules/@mantine/core/esm/core/utils/get-single-element-child/get-single-element-child.mjs"[39m
[90m│[39m  [33mwas ignored.[39m
[90m│[39m
[33m▲[39m  [43mVite[49m
[90m│[39m  [33mnode_modules/@mantine/core/esm/core/styles-api/use-styles/get-class-name/resolve-class-names/resolve-class-names.mjs[39m
[90m│[39m  [33m(1:0): Module level directives cause errors when bundled, "use client"[39m
[90m│[39m  [33min[39m
[90m│[39m  [33m"node_modules/@mantine/core/esm/core/styles-api/use-styles/get-class-name/resolve-class-names/resolve-class-names.mjs"[39m
[90m│[39m  [33mwas ignored.[39m
[90m│[39m
[33m▲[39m  [43mVite[49m
[90m│[39m  [33mnode_modules/@mantine/core/esm/core/styles-api/create-vars-resolver/create-vars-resolver.mjs[39m
[90m│[39m  [33m(1:0): Module level directives cause errors when bundled, "use client"[39m
[90m│[39m  [33min[39m
[90m│[39m  [33m"node_modules/@mantine/core/esm/core/styles-api/create-vars-resolver/create-vars-resolver.mjs"[39m
[90m│[39m  [33mwas ignored.[39m
[90m│[39m
[33m▲[39m  [43mVite[49m
[90m│[39m  [33mnode_modules/@mantine/core/esm/core/utils/find-element-in-shadow-dom/find-element-in-shadow-dom.mjs[39m
[90m│[39m  [33m(1:0): Module level directives cause errors when bundled, "use client"[39m
[90m│[39m  [33min[39m
[90m│[39m  [33m"node_modules/@mantine/core/esm/core/utils/find-element-in-shadow-dom/find-element-in-shadow-dom.mjs"[39m
[90m│[39m  [33mwas ignored.[39m
[90m│[39m
[33m▲[39m  [43mVite[49m
[90m│[39m  [33mnode_modules/@mantine/core/esm/core/styles-api/use-styles/get-style/resolve-styles/resolve-styles.mjs[39m
[90m│[39m  [33m(1:0): Module level directives cause errors when bundled, "use client"[39m
[90m│[39m  [33min[39m
[90m│[39m  [33m"node_modules/@mantine/core/esm/core/styles-api/use-styles/get-style/resolve-styles/resolve-styles.mjs"[39m
[90m│[39m  [33mwas ignored.[39m
[90m│[39m
[33m▲[39m  [43mVite[49m
[90m│[39m  [33mnode_modules/@mantine/core/esm/core/styles-api/use-resolved-styles-api/use-resolved-styles-api.mjs[39m
[90m│[39m  [33m(1:0): Module level directives cause errors when bundled, "use client"[39m
[90m│[39m  [33min[39m
[90m│[39m  [33m"node_modules/@mantine/core/esm/core/styles-api/use-resolved-styles-api/use-resolved-styles-api.mjs"[39m
[90m│[39m  [33mwas ignored.[39m
[90m│[39m
[33m▲[39m  [43mVite[49m
[90m│[39m  [33mnode_modules/@mantine/core/esm/core/styles-api/use-styles/use-styles.mjs[39m
[90m│[39m  [33m(1:0): Module level directives cause errors when bundled, "use client"[39m
[90m│[39m  [33min[39m
[90m│[39m  [33m"node_modules/@mantine/core/esm/core/styles-api/use-styles/use-styles.mjs"[39m
[90m│[39m  [33mwas ignored.[39m
[90m│[39m
[33m▲[39m  [43mVite[49m
[90m│[39m  [33mnode_modules/@mantine/core/esm/core/styles-api/use-styles/get-class-name/get-global-class-names/get-global-class-names.mjs[39m
[90m│[39m  [33m(1:0): Module level directives cause errors when bundled, "use client"[39m
[90m│[39m  [33min[39m
[90m│[39m  [33m"node_modules/@mantine/core/esm/core/styles-api/use-styles/get-class-name/get-global-class-names/get-global-class-names.mjs"[39m
[90m│[39m  [33mwas ignored.[39m
[90m│[39m
[33m▲[39m  [43mVite[49m
[90m│[39m  [33mnode_modules/@mantine/core/esm/core/MantineProvider/color-functions/get-primary-shade/get-primary-shade.mjs[39m
[90m│[39m  [33m(1:0): Module level directives cause errors when bundled, "use client"[39m
[90m│[39m  [33min[39m
[90m│[39m  [33m"node_modules/@mantine/core/esm/core/MantineProvider/color-functions/get-primary-shade/get-primary-shade.mjs"[39m
[90m│[39m  [33mwas ignored.[39m
[90m│[39m
[33m▲[39m  [43mVite[49m
[90m│[39m  [33mnode_modules/@mantine/core/esm/core/MantineProvider/color-scheme-managers/is-mantine-color-scheme.mjs[39m
[90m│[39m  [33m(1:0): Module level directives cause errors when bundled, "use client"[39m
[90m│[39m  [33min[39m
[90m│[39m  [33m"node_modules/@mantine/core/esm/core/MantineProvider/color-scheme-managers/is-mantine-color-scheme.mjs"[39m
[90m│[39m  [33mwas ignored.[39m
[90m│[39m
[33m▲[39m  [43mVite[49m
[90m│[39m  [33mnode_modules/@mantine/core/esm/core/MantineProvider/color-functions/parse-theme-color/parse-theme-color.mjs[39m
[90m│[39m  [33m(1:0): Module level directives cause errors when bundled, "use client"[39m
[90m│[39m  [33min[39m
[90m│[39m  [33m"node_modules/@mantine/core/esm/core/MantineProvider/color-functions/parse-theme-color/parse-theme-color.mjs"[39m
[90m│[39m  [33mwas ignored.[39m
[90m│[39m
[33m▲[39m  [43mVite[49m
[90m│[39m  [33mnode_modules/@mantine/core/esm/core/MantineProvider/color-functions/get-theme-color/get-theme-color.mjs[39m
[90m│[39m  [33m(1:0): Module level directives cause errors when bundled, "use client"[39m
[90m│[39m  [33min[39m
[90m│[39m  [33m"node_modules/@mantine/core/esm/core/MantineProvider/color-functions/get-theme-color/get-theme-color.mjs"[39m
[90m│[39m  [33mwas ignored.[39m
[90m│[39m
[33m▲[39m  [43mVite[49m
[90m│[39m  [33mnode_modules/@mantine/core/esm/core/MantineProvider/color-scheme-managers/local-storage-manager.mjs[39m
[90m│[39m  [33m(1:0): Module level directives cause errors when bundled, "use client"[39m
[90m│[39m  [33min[39m
[90m│[39m  [33m"node_modules/@mantine/core/esm/core/MantineProvider/color-scheme-managers/local-storage-manager.mjs"[39m
[90m│[39m  [33mwas ignored.[39m
[90m│[39m
[33m▲[39m  [43mVite[49m
[90m│[39m  [33mnode_modules/@mantine/core/esm/core/MantineProvider/color-functions/get-gradient/get-gradient.mjs[39m
[90m│[39m  [33m(1:0): Module level directives cause errors when bundled, "use client"[39m
[90m│[39m  [33min[39m
[90m│[39m  [33m"node_modules/@mantine/core/esm/core/MantineProvider/color-functions/get-gradient/get-gradient.mjs"[39m
[90m│[39m  [33mwas ignored.[39m
[90m│[39m
[33m▲[39m  [43mVite[49m
[90m│[39m  [33mnode_modules/@mantine/core/esm/core/MantineProvider/color-functions/default-variant-colors-resolver/default-variant-colors-resolver.mjs[39m
[90m│[39m  [33m(1:0): Module level directives cause errors when bundled, "use client"[39m
[90m│[39m  [33min[39m
[90m│[39m  [33m"node_modules/@mantine/core/esm/core/MantineProvider/color-functions/default-variant-colors-resolver/default-variant-colors-resolver.mjs"[39m
[90m│[39m  [33mwas ignored.[39m
[90m│[39m
[33m▲[39m  [43mVite[49m
[90m│[39m  [33mnode_modules/@mantine/core/esm/core/MantineProvider/color-functions/get-contrast-color/get-contrast-color.mjs[39m
[90m│[39m  [33m(1:0): Module level directives cause errors when bundled, "use client"[39m
[90m│[39m  [33min[39m
[90m│[39m  [33m"node_modules/@mantine/core/esm/core/MantineProvider/color-functions/get-contrast-color/get-contrast-color.mjs"[39m
[90m│[39m  [33mwas ignored.[39m
[90m│[39m
[33m▲[39m  [43mVite[49m
[90m│[39m  [33mnode_modules/@mantine/core/esm/core/MantineProvider/color-functions/get-auto-contrast-value/get-auto-contrast-value.mjs[39m
[90m│[39m  [33m(1:0): Module level directives cause errors when bundled, "use client"[39m
[90m│[39m  [33min[39m
[90m│[39m  [33m"node_modules/@mantine/core/esm/core/MantineProvider/color-functions/get-auto-contrast-value/get-auto-contrast-value.mjs"[39m
[90m│[39m  [33mwas ignored.[39m
[90m│[39m
[33m▲[39m  [43mVite[49m
[90m│[39m  [33mnode_modules/@mantine/core/esm/core/MantineProvider/use-mantine-color-scheme/use-mantine-color-scheme.mjs[39m
[90m│[39m  [33m(1:0): Module level directives cause errors when bundled, "use client"[39m
[90m│[39m  [33min[39m
[90m│[39m  [33m"node_modules/@mantine/core/esm/core/MantineProvider/use-mantine-color-scheme/use-mantine-color-scheme.mjs"[39m
[90m│[39m  [33mwas ignored.[39m
[90m│[39m
[33m▲[39m  [43mVite[49m
[90m│[39m  [33mnode_modules/@mantine/core/esm/core/MantineProvider/use-mantine-color-scheme/use-provider-color-scheme.mjs[39m
[90m│[39m  [33m(1:0): Module level directives cause errors when bundled, "use client"[39m
[90m│[39m  [33min[39m
[90m│[39m  [33m"node_modules/@mantine/core/esm/core/MantineProvider/use-mantine-color-scheme/use-provider-color-scheme.mjs"[39m
[90m│[39m  [33mwas ignored.[39m
[90m│[39m
[33m▲[39m  [43mVite[49m
[90m│[39m  [33mnode_modules/@mantine/core/esm/core/MantineProvider/use-mantine-color-scheme/use-computed-color-scheme.mjs[39m
[90m│[39m  [33m(1:0): Module level directives cause errors when bundled, "use client"[39m
[90m│[39m  [33min[39m
[90m│[39m  [33m"node_modules/@mantine/core/esm/core/MantineProvider/use-mantine-color-scheme/use-computed-color-scheme.mjs"[39m
[90m│[39m  [33mwas ignored.[39m
[90m│[39m
[33m▲[39m  [43mVite[49m
[90m│[39m  [33mnode_modules/@mantine/core/esm/core/MantineProvider/ColorSchemeScript/ColorSchemeScript.mjs[39m
[90m│[39m  [33m(1:0): Module level directives cause errors when bundled, "use client"[39m
[90m│[39m  [33min[39m
[90m│[39m  [33m"node_modules/@mantine/core/esm/core/MantineProvider/ColorSchemeScript/ColorSchemeScript.mjs"[39m
[90m│[39m  [33mwas ignored.[39m
[90m│[39m
[33m▲[39m  [43mVite[49m
[90m│[39m  [33mnode_modules/@mantine/core/esm/core/MantineProvider/MantineProvider.mjs[39m
[90m│[39m  [33m(1:0): Module level directives cause errors when bundled, "use client"[39m
[90m│[39m  [33min[39m
[90m│[39m  [33m"node_modules/@mantine/core/esm/core/MantineProvider/MantineProvider.mjs"[39m
[90m│[39m  [33mwas ignored.[39m
[90m│[39m
[33m▲[39m  [43mVite[49m
[90m│[39m  [33mnode_modules/@mantine/core/esm/core/MantineProvider/MantineThemeProvider/MantineThemeProvider.mjs[39m
[90m│[39m  [33m(1:0): Module level directives cause errors when bundled, "use client"[39m
[90m│[39m  [33min[39m
[90m│[39m  [33m"node_modules/@mantine/core/esm/core/MantineProvider/MantineThemeProvider/MantineThemeProvider.mjs"[39m
[90m│[39m  [33mwas ignored.[39m
[90m│[39m
[33m▲[39m  [43mVite[49m
[90m│[39m  [33mnode_modules/@mantine/core/esm/core/MantineProvider/Mantine.context.mjs[39m
[90m│[39m  [33m(1:0): Module level directives cause errors when bundled, "use client"[39m
[90m│[39m  [33min[39m
[90m│[39m  [33m"node_modules/@mantine/core/esm/core/MantineProvider/Mantine.context.mjs"[39m
[90m│[39m  [33mwas ignored.[39m
[90m│[39m
[33m▲[39m  [43mVite[49m
[90m│[39m  [33mnode_modules/@mantine/core/esm/core/MantineProvider/use-props/use-props.mjs[39m
[90m│[39m  [33m(1:0): Module level directives cause errors when bundled, "use client"[39m
[90m│[39m  [33min[39m
[90m│[39m  [33m"node_modules/@mantine/core/esm/core/MantineProvider/use-props/use-props.mjs"[39m
[90m│[39m  [33mwas ignored.[39m
[90m│[39m
[33m▲[39m  [43mVite[49m
[90m│[39m  [33mnode_modules/@mantine/core/esm/core/MantineProvider/convert-css-variables/convert-css-variables.mjs[39m
[90m│[39m  [33m(1:0): Module level directives cause errors when bundled, "use client"[39m
[90m│[39m  [33min[39m
[90m│[39m  [33m"node_modules/@mantine/core/esm/core/MantineProvider/convert-css-variables/convert-css-variables.mjs"[39m
[90m│[39m  [33mwas ignored.[39m
[90m│[39m
[33m▲[39m  [43mVite[49m
[90m│[39m  [33mnode_modules/@mantine/core/esm/core/MantineProvider/MantineCssVariables/default-css-variables-resolver.mjs[39m
[90m│[39m  [33m(1:0): Module level directives cause errors when bundled, "use client"[39m
[90m│[39m  [33min[39m
[90m│[39m  [33m"node_modules/@mantine/core/esm/core/MantineProvider/MantineCssVariables/default-css-variables-resolver.mjs"[39m
[90m│[39m  [33mwas ignored.[39m
[90m│[39m
[33m▲[39m  [43mVite[49m
[90m│[39m  [33mnode_modules/@mantine/core/esm/core/MantineProvider/MantineCssVariables/get-css-color-variables.mjs[39m
[90m│[39m  [33m(1:0): Module level directives cause errors when bundled, "use client"[39m
[90m│[39m  [33min[39m
[90m│[39m  [33m"node_modules/@mantine/core/esm/core/MantineProvider/MantineCssVariables/get-css-color-variables.mjs"[39m
[90m│[39m  [33mwas ignored.[39m
[90m│[39m
[33m▲[39m  [43mVite[49m
[90m│[39m  [33mnode_modules/@mantine/core/esm/core/MantineProvider/use-matches/use-matches.mjs[39m
[90m│[39m  [33m(1:0): Module level directives cause errors when bundled, "use client"[39m
[90m│[39m  [33min[39m
[90m│[39m  [33m"node_modules/@mantine/core/esm/core/MantineProvider/use-matches/use-matches.mjs"[39m
[90m│[39m  [33mwas ignored.[39m
[90m│[39m
[33m▲[39m  [43mVite[49m
[90m│[39m  [33mnode_modules/@mantine/core/esm/core/Box/style-props/extract-style-props/extract-style-props.mjs[39m
[90m│[39m  [33m(1:0): Module level directives cause errors when bundled, "use client"[39m
[90m│[39m  [33min[39m
[90m│[39m  [33m"node_modules/@mantine/core/esm/core/Box/style-props/extract-style-props/extract-style-props.mjs"[39m
[90m│[39m  [33mwas ignored.[39m
[90m│[39m
[33m▲[39m  [43mVite[49m
[90m│[39m  [33mnode_modules/@mantine/core/esm/core/MantineProvider/MantineCssVariables/MantineCssVariables.mjs[39m
[90m│[39m  [33m(1:0): Module level directives cause errors when bundled, "use client"[39m
[90m│[39m  [33min[39m
[90m│[39m  [33m"node_modules/@mantine/core/esm/core/MantineProvider/MantineCssVariables/MantineCssVariables.mjs"[39m
[90m│[39m  [33mwas ignored.[39m
[90m│[39m
[33m▲[39m  [43mVite[49m
[90m│[39m  [33mnode_modules/@mantine/core/esm/core/Box/style-props/style-props-data.mjs[39m
[90m│[39m  [33m(1:0): Module level directives cause errors when bundled, "use client"[39m
[90m│[39m  [33min[39m
[90m│[39m  [33m"node_modules/@mantine/core/esm/core/Box/style-props/style-props-data.mjs"[39m
[90m│[39m  [33mwas ignored.[39m
[90m│[39m
[33m▲[39m  [43mVite[49m
[90m│[39m  [33mnode_modules/@mantine/core/esm/core/Box/style-props/parse-style-props/parse-style-props.mjs[39m
[90m│[39m  [33m(1:0): Module level directives cause errors when bundled, "use client"[39m
[90m│[39m  [33min[39m
[90m│[39m  [33m"node_modules/@mantine/core/esm/core/Box/style-props/parse-style-props/parse-style-props.mjs"[39m
[90m│[39m  [33mwas ignored.[39m
[90m│[39m
[33m▲[39m  [43mVite[49m
[90m│[39m  [33mnode_modules/@mantine/core/esm/core/Box/use-random-classname/use-random-classname.mjs[39m
[90m│[39m  [33m(1:0): Module level directives cause errors when bundled, "use client"[39m
[90m│[39m  [33min[39m
[90m│[39m  [33m"node_modules/@mantine/core/esm/core/Box/use-random-classname/use-random-classname.mjs"[39m
[90m│[39m  [33mwas ignored.[39m
[90m│[39m
[33m▲[39m  [43mVite[49m
[90m│[39m  [33mnode_modules/@mantine/core/esm/core/Box/get-style-object/get-style-object.mjs[39m
[90m│[39m  [33m(1:0): Module level directives cause errors when bundled, "use client"[39m
[90m│[39m  [33min[39m
[90m│[39m  [33m"node_modules/@mantine/core/esm/core/Box/get-style-object/get-style-object.mjs"[39m
[90m│[39m  [33mwas ignored.[39m
[90m│[39m
[33m▲[39m  [43mVite[49m [33mnode_modules/@mantine/core/esm/core/Box/Box.mjs (1:0): Module[39m
[90m│[39m  [33mlevel directives cause errors when bundled, "use client" in[39m
[90m│[39m  [33m"node_modules/@mantine/core/esm/core/Box/Box.mjs" was ignored.[39m
[90m│[39m
[33m▲[39m  [43mVite[49m [33mnode_modules/@mantine/core/esm/core/InlineStyles/InlineStyles.mjs[39m
[90m│[39m  [33m(1:0): Module level directives cause errors when bundled, "use client"[39m
[90m│[39m  [33min "node_modules/@mantine/core/esm/core/InlineStyles/InlineStyles.mjs"[39m
[90m│[39m  [33mwas ignored.[39m
[90m│[39m
[33m▲[39m  [43mVite[49m [33mnode_modules/@mantine/core/esm/core/factory/factory.mjs (1:0):[39m
[90m│[39m  [33mModule level directives cause errors when bundled, "use client" in[39m
[90m│[39m  [33m"node_modules/@mantine/core/esm/core/factory/factory.mjs" was ignored.[39m
[90m│[39m
[33m▲[39m  [43mVite[49m
[90m│[39m  [33mnode_modules/@mantine/core/esm/core/InlineStyles/styles-to-string/styles-to-string.mjs[39m
[90m│[39m  [33m(1:0): Module level directives cause errors when bundled, "use client"[39m
[90m│[39m  [33min[39m
[90m│[39m  [33m"node_modules/@mantine/core/esm/core/InlineStyles/styles-to-string/styles-to-string.mjs"[39m
[90m│[39m  [33mwas ignored.[39m
[90m│[39m
[33m▲[39m  [43mVite[49m
[90m│[39m  [33mnode_modules/@mantine/core/esm/core/MantineProvider/merge-theme-overrides/merge-theme-overrides.mjs[39m
[90m│[39m  [33m(1:0): Module level directives cause errors when bundled, "use client"[39m
[90m│[39m  [33min[39m
[90m│[39m  [33m"node_modules/@mantine/core/esm/core/MantineProvider/merge-theme-overrides/merge-theme-overrides.mjs"[39m
[90m│[39m  [33mwas ignored.[39m
[90m│[39m
[33m▲[39m  [43mVite[49m
[90m│[39m  [33mnode_modules/@mantine/core/esm/core/factory/polymorphic-factory.mjs[39m
[90m│[39m  [33m(1:0): Module level directives cause errors when bundled, "use client"[39m
[90m│[39m  [33min[39m
[90m│[39m  [33m"node_modules/@mantine/core/esm/core/factory/polymorphic-factory.mjs"[39m
[90m│[39m  [33mwas ignored.[39m
[90m│[39m
[33m▲[39m  [43mVite[49m
[90m│[39m  [33mnode_modules/@mantine/core/esm/core/DirectionProvider/DirectionProvider.mjs[39m
[90m│[39m  [33m(1:0): Module level directives cause errors when bundled, "use client"[39m
[90m│[39m  [33min[39m
[90m│[39m  [33m"node_modules/@mantine/core/esm/core/DirectionProvider/DirectionProvider.mjs"[39m
[90m│[39m  [33mwas ignored.[39m
[90m│[39m
[33m▲[39m  [43mVite[49m [33mnode_modules/@mantine/core/esm/components/Collapse/Collapse.mjs[39m
[90m│[39m  [33m(1:0): Module level directives cause errors when bundled, "use client"[39m
[90m│[39m  [33min "node_modules/@mantine/core/esm/components/Collapse/Collapse.mjs"[39m
[90m│[39m  [33mwas ignored.[39m
[90m│[39m
[33m▲[39m  [43mVite[49m
[90m│[39m  [33mnode_modules/@mantine/core/esm/components/VisuallyHidden/VisuallyHidden.mjs[39m
[90m│[39m  [33m(1:0): Module level directives cause errors when bundled, "use client"[39m
[90m│[39m  [33min[39m
[90m│[39m  [33m"node_modules/@mantine/core/esm/components/VisuallyHidden/VisuallyHidden.mjs"[39m
[90m│[39m  [33mwas ignored.[39m
[90m│[39m
[33m▲[39m  [43mVite[49m [33mnode_modules/@mantine/core/esm/components/Paper/Paper.mjs (1:0):[39m
[90m│[39m  [33mModule level directives cause errors when bundled, "use client" in[39m
[90m│[39m  [33m"node_modules/@mantine/core/esm/components/Paper/Paper.mjs" was[39m
[90m│[39m  [33mignored.[39m
[90m│[39m
[33m▲[39m  [43mVite[49m
[90m│[39m  [33mnode_modules/@mantine/core/esm/components/ScrollArea/ScrollArea.mjs[39m
[90m│[39m  [33m(1:0): Module level directives cause errors when bundled, "use client"[39m
[90m│[39m  [33min[39m
[90m│[39m  [33m"node_modules/@mantine/core/esm/components/ScrollArea/ScrollArea.mjs"[39m
[90m│[39m  [33mwas ignored.[39m
[90m│[39m
[33m▲[39m  [43mVite[49m [33mnode_modules/@mantine/core/esm/components/Popover/Popover.mjs[39m
[90m│[39m  [33m(1:0): Module level directives cause errors when bundled, "use client"[39m
[90m│[39m  [33min "node_modules/@mantine/core/esm/components/Popover/Popover.mjs" was[39m
[90m│[39m  [33mignored.[39m
[90m│[39m
[33m▲[39m  [43mVite[49m
[90m│[39m  [33mnode_modules/@mantine/core/esm/components/Popover/PopoverDropdown/PopoverDropdown.mjs[39m
[90m│[39m  [33m(1:0): Module level directives cause errors when bundled, "use client"[39m
[90m│[39m  [33min[39m
[90m│[39m  [33m"node_modules/@mantine/core/esm/components/Popover/PopoverDropdown/PopoverDropdown.mjs"[39m
[90m│[39m  [33mwas ignored.[39m
[90m│[39m
[33m▲[39m  [43mVite[49m
[90m│[39m  [33mnode_modules/@mantine/core/esm/components/UnstyledButton/UnstyledButton.mjs[39m
[90m│[39m  [33m(1:0): Module level directives cause errors when bundled, "use client"[39m
[90m│[39m  [33min[39m
[90m│[39m  [33m"node_modules/@mantine/core/esm/components/UnstyledButton/UnstyledButton.mjs"[39m
[90m│[39m  [33mwas ignored.[39m
[90m│[39m
[33m▲[39m  [43mVite[49m
[90m│[39m  [33mnode_modules/@mantine/core/esm/components/ActionIcon/ActionIconGroupSection/ActionIconGroupSection.mjs[39m
[90m│[39m  [33m(1:0): Module level directives cause errors when bundled, "use client"[39m
[90m│[39m  [33min[39m
[90m│[39m  [33m"node_modules/@mantine/core/esm/components/ActionIcon/ActionIconGroupSection/ActionIconGroupSection.mjs"[39m
[90m│[39m  [33mwas ignored.[39m
[90m│[39m
[33m▲[39m  [43mVite[49m
[90m│[39m  [33mnode_modules/@mantine/core/esm/components/ActionIcon/ActionIcon.mjs[39m
[90m│[39m  [33m(1:0): Module level directives cause errors when bundled, "use client"[39m
[90m│[39m  [33min[39m
[90m│[39m  [33m"node_modules/@mantine/core/esm/components/ActionIcon/ActionIcon.mjs"[39m
[90m│[39m  [33mwas ignored.[39m
[90m│[39m
[33m▲[39m  [43mVite[49m
[90m│[39m  [33mnode_modules/@mantine/core/esm/components/CloseButton/CloseButton.mjs[39m
[90m│[39m  [33m(1:0): Module level directives cause errors when bundled, "use client"[39m
[90m│[39m  [33min[39m
[90m│[39m  [33m"node_modules/@mantine/core/esm/components/CloseButton/CloseButton.mjs"[39m
[90m│[39m  [33mwas ignored.[39m
[90m│[39m
[33m▲[39m  [43mVite[49m
[90m│[39m  [33mnode_modules/@mantine/core/esm/components/CloseButton/CloseIcon.mjs[39m
[90m│[39m  [33m(1:0): Module level directives cause errors when bundled, "use client"[39m
[90m│[39m  [33min[39m
[90m│[39m  [33m"node_modules/@mantine/core/esm/components/CloseButton/CloseIcon.mjs"[39m
[90m│[39m  [33mwas ignored.[39m
[90m│[39m
[33m▲[39m  [43mVite[49m [33mnode_modules/@mantine/core/esm/components/Loader/Loader.mjs[39m
[90m│[39m  [33m(1:0): Module level directives cause errors when bundled, "use client"[39m
[90m│[39m  [33min "node_modules/@mantine/core/esm/components/Loader/Loader.mjs" was[39m
[90m│[39m  [33mignored.[39m
[90m│[39m
[33m▲[39m  [43mVite[49m [33mnode_modules/@mantine/core/esm/components/Group/Group.mjs (1:0):[39m
[90m│[39m  [33mModule level directives cause errors when bundled, "use client" in[39m
[90m│[39m  [33m"node_modules/@mantine/core/esm/components/Group/Group.mjs" was[39m
[90m│[39m  [33mignored.[39m
[90m│[39m
[33m▲[39m  [43mVite[49m [33mnode_modules/@mantine/core/esm/components/Overlay/Overlay.mjs[39m
[90m│[39m  [33m(1:0): Module level directives cause errors when bundled, "use client"[39m
[90m│[39m  [33min "node_modules/@mantine/core/esm/components/Overlay/Overlay.mjs" was[39m
[90m│[39m  [33mignored.[39m
[90m│[39m
[33m▲[39m  [43mVite[49m
[90m│[39m  [33mnode_modules/@mantine/core/esm/components/Popover/PopoverTarget/PopoverTarget.mjs[39m
[90m│[39m  [33m(1:0): Module level directives cause errors when bundled, "use client"[39m
[90m│[39m  [33min[39m
[90m│[39m  [33m"node_modules/@mantine/core/esm/components/Popover/PopoverTarget/PopoverTarget.mjs"[39m
[90m│[39m  [33mwas ignored.[39m
[90m│[39m
[33m▲[39m  [43mVite[49m [33mnode_modules/@mantine/core/esm/components/ModalBase/ModalBase.mjs[39m
[90m│[39m  [33m(1:0): Module level directives cause errors when bundled, "use client"[39m
[90m│[39m  [33min "node_modules/@mantine/core/esm/components/ModalBase/ModalBase.mjs"[39m
[90m│[39m  [33mwas ignored.[39m
[90m│[39m
[33m▲[39m  [43mVite[49m
[90m│[39m  [33mnode_modules/@mantine/core/esm/components/ModalBase/ModalBaseHeader.mjs[39m
[90m│[39m  [33m(1:0): Module level directives cause errors when bundled, "use client"[39m
[90m│[39m  [33min[39m
[90m│[39m  [33m"node_modules/@mantine/core/esm/components/ModalBase/ModalBaseHeader.mjs"[39m
[90m│[39m  [33mwas ignored.[39m
[90m│[39m
[33m▲[39m  [43mVite[49m
[90m│[39m  [33mnode_modules/@mantine/core/esm/components/ModalBase/ModalBaseOverlay.mjs[39m
[90m│[39m  [33m(1:0): Module level directives cause errors when bundled, "use client"[39m
[90m│[39m  [33min[39m
[90m│[39m  [33m"node_modules/@mantine/core/esm/components/ModalBase/ModalBaseOverlay.mjs"[39m
[90m│[39m  [33mwas ignored.[39m
[90m│[39m
[33m▲[39m  [43mVite[49m
[90m│[39m  [33mnode_modules/@mantine/core/esm/components/ModalBase/ModalBaseCloseButton.mjs[39m
[90m│[39m  [33m(1:0): Module level directives cause errors when bundled, "use client"[39m
[90m│[39m  [33min[39m
[90m│[39m  [33m"node_modules/@mantine/core/esm/components/ModalBase/ModalBaseCloseButton.mjs"[39m
[90m│[39m  [33mwas ignored.[39m
[90m│[39m
[33m▲[39m  [43mVite[49m
[90m│[39m  [33mnode_modules/@mantine/core/esm/components/ModalBase/ModalBaseContent.mjs[39m
[90m│[39m  [33m(1:0): Module level directives cause errors when bundled, "use client"[39m
[90m│[39m  [33min[39m
[90m│[39m  [33m"node_modules/@mantine/core/esm/components/ModalBase/ModalBaseContent.mjs"[39m
[90m│[39m  [33mwas ignored.[39m
[90m│[39m
[33m▲[39m  [43mVite[49m [33mnode_modules/@mantine/core/esm/components/Input/Input.mjs (1:0):[39m
[90m│[39m  [33mModule level directives cause errors when bundled, "use client" in[39m
[90m│[39m  [33m"node_modules/@mantine/core/esm/components/Input/Input.mjs" was[39m
[90m│[39m  [33mignored.[39m
[90m│[39m
[33m▲[39m  [43mVite[49m
[90m│[39m  [33mnode_modules/@mantine/core/esm/components/ModalBase/ModalBaseTitle.mjs[39m
[90m│[39m  [33m(1:0): Module level directives cause errors when bundled, "use client"[39m
[90m│[39m  [33min[39m
[90m│[39m  [33m"node_modules/@mantine/core/esm/components/ModalBase/ModalBaseTitle.mjs"[39m
[90m│[39m  [33mwas ignored.[39m
[90m│[39m
[33m▲[39m  [43mVite[49m
[90m│[39m  [33mnode_modules/@mantine/core/esm/components/ActionIcon/ActionIconGroup/ActionIconGroup.mjs[39m
[90m│[39m  [33m(1:0): Module level directives cause errors when bundled, "use client"[39m
[90m│[39m  [33min[39m
[90m│[39m  [33m"node_modules/@mantine/core/esm/components/ActionIcon/ActionIconGroup/ActionIconGroup.mjs"[39m
[90m│[39m  [33mwas ignored.[39m
[90m│[39m
[33m▲[39m  [43mVite[49m
[90m│[39m  [33mnode_modules/@mantine/core/esm/components/ModalBase/ModalBaseBody.mjs[39m
[90m│[39m  [33m(1:0): Module level directives cause errors when bundled, "use client"[39m
[90m│[39m  [33min[39m
[90m│[39m  [33m"node_modules/@mantine/core/esm/components/ModalBase/ModalBaseBody.mjs"[39m
[90m│[39m  [33mwas ignored.[39m
[90m│[39m
[33m▲[39m  [43mVite[49m
[90m│[39m  [33mnode_modules/@mantine/core/esm/components/Input/InputDescription/InputDescription.mjs[39m
[90m│[39m  [33m(1:0): Module level directives cause errors when bundled, "use client"[39m
[90m│[39m  [33min[39m
[90m│[39m  [33m"node_modules/@mantine/core/esm/components/Input/InputDescription/InputDescription.mjs"[39m
[90m│[39m  [33mwas ignored.[39m
[90m│[39m
[33m▲[39m  [43mVite[49m
[90m│[39m  [33mnode_modules/@mantine/core/esm/components/Input/InputWrapper/InputWrapper.mjs[39m
[90m│[39m  [33m(1:0): Module level directives cause errors when bundled, "use client"[39m
[90m│[39m  [33min[39m
[90m│[39m  [33m"node_modules/@mantine/core/esm/components/Input/InputWrapper/InputWrapper.mjs"[39m
[90m│[39m  [33mwas ignored.[39m
[90m│[39m
[33m▲[39m  [43mVite[49m
[90m│[39m  [33mnode_modules/@mantine/core/esm/components/Input/InputClearButton/InputClearButton.mjs[39m
[90m│[39m  [33m(1:0): Module level directives cause errors when bundled, "use client"[39m
[90m│[39m  [33min[39m
[90m│[39m  [33m"node_modules/@mantine/core/esm/components/Input/InputClearButton/InputClearButton.mjs"[39m
[90m│[39m  [33mwas ignored.[39m
[90m│[39m
[33m▲[39m  [43mVite[49m
[90m│[39m  [33mnode_modules/@mantine/core/esm/components/ModalBase/NativeScrollArea.mjs[39m
[90m│[39m  [33m(1:0): Module level directives cause errors when bundled, "use client"[39m
[90m│[39m  [33min[39m
[90m│[39m  [33m"node_modules/@mantine/core/esm/components/ModalBase/NativeScrollArea.mjs"[39m
[90m│[39m  [33mwas ignored.[39m
[90m│[39m
[33m▲[39m  [43mVite[49m
[90m│[39m  [33mnode_modules/@mantine/core/esm/components/Input/InputLabel/InputLabel.mjs[39m
[90m│[39m  [33m(1:0): Module level directives cause errors when bundled, "use client"[39m
[90m│[39m  [33min[39m
[90m│[39m  [33m"node_modules/@mantine/core/esm/components/Input/InputLabel/InputLabel.mjs"[39m
[90m│[39m  [33mwas ignored.[39m
[90m│[39m
[33m▲[39m  [43mVite[49m
[90m│[39m  [33mnode_modules/@mantine/core/esm/components/Input/use-input-props.mjs[39m
[90m│[39m  [33m(1:0): Module level directives cause errors when bundled, "use client"[39m
[90m│[39m  [33min[39m
[90m│[39m  [33m"node_modules/@mantine/core/esm/components/Input/use-input-props.mjs"[39m
[90m│[39m  [33mwas ignored.[39m
[90m│[39m
[33m▲[39m  [43mVite[49m [33mnode_modules/@mantine/core/esm/components/Flex/flex-props.mjs[39m
[90m│[39m  [33m(1:0): Module level directives cause errors when bundled, "use client"[39m
[90m│[39m  [33min "node_modules/@mantine/core/esm/components/Flex/flex-props.mjs" was[39m
[90m│[39m  [33mignored.[39m
[90m│[39m
[33m▲[39m  [43mVite[49m
[90m│[39m  [33mnode_modules/@mantine/core/esm/components/FloatingIndicator/FloatingIndicator.mjs[39m
[90m│[39m  [33m(1:0): Module level directives cause errors when bundled, "use client"[39m
[90m│[39m  [33min[39m
[90m│[39m  [33m"node_modules/@mantine/core/esm/components/FloatingIndicator/FloatingIndicator.mjs"[39m
[90m│[39m  [33mwas ignored.[39m
[90m│[39m
[33m▲[39m  [43mVite[49m [33mnode_modules/@mantine/core/esm/components/Flex/Flex.mjs (1:0):[39m
[90m│[39m  [33mModule level directives cause errors when bundled, "use client" in[39m
[90m│[39m  [33m"node_modules/@mantine/core/esm/components/Flex/Flex.mjs" was ignored.[39m
[90m│[39m
[33m▲[39m  [43mVite[49m
[90m│[39m  [33mnode_modules/@mantine/core/esm/components/Input/InputWrapper.context.mjs[39m
[90m│[39m  [33m(1:0): Module level directives cause errors when bundled, "use client"[39m
[90m│[39m  [33min[39m
[90m│[39m  [33m"node_modules/@mantine/core/esm/components/Input/InputWrapper.context.mjs"[39m
[90m│[39m  [33mwas ignored.[39m
[90m│[39m
[33m▲[39m  [43mVite[49m [33mnode_modules/@mantine/core/esm/components/InputBase/InputBase.mjs[39m
[90m│[39m  [33m(1:0): Module level directives cause errors when bundled, "use client"[39m
[90m│[39m  [33min "node_modules/@mantine/core/esm/components/InputBase/InputBase.mjs"[39m
[90m│[39m  [33mwas ignored.[39m
[90m│[39m
[33m▲[39m  [43mVite[49m
[90m│[39m  [33mnode_modules/@mantine/core/esm/utils/Floating/FloatingArrow/FloatingArrow.mjs[39m
[90m│[39m  [33m(1:0): Module level directives cause errors when bundled, "use client"[39m
[90m│[39m  [33min[39m
[90m│[39m  [33m"node_modules/@mantine/core/esm/utils/Floating/FloatingArrow/FloatingArrow.mjs"[39m
[90m│[39m  [33mwas ignored.[39m
[90m│[39m
[33m▲[39m  [43mVite[49m
[90m│[39m  [33mnode_modules/@mantine/core/esm/utils/Floating/use-delayed-hover.mjs[39m
[90m│[39m  [33m(1:0): Module level directives cause errors when bundled, "use client"[39m
[90m│[39m  [33min[39m
[90m│[39m  [33m"node_modules/@mantine/core/esm/utils/Floating/use-delayed-hover.mjs"[39m
[90m│[39m  [33mwas ignored.[39m
[90m│[39m
[33m▲[39m  [43mVite[49m
[90m│[39m  [33mnode_modules/@mantine/core/esm/components/Accordion/AccordionChevron.mjs[39m
[90m│[39m  [33m(1:0): Module level directives cause errors when bundled, "use client"[39m
[90m│[39m  [33min[39m
[90m│[39m  [33m"node_modules/@mantine/core/esm/components/Accordion/AccordionChevron.mjs"[39m
[90m│[39m  [33mwas ignored.[39m
[90m│[39m
[33m▲[39m  [43mVite[49m
[90m│[39m  [33mnode_modules/@mantine/core/esm/utils/Floating/get-floating-position/get-floating-position.mjs[39m
[90m│[39m  [33m(1:0): Module level directives cause errors when bundled, "use client"[39m
[90m│[39m  [33min[39m
[90m│[39m  [33m"node_modules/@mantine/core/esm/utils/Floating/get-floating-position/get-floating-position.mjs"[39m
[90m│[39m  [33mwas ignored.[39m
[90m│[39m
[33m▲[39m  [43mVite[49m [33mnode_modules/@mantine/core/esm/components/Accordion/Accordion.mjs[39m
[90m│[39m  [33m(1:0): Module level directives cause errors when bundled, "use client"[39m
[90m│[39m  [33min "node_modules/@mantine/core/esm/components/Accordion/Accordion.mjs"[39m
[90m│[39m  [33mwas ignored.[39m
[90m│[39m
[33m▲[39m  [43mVite[49m
[90m│[39m  [33mnode_modules/@mantine/core/esm/components/Accordion/AccordionPanel/AccordionPanel.mjs[39m
[90m│[39m  [33m(1:0): Module level directives cause errors when bundled, "use client"[39m
[90m│[39m  [33min[39m
[90m│[39m  [33m"node_modules/@mantine/core/esm/components/Accordion/AccordionPanel/AccordionPanel.mjs"[39m
[90m│[39m  [33mwas ignored.[39m
[90m│[39m
[33m▲[39m  [43mVite[49m
[90m│[39m  [33mnode_modules/@mantine/core/esm/components/Input/InputError/InputError.mjs[39m
[90m│[39m  [33m(1:0): Module level directives cause errors when bundled, "use client"[39m
[90m│[39m  [33min[39m
[90m│[39m  [33m"node_modules/@mantine/core/esm/components/Input/InputError/InputError.mjs"[39m
[90m│[39m  [33mwas ignored.[39m
[90m│[39m
[33m▲[39m  [43mVite[49m
[90m│[39m  [33mnode_modules/@mantine/core/esm/components/Accordion/AccordionItem/AccordionItem.mjs[39m
[90m│[39m  [33m(1:0): Module level directives cause errors when bundled, "use client"[39m
[90m│[39m  [33min[39m
[90m│[39m  [33m"node_modules/@mantine/core/esm/components/Accordion/AccordionItem/AccordionItem.mjs"[39m
[90m│[39m  [33mwas ignored.[39m
[90m│[39m
[33m▲[39m  [43mVite[49m [33mnode_modules/@mantine/core/esm/components/Affix/Affix.mjs (1:0):[39m
[90m│[39m  [33mModule level directives cause errors when bundled, "use client" in[39m
[90m│[39m  [33m"node_modules/@mantine/core/esm/components/Affix/Affix.mjs" was[39m
[90m│[39m  [33mignored.[39m
[90m│[39m
[33m▲[39m  [43mVite[49m [33mnode_modules/@mantine/core/esm/components/Alert/Alert.mjs (1:0):[39m
[90m│[39m  [33mModule level directives cause errors when bundled, "use client" in[39m
[90m│[39m  [33m"node_modules/@mantine/core/esm/components/Alert/Alert.mjs" was[39m
[90m│[39m  [33mignored.[39m
[90m│[39m
[33m▲[39m  [43mVite[49m [33mnode_modules/@mantine/core/esm/components/Anchor/Anchor.mjs[39m
[90m│[39m  [33m(1:0): Module level directives cause errors when bundled, "use client"[39m
[90m│[39m  [33min "node_modules/@mantine/core/esm/components/Anchor/Anchor.mjs" was[39m
[90m│[39m  [33mignored.[39m
[90m│[39m
[33m▲[39m  [43mVite[49m
[90m│[39m  [33mnode_modules/@mantine/core/esm/components/AngleSlider/AngleSlider.mjs[39m
[90m│[39m  [33m(1:0): Module level directives cause errors when bundled, "use client"[39m
[90m│[39m  [33min[39m
[90m│[39m  [33m"node_modules/@mantine/core/esm/components/AngleSlider/AngleSlider.mjs"[39m
[90m│[39m  [33mwas ignored.[39m
[90m│[39m
[33m▲[39m  [43mVite[49m [33mnode_modules/@mantine/core/esm/components/AppShell/AppShell.mjs[39m
[90m│[39m  [33m(1:0): Module level directives cause errors when bundled, "use client"[39m
[90m│[39m  [33min "node_modules/@mantine/core/esm/components/AppShell/AppShell.mjs"[39m
[90m│[39m  [33mwas ignored.[39m
[90m│[39m
[33m▲[39m  [43mVite[49m
[90m│[39m  [33mnode_modules/@mantine/core/esm/components/AppShell/AppShellAside/AppShellAside.mjs[39m
[90m│[39m  [33m(1:0): Module level directives cause errors when bundled, "use client"[39m
[90m│[39m  [33min[39m
[90m│[39m  [33m"node_modules/@mantine/core/esm/components/AppShell/AppShellAside/AppShellAside.mjs"[39m
[90m│[39m  [33mwas ignored.[39m
[90m│[39m
[33m▲[39m  [43mVite[49m
[90m│[39m  [33mnode_modules/@mantine/core/esm/components/AppShell/AppShellHeader/AppShellHeader.mjs[39m
[90m│[39m  [33m(1:0): Module level directives cause errors when bundled, "use client"[39m
[90m│[39m  [33min[39m
[90m│[39m  [33m"node_modules/@mantine/core/esm/components/AppShell/AppShellHeader/AppShellHeader.mjs"[39m
[90m│[39m  [33mwas ignored.[39m
[90m│[39m
[33m▲[39m  [43mVite[49m
[90m│[39m  [33mnode_modules/@mantine/core/esm/components/AppShell/AppShellFooter/AppShellFooter.mjs[39m
[90m│[39m  [33m(1:0): Module level directives cause errors when bundled, "use client"[39m
[90m│[39m  [33min[39m
[90m│[39m  [33m"node_modules/@mantine/core/esm/components/AppShell/AppShellFooter/AppShellFooter.mjs"[39m
[90m│[39m  [33mwas ignored.[39m
[90m│[39m
[33m▲[39m  [43mVite[49m
[90m│[39m  [33mnode_modules/@mantine/core/esm/components/Accordion/AccordionControl/AccordionControl.mjs[39m
[90m│[39m  [33m(1:0): Module level directives cause errors when bundled, "use client"[39m
[90m│[39m  [33min[39m
[90m│[39m  [33m"node_modules/@mantine/core/esm/components/Accordion/AccordionControl/AccordionControl.mjs"[39m
[90m│[39m  [33mwas ignored.[39m
[90m│[39m
[33m▲[39m  [43mVite[49m
[90m│[39m  [33mnode_modules/@mantine/core/esm/components/AppShell/AppShellMain/AppShellMain.mjs[39m
[90m│[39m  [33m(1:0): Module level directives cause errors when bundled, "use client"[39m
[90m│[39m  [33min[39m
[90m│[39m  [33m"node_modules/@mantine/core/esm/components/AppShell/AppShellMain/AppShellMain.mjs"[39m
[90m│[39m  [33mwas ignored.[39m
[90m│[39m
[33m▲[39m  [43mVite[49m
[90m│[39m  [33mnode_modules/@mantine/core/esm/components/AspectRatio/AspectRatio.mjs[39m
[90m│[39m  [33m(1:0): Module level directives cause errors when bundled, "use client"[39m
[90m│[39m  [33min[39m
[90m│[39m  [33m"node_modules/@mantine/core/esm/components/AspectRatio/AspectRatio.mjs"[39m
[90m│[39m  [33mwas ignored.[39m
[90m│[39m
[33m▲[39m  [43mVite[49m
[90m│[39m  [33mnode_modules/@mantine/core/esm/components/AppShell/AppShellNavbar/AppShellNavbar.mjs[39m
[90m│[39m  [33m(1:0): Module level directives cause errors when bundled, "use client"[39m
[90m│[39m  [33min[39m
[90m│[39m  [33m"node_modules/@mantine/core/esm/components/AppShell/AppShellNavbar/AppShellNavbar.mjs"[39m
[90m│[39m  [33mwas ignored.[39m
[90m│[39m
[33m▲[39m  [43mVite[49m [33mnode_modules/@mantine/core/esm/components/Badge/Badge.mjs (1:0):[39m
[90m│[39m  [33mModule level directives cause errors when bundled, "use client" in[39m
[90m│[39m  [33m"node_modules/@mantine/core/esm/components/Badge/Badge.mjs" was[39m
[90m│[39m  [33mignored.[39m
[90m│[39m
[33m▲[39m  [43mVite[49m
[90m│[39m  [33mnode_modules/@mantine/core/esm/components/Autocomplete/Autocomplete.mjs[39m
[90m│[39m  [33m(1:0): Module level directives cause errors when bundled, "use client"[39m
[90m│[39m  [33min[39m
[90m│[39m  [33m"node_modules/@mantine/core/esm/components/Autocomplete/Autocomplete.mjs"[39m
[90m│[39m  [33mwas ignored.[39m
[90m│[39m
[33m▲[39m  [43mVite[49m [33mnode_modules/@mantine/core/esm/components/Avatar/Avatar.mjs[39m
[90m│[39m  [33m(1:0): Module level directives cause errors when bundled, "use client"[39m
[90m│[39m  [33min "node_modules/@mantine/core/esm/components/Avatar/Avatar.mjs" was[39m
[90m│[39m  [33mignored.[39m
[90m│[39m
[33m▲[39m  [43mVite[49m
[90m│[39m  [33mnode_modules/@mantine/core/esm/components/Avatar/AvatarGroup/AvatarGroup.mjs[39m
[90m│[39m  [33m(1:0): Module level directives cause errors when bundled, "use client"[39m
[90m│[39m  [33min[39m
[90m│[39m  [33m"node_modules/@mantine/core/esm/components/Avatar/AvatarGroup/AvatarGroup.mjs"[39m
[90m│[39m  [33mwas ignored.[39m
[90m│[39m
[33m▲[39m  [43mVite[49m
[90m│[39m  [33mnode_modules/@mantine/core/esm/components/Breadcrumbs/Breadcrumbs.mjs[39m
[90m│[39m  [33m(1:0): Module level directives cause errors when bundled, "use client"[39m
[90m│[39m  [33min[39m
[90m│[39m  [33m"node_modules/@mantine/core/esm/components/Breadcrumbs/Breadcrumbs.mjs"[39m
[90m│[39m  [33mwas ignored.[39m
[90m│[39m
[33m▲[39m  [43mVite[49m [33mnode_modules/@mantine/core/esm/components/Button/Button.mjs[39m
[90m│[39m  [33m(1:0): Module level directives cause errors when bundled, "use client"[39m
[90m│[39m  [33min "node_modules/@mantine/core/esm/components/Button/Button.mjs" was[39m
[90m│[39m  [33mignored.[39m
[90m│[39m
[33m▲[39m  [43mVite[49m [33mnode_modules/@mantine/core/esm/components/Burger/Burger.mjs[39m
[90m│[39m  [33m(1:0): Module level directives cause errors when bundled, "use client"[39m
[90m│[39m  [33min "node_modules/@mantine/core/esm/components/Burger/Burger.mjs" was[39m
[90m│[39m  [33mignored.[39m
[90m│[39m
[33m▲[39m  [43mVite[49m
[90m│[39m  [33mnode_modules/@mantine/core/esm/components/Blockquote/Blockquote.mjs[39m
[90m│[39m  [33m(1:0): Module level directives cause errors when bundled, "use client"[39m
[90m│[39m  [33min[39m
[90m│[39m  [33m"node_modules/@mantine/core/esm/components/Blockquote/Blockquote.mjs"[39m
[90m│[39m  [33mwas ignored.[39m
[90m│[39m
[33m▲[39m  [43mVite[49m
[90m│[39m  [33mnode_modules/@mantine/core/esm/components/BackgroundImage/BackgroundImage.mjs[39m
[90m│[39m  [33m(1:0): Module level directives cause errors when bundled, "use client"[39m
[90m│[39m  [33min[39m
[90m│[39m  [33m"node_modules/@mantine/core/esm/components/BackgroundImage/BackgroundImage.mjs"[39m
[90m│[39m  [33mwas ignored.[39m
[90m│[39m
[33m▲[39m  [43mVite[49m
[90m│[39m  [33mnode_modules/@mantine/core/esm/components/AppShell/AppShellSection/AppShellSection.mjs[39m
[90m│[39m  [33m(1:0): Module level directives cause errors when bundled, "use client"[39m
[90m│[39m  [33min[39m
[90m│[39m  [33m"node_modules/@mantine/core/esm/components/AppShell/AppShellSection/AppShellSection.mjs"[39m
[90m│[39m  [33mwas ignored.[39m
[90m│[39m
[33m▲[39m  [43mVite[49m
[90m│[39m  [33mnode_modules/@mantine/core/esm/components/Input/InputPlaceholder/InputPlaceholder.mjs[39m
[90m│[39m  [33m(1:0): Module level directives cause errors when bundled, "use client"[39m
[90m│[39m  [33min[39m
[90m│[39m  [33m"node_modules/@mantine/core/esm/components/Input/InputPlaceholder/InputPlaceholder.mjs"[39m
[90m│[39m  [33mwas ignored.[39m
[90m│[39m
[33m▲[39m  [43mVite[49m [33mnode_modules/@mantine/core/esm/components/Center/Center.mjs[39m
[90m│[39m  [33m(1:0): Module level directives cause errors when bundled, "use client"[39m
[90m│[39m  [33min "node_modules/@mantine/core/esm/components/Center/Center.mjs" was[39m
[90m│[39m  [33mignored.[39m
[90m│[39m
[33m▲[39m  [43mVite[49m [33mnode_modules/@mantine/core/esm/components/Checkbox/Checkbox.mjs[39m
[90m│[39m  [33m(1:0): Module level directives cause errors when bundled, "use client"[39m
[90m│[39m  [33min "node_modules/@mantine/core/esm/components/Checkbox/Checkbox.mjs"[39m
[90m│[39m  [33mwas ignored.[39m
[90m│[39m
[33m▲[39m  [43mVite[49m
[90m│[39m  [33mnode_modules/@mantine/core/esm/components/Checkbox/CheckboxGroup/CheckboxGroup.mjs[39m
[90m│[39m  [33m(1:0): Module level directives cause errors when bundled, "use client"[39m
[90m│[39m  [33min[39m
[90m│[39m  [33m"node_modules/@mantine/core/esm/components/Checkbox/CheckboxGroup/CheckboxGroup.mjs"[39m
[90m│[39m  [33mwas ignored.[39m
[90m│[39m
[33m▲[39m  [43mVite[49m
[90m│[39m  [33mnode_modules/@mantine/core/esm/components/Button/ButtonGroup/ButtonGroup.mjs[39m
[90m│[39m  [33m(1:0): Module level directives cause errors when bundled, "use client"[39m
[90m│[39m  [33min[39m
[90m│[39m  [33m"node_modules/@mantine/core/esm/components/Button/ButtonGroup/ButtonGroup.mjs"[39m
[90m│[39m  [33mwas ignored.[39m
[90m│[39m
[33m▲[39m  [43mVite[49m
[90m│[39m  [33mnode_modules/@mantine/core/esm/components/Button/ButtonGroupSection/ButtonGroupSection.mjs[39m
[90m│[39m  [33m(1:0): Module level directives cause errors when bundled, "use client"[39m
[90m│[39m  [33min[39m
[90m│[39m  [33m"node_modules/@mantine/core/esm/components/Button/ButtonGroupSection/ButtonGroupSection.mjs"[39m
[90m│[39m  [33mwas ignored.[39m
[90m│[39m
[33m▲[39m  [43mVite[49m
[90m│[39m  [33mnode_modules/@mantine/core/esm/components/Card/CardSection/CardSection.mjs[39m
[90m│[39m  [33m(1:0): Module level directives cause errors when bundled, "use client"[39m
[90m│[39m  [33min[39m
[90m│[39m  [33m"node_modules/@mantine/core/esm/components/Card/CardSection/CardSection.mjs"[39m
[90m│[39m  [33mwas ignored.[39m
[90m│[39m
[33m▲[39m  [43mVite[49m [33mnode_modules/@mantine/core/esm/components/Card/Card.mjs (1:0):[39m
[90m│[39m  [33mModule level directives cause errors when bundled, "use client" in[39m
[90m│[39m  [33m"node_modules/@mantine/core/esm/components/Card/Card.mjs" was ignored.[39m
[90m│[39m
[33m▲[39m  [43mVite[49m [33mnode_modules/@mantine/core/esm/components/Checkbox/CheckIcon.mjs[39m
[90m│[39m  [33m(1:0): Module level directives cause errors when bundled, "use client"[39m
[90m│[39m  [33min "node_modules/@mantine/core/esm/components/Checkbox/CheckIcon.mjs"[39m
[90m│[39m  [33mwas ignored.[39m
[90m│[39m
[33m▲[39m  [43mVite[49m
[90m│[39m  [33mnode_modules/@mantine/core/esm/components/Checkbox/CheckboxIndicator/CheckboxIndicator.mjs[39m
[90m│[39m  [33m(1:0): Module level directives cause errors when bundled, "use client"[39m
[90m│[39m  [33min[39m
[90m│[39m  [33m"node_modules/@mantine/core/esm/components/Checkbox/CheckboxIndicator/CheckboxIndicator.mjs"[39m
[90m│[39m  [33mwas ignored.[39m
[90m│[39m
[33m▲[39m  [43mVite[49m
[90m│[39m  [33mnode_modules/@mantine/core/esm/components/Checkbox/CheckboxCard/CheckboxCard.mjs[39m
[90m│[39m  [33m(1:0): Module level directives cause errors when bundled, "use client"[39m
[90m│[39m  [33min[39m
[90m│[39m  [33m"node_modules/@mantine/core/esm/components/Checkbox/CheckboxCard/CheckboxCard.mjs"[39m
[90m│[39m  [33mwas ignored.[39m
[90m│[39m
[33m▲[39m  [43mVite[49m
[90m│[39m  [33mnode_modules/@mantine/core/esm/components/Checkbox/CheckboxCard/CheckboxCard.context.mjs[39m
[90m│[39m  [33m(1:0): Module level directives cause errors when bundled, "use client"[39m
[90m│[39m  [33min[39m
[90m│[39m  [33m"node_modules/@mantine/core/esm/components/Checkbox/CheckboxCard/CheckboxCard.context.mjs"[39m
[90m│[39m  [33mwas ignored.[39m
[90m│[39m
[33m▲[39m  [43mVite[49m
[90m│[39m  [33mnode_modules/@mantine/core/esm/components/Checkbox/CheckboxGroup.context.mjs[39m
[90m│[39m  [33m(1:0): Module level directives cause errors when bundled, "use client"[39m
[90m│[39m  [33min[39m
[90m│[39m  [33m"node_modules/@mantine/core/esm/components/Checkbox/CheckboxGroup.context.mjs"[39m
[90m│[39m  [33mwas ignored.[39m
[90m│[39m
[33m▲[39m  [43mVite[49m
[90m│[39m  [33mnode_modules/@mantine/core/esm/components/Chip/ChipGroup/ChipGroup.mjs[39m
[90m│[39m  [33m(1:0): Module level directives cause errors when bundled, "use client"[39m
[90m│[39m  [33min[39m
[90m│[39m  [33m"node_modules/@mantine/core/esm/components/Chip/ChipGroup/ChipGroup.mjs"[39m
[90m│[39m  [33mwas ignored.[39m
[90m│[39m
[33m▲[39m  [43mVite[49m [33mnode_modules/@mantine/core/esm/components/Chip/Chip.mjs (1:0):[39m
[90m│[39m  [33mModule level directives cause errors when bundled, "use client" in[39m
[90m│[39m  [33m"node_modules/@mantine/core/esm/components/Chip/Chip.mjs" was ignored.[39m
[90m│[39m
[33m▲[39m  [43mVite[49m [33mnode_modules/@mantine/core/esm/components/Code/Code.mjs (1:0):[39m
[90m│[39m  [33mModule level directives cause errors when bundled, "use client" in[39m
[90m│[39m  [33m"node_modules/@mantine/core/esm/components/Code/Code.mjs" was ignored.[39m
[90m│[39m
[33m▲[39m  [43mVite[49m
[90m│[39m  [33mnode_modules/@mantine/core/esm/components/ColorPicker/converters/converters.mjs[39m
[90m│[39m  [33m(1:0): Module level directives cause errors when bundled, "use client"[39m
[90m│[39m  [33min[39m
[90m│[39m  [33m"node_modules/@mantine/core/esm/components/ColorPicker/converters/converters.mjs"[39m
[90m│[39m  [33mwas ignored.[39m
[90m│[39m
[33m▲[39m  [43mVite[49m
[90m│[39m  [33mnode_modules/@mantine/core/esm/components/ColorPicker/HueSlider/HueSlider.mjs[39m
[90m│[39m  [33m(1:0): Module level directives cause errors when bundled, "use client"[39m
[90m│[39m  [33min[39m
[90m│[39m  [33m"node_modules/@mantine/core/esm/components/ColorPicker/HueSlider/HueSlider.mjs"[39m
[90m│[39m  [33mwas ignored.[39m
[90m│[39m
[33m▲[39m  [43mVite[49m
[90m│[39m  [33mnode_modules/@mantine/core/esm/components/ColorPicker/AlphaSlider/AlphaSlider.mjs[39m
[90m│[39m  [33m(1:0): Module level directives cause errors when bundled, "use client"[39m
[90m│[39m  [33min[39m
[90m│[39m  [33m"node_modules/@mantine/core/esm/components/ColorPicker/AlphaSlider/AlphaSlider.mjs"[39m
[90m│[39m  [33mwas ignored.[39m
[90m│[39m
[33m▲[39m  [43mVite[49m
[90m│[39m  [33mnode_modules/@mantine/core/esm/components/ColorPicker/ColorPicker.mjs[39m
[90m│[39m  [33m(1:0): Module level directives cause errors when bundled, "use client"[39m
[90m│[39m  [33min[39m
[90m│[39m  [33m"node_modules/@mantine/core/esm/components/ColorPicker/ColorPicker.mjs"[39m
[90m│[39m  [33mwas ignored.[39m
[90m│[39m
[33m▲[39m  [43mVite[49m
[90m│[39m  [33mnode_modules/@mantine/core/esm/components/ColorPicker/converters/parsers.mjs[39m
[90m│[39m  [33m(1:0): Module level directives cause errors when bundled, "use client"[39m
[90m│[39m  [33min[39m
[90m│[39m  [33m"node_modules/@mantine/core/esm/components/ColorPicker/converters/parsers.mjs"[39m
[90m│[39m  [33mwas ignored.[39m
[90m│[39m
[33m▲[39m  [43mVite[49m
[90m│[39m  [33mnode_modules/@mantine/core/esm/components/ColorSwatch/ColorSwatch.mjs[39m
[90m│[39m  [33m(1:0): Module level directives cause errors when bundled, "use client"[39m
[90m│[39m  [33min[39m
[90m│[39m  [33m"node_modules/@mantine/core/esm/components/ColorSwatch/ColorSwatch.mjs"[39m
[90m│[39m  [33mwas ignored.[39m
[90m│[39m
[33m▲[39m  [43mVite[49m
[90m│[39m  [33mnode_modules/@mantine/core/esm/components/ColorInput/ColorInput.mjs[39m
[90m│[39m  [33m(1:0): Module level directives cause errors when bundled, "use client"[39m
[90m│[39m  [33min[39m
[90m│[39m  [33m"node_modules/@mantine/core/esm/components/ColorInput/ColorInput.mjs"[39m
[90m│[39m  [33mwas ignored.[39m
[90m│[39m
[33m▲[39m  [43mVite[49m
[90m│[39m  [33mnode_modules/@mantine/core/esm/components/Combobox/get-options-lockup/get-options-lockup.mjs[39m
[90m│[39m  [33m(1:0): Module level directives cause errors when bundled, "use client"[39m
[90m│[39m  [33min[39m
[90m│[39m  [33m"node_modules/@mantine/core/esm/components/Combobox/get-options-lockup/get-options-lockup.mjs"[39m
[90m│[39m  [33mwas ignored.[39m
[90m│[39m
[33m▲[39m  [43mVite[49m
[90m│[39m  [33mnode_modules/@mantine/core/esm/components/Combobox/get-parsed-combobox-data/get-parsed-combobox-data.mjs[39m
[90m│[39m  [33m(1:0): Module level directives cause errors when bundled, "use client"[39m
[90m│[39m  [33min[39m
[90m│[39m  [33m"node_modules/@mantine/core/esm/components/Combobox/get-parsed-combobox-data/get-parsed-combobox-data.mjs"[39m
[90m│[39m  [33mwas ignored.[39m
[90m│[39m
[33m▲[39m  [43mVite[49m
[90m│[39m  [33mnode_modules/@mantine/core/esm/components/Combobox/ComboboxChevron/ComboboxChevron.mjs[39m
[90m│[39m  [33m(1:0): Module level directives cause errors when bundled, "use client"[39m
[90m│[39m  [33min[39m
[90m│[39m  [33m"node_modules/@mantine/core/esm/components/Combobox/ComboboxChevron/ComboboxChevron.mjs"[39m
[90m│[39m  [33mwas ignored.[39m
[90m│[39m
[33m▲[39m  [43mVite[49m
[90m│[39m  [33mnode_modules/@mantine/core/esm/components/Combobox/ComboboxOption/ComboboxOption.mjs[39m
[90m│[39m  [33m(1:0): Module level directives cause errors when bundled, "use client"[39m
[90m│[39m  [33min[39m
[90m│[39m  [33m"node_modules/@mantine/core/esm/components/Combobox/ComboboxOption/ComboboxOption.mjs"[39m
[90m│[39m  [33mwas ignored.[39m
[90m│[39m
[33m▲[39m  [43mVite[49m
[90m│[39m  [33mnode_modules/@mantine/core/esm/components/Combobox/ComboboxDropdown/ComboboxDropdown.mjs[39m
[90m│[39m  [33m(1:0): Module level directives cause errors when bundled, "use client"[39m
[90m│[39m  [33min[39m
[90m│[39m  [33m"node_modules/@mantine/core/esm/components/Combobox/ComboboxDropdown/ComboboxDropdown.mjs"[39m
[90m│[39m  [33mwas ignored.[39m
[90m│[39m
[33m▲[39m  [43mVite[49m
[90m│[39m  [33mnode_modules/@mantine/core/esm/components/Combobox/ComboboxSearch/ComboboxSearch.mjs[39m
[90m│[39m  [33m(1:0): Module level directives cause errors when bundled, "use client"[39m
[90m│[39m  [33min[39m
[90m│[39m  [33m"node_modules/@mantine/core/esm/components/Combobox/ComboboxSearch/ComboboxSearch.mjs"[39m
[90m│[39m  [33mwas ignored.[39m
[90m│[39m
[33m▲[39m  [43mVite[49m
[90m│[39m  [33mnode_modules/@mantine/core/esm/components/Combobox/ComboboxTarget/ComboboxTarget.mjs[39m
[90m│[39m  [33m(1:0): Module level directives cause errors when bundled, "use client"[39m
[90m│[39m  [33min[39m
[90m│[39m  [33m"node_modules/@mantine/core/esm/components/Combobox/ComboboxTarget/ComboboxTarget.mjs"[39m
[90m│[39m  [33mwas ignored.[39m
[90m│[39m
[33m▲[39m  [43mVite[49m
[90m│[39m  [33mnode_modules/@mantine/core/esm/components/Combobox/ComboboxOptions/ComboboxOptions.mjs[39m
[90m│[39m  [33m(1:0): Module level directives cause errors when bundled, "use client"[39m
[90m│[39m  [33min[39m
[90m│[39m  [33m"node_modules/@mantine/core/esm/components/Combobox/ComboboxOptions/ComboboxOptions.mjs"[39m
[90m│[39m  [33mwas ignored.[39m
[90m│[39m
[33m▲[39m  [43mVite[49m
[90m│[39m  [33mnode_modules/@mantine/core/esm/components/Combobox/ComboboxEmpty/ComboboxEmpty.mjs[39m
[90m│[39m  [33m(1:0): Module level directives cause errors when bundled, "use client"[39m
[90m│[39m  [33min[39m
[90m│[39m  [33m"node_modules/@mantine/core/esm/components/Combobox/ComboboxEmpty/ComboboxEmpty.mjs"[39m
[90m│[39m  [33mwas ignored.[39m
[90m│[39m
[33m▲[39m  [43mVite[49m
[90m│[39m  [33mnode_modules/@mantine/core/esm/components/Combobox/ComboboxHeader/ComboboxHeader.mjs[39m
[90m│[39m  [33m(1:0): Module level directives cause errors when bundled, "use client"[39m
[90m│[39m  [33min[39m
[90m│[39m  [33m"node_modules/@mantine/core/esm/components/Combobox/ComboboxHeader/ComboboxHeader.mjs"[39m
[90m│[39m  [33mwas ignored.[39m
[90m│[39m
[33m▲[39m  [43mVite[49m
[90m│[39m  [33mnode_modules/@mantine/core/esm/components/Combobox/ComboboxDropdownTarget/ComboboxDropdownTarget.mjs[39m
[90m│[39m  [33m(1:0): Module level directives cause errors when bundled, "use client"[39m
[90m│[39m  [33min[39m
[90m│[39m  [33m"node_modules/@mantine/core/esm/components/Combobox/ComboboxDropdownTarget/ComboboxDropdownTarget.mjs"[39m
[90m│[39m  [33mwas ignored.[39m
[90m│[39m
[33m▲[39m  [43mVite[49m
[90m│[39m  [33mnode_modules/@mantine/core/esm/components/Combobox/ComboboxEventsTarget/ComboboxEventsTarget.mjs[39m
[90m│[39m  [33m(1:0): Module level directives cause errors when bundled, "use client"[39m
[90m│[39m  [33min[39m
[90m│[39m  [33m"node_modules/@mantine/core/esm/components/Combobox/ComboboxEventsTarget/ComboboxEventsTarget.mjs"[39m
[90m│[39m  [33mwas ignored.[39m
[90m│[39m
[33m▲[39m  [43mVite[49m
[90m│[39m  [33mnode_modules/@mantine/core/esm/components/Combobox/OptionsDropdown/OptionsDropdown.mjs[39m
[90m│[39m  [33m(1:0): Module level directives cause errors when bundled, "use client"[39m
[90m│[39m  [33min[39m
[90m│[39m  [33m"node_modules/@mantine/core/esm/components/Combobox/OptionsDropdown/OptionsDropdown.mjs"[39m
[90m│[39m  [33mwas ignored.[39m
[90m│[39m
[33m▲[39m  [43mVite[49m
[90m│[39m  [33mnode_modules/@mantine/core/esm/components/Combobox/use-combobox/use-combobox.mjs[39m
[90m│[39m  [33m(1:0): Module level directives cause errors when bundled, "use client"[39m
[90m│[39m  [33min[39m
[90m│[39m  [33m"node_modules/@mantine/core/esm/components/Combobox/use-combobox/use-combobox.mjs"[39m
[90m│[39m  [33mwas ignored.[39m
[90m│[39m
[33m▲[39m  [43mVite[49m
[90m│[39m  [33mnode_modules/@mantine/core/esm/components/Combobox/use-combobox/use-virtualized-combobox.mjs[39m
[90m│[39m  [33m(1:0): Module level directives cause errors when bundled, "use client"[39m
[90m│[39m  [33min[39m
[90m│[39m  [33m"node_modules/@mantine/core/esm/components/Combobox/use-combobox/use-virtualized-combobox.mjs"[39m
[90m│[39m  [33mwas ignored.[39m
[90m│[39m
[33m▲[39m  [43mVite[49m
[90m│[39m  [33mnode_modules/@mantine/core/esm/components/Combobox/use-combobox-target-props/use-combobox-target-props.mjs[39m
[90m│[39m  [33m(1:0): Module level directives cause errors when bundled, "use client"[39m
[90m│[39m  [33min[39m
[90m│[39m  [33m"node_modules/@mantine/core/esm/components/Combobox/use-combobox-target-props/use-combobox-target-props.mjs"[39m
[90m│[39m  [33mwas ignored.[39m
[90m│[39m
[33m▲[39m  [43mVite[49m
[90m│[39m  [33mnode_modules/@mantine/core/esm/components/Combobox/OptionsDropdown/is-options-group.mjs[39m
[90m│[39m  [33m(1:0): Module level directives cause errors when bundled, "use client"[39m
[90m│[39m  [33min[39m
[90m│[39m  [33m"node_modules/@mantine/core/esm/components/Combobox/OptionsDropdown/is-options-group.mjs"[39m
[90m│[39m  [33mwas ignored.[39m
[90m│[39m
[33m▲[39m  [43mVite[49m [33mnode_modules/@mantine/core/esm/components/Container/Container.mjs[39m
[90m│[39m  [33m(1:0): Module level directives cause errors when bundled, "use client"[39m
[90m│[39m  [33min "node_modules/@mantine/core/esm/components/Container/Container.mjs"[39m
[90m│[39m  [33mwas ignored.[39m
[90m│[39m
[33m▲[39m  [43mVite[49m
[90m│[39m  [33mnode_modules/@mantine/core/esm/components/Combobox/OptionsDropdown/default-options-filter.mjs[39m
[90m│[39m  [33m(1:0): Module level directives cause errors when bundled, "use client"[39m
[90m│[39m  [33min[39m
[90m│[39m  [33m"node_modules/@mantine/core/esm/components/Combobox/OptionsDropdown/default-options-filter.mjs"[39m
[90m│[39m  [33mwas ignored.[39m
[90m│[39m
[33m▲[39m  [43mVite[49m
[90m│[39m  [33mnode_modules/@mantine/core/esm/components/Combobox/ComboboxClearButton/ComboboxClearButton.mjs[39m
[90m│[39m  [33m(1:0): Module level directives cause errors when bundled, "use client"[39m
[90m│[39m  [33min[39m
[90m│[39m  [33m"node_modules/@mantine/core/esm/components/Combobox/ComboboxClearButton/ComboboxClearButton.mjs"[39m
[90m│[39m  [33mwas ignored.[39m
[90m│[39m
[33m▲[39m  [43mVite[49m
[90m│[39m  [33mnode_modules/@mantine/core/esm/components/Combobox/ComboboxGroup/ComboboxGroup.mjs[39m
[90m│[39m  [33m(1:0): Module level directives cause errors when bundled, "use client"[39m
[90m│[39m  [33min[39m
[90m│[39m  [33m"node_modules/@mantine/core/esm/components/Combobox/ComboboxGroup/ComboboxGroup.mjs"[39m
[90m│[39m  [33mwas ignored.[39m
[90m│[39m
[33m▲[39m  [43mVite[49m [33mnode_modules/@mantine/core/esm/components/Drawer/Drawer.mjs[39m
[90m│[39m  [33m(1:0): Module level directives cause errors when bundled, "use client"[39m
[90m│[39m  [33min "node_modules/@mantine/core/esm/components/Drawer/Drawer.mjs" was[39m
[90m│[39m  [33mignored.[39m
[90m│[39m
[33m▲[39m  [43mVite[49m
[90m│[39m  [33mnode_modules/@mantine/core/esm/components/Combobox/ComboboxHiddenInput/ComboboxHiddenInput.mjs[39m
[90m│[39m  [33m(1:0): Module level directives cause errors when bundled, "use client"[39m
[90m│[39m  [33min[39m
[90m│[39m  [33m"node_modules/@mantine/core/esm/components/Combobox/ComboboxHiddenInput/ComboboxHiddenInput.mjs"[39m
[90m│[39m  [33mwas ignored.[39m
[90m│[39m
[33m▲[39m  [43mVite[49m [33mnode_modules/@mantine/core/esm/components/Divider/Divider.mjs[39m
[90m│[39m  [33m(1:0): Module level directives cause errors when bundled, "use client"[39m
[90m│[39m  [33min "node_modules/@mantine/core/esm/components/Divider/Divider.mjs" was[39m
[90m│[39m  [33mignored.[39m
[90m│[39m
[33m▲[39m  [43mVite[49m [33mnode_modules/@mantine/core/esm/components/Dialog/Dialog.mjs[39m
[90m│[39m  [33m(1:0): Module level directives cause errors when bundled, "use client"[39m
[90m│[39m  [33min "node_modules/@mantine/core/esm/components/Dialog/Dialog.mjs" was[39m
[90m│[39m  [33mignored.[39m
[90m│[39m
[33m▲[39m  [43mVite[49m [33mnode_modules/@mantine/core/esm/components/Drawer/DrawerRoot.mjs[39m
[90m│[39m  [33m(1:0): Module level directives cause errors when bundled, "use client"[39m
[90m│[39m  [33min "node_modules/@mantine/core/esm/components/Drawer/DrawerRoot.mjs"[39m
[90m│[39m  [33mwas ignored.[39m
[90m│[39m
[33m▲[39m  [43mVite[49m
[90m│[39m  [33mnode_modules/@mantine/core/esm/components/Drawer/DrawerCloseButton.mjs[39m
[90m│[39m  [33m(1:0): Module level directives cause errors when bundled, "use client"[39m
[90m│[39m  [33min[39m
[90m│[39m  [33m"node_modules/@mantine/core/esm/components/Drawer/DrawerCloseButton.mjs"[39m
[90m│[39m  [33mwas ignored.[39m
[90m│[39m
[33m▲[39m  [43mVite[49m
[90m│[39m  [33mnode_modules/@mantine/core/esm/components/Drawer/DrawerContent.mjs[39m
[90m│[39m  [33m(1:0): Module level directives cause errors when bundled, "use client"[39m
[90m│[39m  [33min[39m
[90m│[39m  [33m"node_modules/@mantine/core/esm/components/Drawer/DrawerContent.mjs"[39m
[90m│[39m  [33mwas ignored.[39m
[90m│[39m
[33m▲[39m  [43mVite[49m [33mnode_modules/@mantine/core/esm/components/Drawer/DrawerBody.mjs[39m
[90m│[39m  [33m(1:0): Module level directives cause errors when bundled, "use client"[39m
[90m│[39m  [33min "node_modules/@mantine/core/esm/components/Drawer/DrawerBody.mjs"[39m
[90m│[39m  [33mwas ignored.[39m
[90m│[39m
[33m▲[39m  [43mVite[49m [33mnode_modules/@mantine/core/esm/components/Drawer/DrawerHeader.mjs[39m
[90m│[39m  [33m(1:0): Module level directives cause errors when bundled, "use client"[39m
[90m│[39m  [33min "node_modules/@mantine/core/esm/components/Drawer/DrawerHeader.mjs"[39m
[90m│[39m  [33mwas ignored.[39m
[90m│[39m
[33m▲[39m  [43mVite[49m [33mnode_modules/@mantine/core/esm/components/Drawer/DrawerTitle.mjs[39m
[90m│[39m  [33m(1:0): Module level directives cause errors when bundled, "use client"[39m
[90m│[39m  [33min "node_modules/@mantine/core/esm/components/Drawer/DrawerTitle.mjs"[39m
[90m│[39m  [33mwas ignored.[39m
[90m│[39m
[33m▲[39m  [43mVite[49m [33mnode_modules/@mantine/core/esm/components/Drawer/DrawerStack.mjs[39m
[90m│[39m  [33m(1:0): Module level directives cause errors when bundled, "use client"[39m
[90m│[39m  [33min "node_modules/@mantine/core/esm/components/Drawer/DrawerStack.mjs"[39m
[90m│[39m  [33mwas ignored.[39m
[90m│[39m
[33m▲[39m  [43mVite[49m
[90m│[39m  [33mnode_modules/@mantine/core/esm/components/Drawer/DrawerOverlay.mjs[39m
[90m│[39m  [33m(1:0): Module level directives cause errors when bundled, "use client"[39m
[90m│[39m  [33min[39m
[90m│[39m  [33m"node_modules/@mantine/core/esm/components/Drawer/DrawerOverlay.mjs"[39m
[90m│[39m  [33mwas ignored.[39m
[90m│[39m
[33m▲[39m  [43mVite[49m
[90m│[39m  [33mnode_modules/@mantine/core/esm/components/CopyButton/CopyButton.mjs[39m
[90m│[39m  [33m(1:0): Module level directives cause errors when bundled, "use client"[39m
[90m│[39m  [33min[39m
[90m│[39m  [33m"node_modules/@mantine/core/esm/components/CopyButton/CopyButton.mjs"[39m
[90m│[39m  [33mwas ignored.[39m
[90m│[39m
[33m▲[39m  [43mVite[49m [33mnode_modules/@mantine/core/esm/components/Fieldset/Fieldset.mjs[39m
[90m│[39m  [33m(1:0): Module level directives cause errors when bundled, "use client"[39m
[90m│[39m  [33min "node_modules/@mantine/core/esm/components/Fieldset/Fieldset.mjs"[39m
[90m│[39m  [33mwas ignored.[39m
[90m│[39m
[33m▲[39m  [43mVite[49m [33mnode_modules/@mantine/core/esm/components/FileInput/FileInput.mjs[39m
[90m│[39m  [33m(1:0): Module level directives cause errors when bundled, "use client"[39m
[90m│[39m  [33min "node_modules/@mantine/core/esm/components/FileInput/FileInput.mjs"[39m
[90m│[39m  [33mwas ignored.[39m
[90m│[39m
[33m▲[39m  [43mVite[49m
[90m│[39m  [33mnode_modules/@mantine/core/esm/components/FileButton/FileButton.mjs[39m
[90m│[39m  [33m(1:0): Module level directives cause errors when bundled, "use client"[39m
[90m│[39m  [33min[39m
[90m│[39m  [33m"node_modules/@mantine/core/esm/components/FileButton/FileButton.mjs"[39m
[90m│[39m  [33mwas ignored.[39m
[90m│[39m
[33m▲[39m  [43mVite[49m [33mnode_modules/@mantine/core/esm/components/Combobox/Combobox.mjs[39m
[90m│[39m  [33m(1:0): Module level directives cause errors when bundled, "use client"[39m
[90m│[39m  [33min "node_modules/@mantine/core/esm/components/Combobox/Combobox.mjs"[39m
[90m│[39m  [33mwas ignored.[39m
[90m│[39m
[33m▲[39m  [43mVite[49m [33mnode_modules/@mantine/core/esm/components/FocusTrap/FocusTrap.mjs[39m
[90m│[39m  [33m(1:0): Module level directives cause errors when bundled, "use client"[39m
[90m│[39m  [33min "node_modules/@mantine/core/esm/components/FocusTrap/FocusTrap.mjs"[39m
[90m│[39m  [33mwas ignored.[39m
[90m│[39m
[33m▲[39m  [43mVite[49m [33mnode_modules/@mantine/core/esm/components/Grid/Grid.mjs (1:0):[39m
[90m│[39m  [33mModule level directives cause errors when bundled, "use client" in[39m
[90m│[39m  [33m"node_modules/@mantine/core/esm/components/Grid/Grid.mjs" was ignored.[39m
[90m│[39m
[33m▲[39m  [43mVite[49m [33mnode_modules/@mantine/core/esm/components/Highlight/Highlight.mjs[39m
[90m│[39m  [33m(1:0): Module level directives cause errors when bundled, "use client"[39m
[90m│[39m  [33min "node_modules/@mantine/core/esm/components/Highlight/Highlight.mjs"[39m
[90m│[39m  [33mwas ignored.[39m
[90m│[39m
[33m▲[39m  [43mVite[49m
[90m│[39m  [33mnode_modules/@mantine/core/esm/components/HoverCard/HoverCardTarget/HoverCardTarget.mjs[39m
[90m│[39m  [33m(1:0): Module level directives cause errors when bundled, "use client"[39m
[90m│[39m  [33min[39m
[90m│[39m  [33m"node_modules/@mantine/core/esm/components/HoverCard/HoverCardTarget/HoverCardTarget.mjs"[39m
[90m│[39m  [33mwas ignored.[39m
[90m│[39m
[33m▲[39m  [43mVite[49m [33mnode_modules/@mantine/core/esm/components/Image/Image.mjs (1:0):[39m
[90m│[39m  [33mModule level directives cause errors when bundled, "use client" in[39m
[90m│[39m  [33m"node_modules/@mantine/core/esm/components/Image/Image.mjs" was[39m
[90m│[39m  [33mignored.[39m
[90m│[39m
[33m▲[39m  [43mVite[49m
[90m│[39m  [33mnode_modules/@mantine/core/esm/components/HoverCard/HoverCardGroup/HoverCardGroup.mjs[39m
[90m│[39m  [33m(1:0): Module level directives cause errors when bundled, "use client"[39m
[90m│[39m  [33min[39m
[90m│[39m  [33m"node_modules/@mantine/core/esm/components/HoverCard/HoverCardGroup/HoverCardGroup.mjs"[39m
[90m│[39m  [33mwas ignored.[39m
[90m│[39m
[33m▲[39m  [43mVite[49m [33mnode_modules/@mantine/core/esm/components/JsonInput/JsonInput.mjs[39m
[90m│[39m  [33m(1:0): Module level directives cause errors when bundled, "use client"[39m
[90m│[39m  [33min "node_modules/@mantine/core/esm/components/JsonInput/JsonInput.mjs"[39m
[90m│[39m  [33mwas ignored.[39m
[90m│[39m
[33m▲[39m  [43mVite[49m [33mnode_modules/@mantine/core/esm/components/HoverCard/HoverCard.mjs[39m
[90m│[39m  [33m(1:0): Module level directives cause errors when bundled, "use client"[39m
[90m│[39m  [33min "node_modules/@mantine/core/esm/components/HoverCard/HoverCard.mjs"[39m
[90m│[39m  [33mwas ignored.[39m
[90m│[39m
[33m▲[39m  [43mVite[49m [33mnode_modules/@mantine/core/esm/components/Indicator/Indicator.mjs[39m
[90m│[39m  [33m(1:0): Module level directives cause errors when bundled, "use client"[39m
[90m│[39m  [33min "node_modules/@mantine/core/esm/components/Indicator/Indicator.mjs"[39m
[90m│[39m  [33mwas ignored.[39m
[90m│[39m
[33m▲[39m  [43mVite[49m
[90m│[39m  [33mnode_modules/@mantine/core/esm/components/HoverCard/HoverCardDropdown/HoverCardDropdown.mjs[39m
[90m│[39m  [33m(1:0): Module level directives cause errors when bundled, "use client"[39m
[90m│[39m  [33min[39m
[90m│[39m  [33m"node_modules/@mantine/core/esm/components/HoverCard/HoverCardDropdown/HoverCardDropdown.mjs"[39m
[90m│[39m  [33mwas ignored.[39m
[90m│[39m
[33m▲[39m  [43mVite[49m [33mnode_modules/@mantine/core/esm/components/Kbd/Kbd.mjs (1:0):[39m
[90m│[39m  [33mModule level directives cause errors when bundled, "use client" in[39m
[90m│[39m  [33m"node_modules/@mantine/core/esm/components/Kbd/Kbd.mjs" was ignored.[39m
[90m│[39m
[33m▲[39m  [43mVite[49m
[90m│[39m  [33mnode_modules/@mantine/core/esm/components/Grid/GridCol/GridCol.mjs[39m
[90m│[39m  [33m(1:0): Module level directives cause errors when bundled, "use client"[39m
[90m│[39m  [33min[39m
[90m│[39m  [33m"node_modules/@mantine/core/esm/components/Grid/GridCol/GridCol.mjs"[39m
[90m│[39m  [33mwas ignored.[39m
[90m│[39m
[33m▲[39m  [43mVite[49m [33mnode_modules/@mantine/core/esm/components/Mark/Mark.mjs (1:0):[39m
[90m│[39m  [33mModule level directives cause errors when bundled, "use client" in[39m
[90m│[39m  [33m"node_modules/@mantine/core/esm/components/Mark/Mark.mjs" was ignored.[39m
[90m│[39m
[33m▲[39m  [43mVite[49m
[90m│[39m  [33mnode_modules/@mantine/core/esm/components/LoadingOverlay/LoadingOverlay.mjs[39m
[90m│[39m  [33m(1:0): Module level directives cause errors when bundled, "use client"[39m
[90m│[39m  [33min[39m
[90m│[39m  [33m"node_modules/@mantine/core/esm/components/LoadingOverlay/LoadingOverlay.mjs"[39m
[90m│[39m  [33mwas ignored.[39m
[90m│[39m
[33m▲[39m  [43mVite[49m [33mnode_modules/@mantine/core/esm/components/Menu/Menu.mjs (1:0):[39m
[90m│[39m  [33mModule level directives cause errors when bundled, "use client" in[39m
[90m│[39m  [33m"node_modules/@mantine/core/esm/components/Menu/Menu.mjs" was ignored.[39m
[90m│[39m
[33m▲[39m  [43mVite[49m
[90m│[39m  [33mnode_modules/@mantine/core/esm/components/Menu/MenuDivider/MenuDivider.mjs[39m
[90m│[39m  [33m(1:0): Module level directives cause errors when bundled, "use client"[39m
[90m│[39m  [33min[39m
[90m│[39m  [33m"node_modules/@mantine/core/esm/components/Menu/MenuDivider/MenuDivider.mjs"[39m
[90m│[39m  [33mwas ignored.[39m
[90m│[39m
[33m▲[39m  [43mVite[49m [33mnode_modules/@mantine/core/esm/components/List/List.mjs (1:0):[39m
[90m│[39m  [33mModule level directives cause errors when bundled, "use client" in[39m
[90m│[39m  [33m"node_modules/@mantine/core/esm/components/List/List.mjs" was ignored.[39m
[90m│[39m
[33m▲[39m  [43mVite[49m
[90m│[39m  [33mnode_modules/@mantine/core/esm/components/Menu/MenuLabel/MenuLabel.mjs[39m
[90m│[39m  [33m(1:0): Module level directives cause errors when bundled, "use client"[39m
[90m│[39m  [33min[39m
[90m│[39m  [33m"node_modules/@mantine/core/esm/components/Menu/MenuLabel/MenuLabel.mjs"[39m
[90m│[39m  [33mwas ignored.[39m
[90m│[39m
[33m▲[39m  [43mVite[49m
[90m│[39m  [33mnode_modules/@mantine/core/esm/components/Menu/MenuSub/MenuSub.mjs[39m
[90m│[39m  [33m(1:0): Module level directives cause errors when bundled, "use client"[39m
[90m│[39m  [33min[39m
[90m│[39m  [33m"node_modules/@mantine/core/esm/components/Menu/MenuSub/MenuSub.mjs"[39m
[90m│[39m  [33mwas ignored.[39m
[90m│[39m
[33m▲[39m  [43mVite[49m
[90m│[39m  [33mnode_modules/@mantine/core/esm/components/Menu/MenuDropdown/MenuDropdown.mjs[39m
[90m│[39m  [33m(1:0): Module level directives cause errors when bundled, "use client"[39m
[90m│[39m  [33min[39m
[90m│[39m  [33m"node_modules/@mantine/core/esm/components/Menu/MenuDropdown/MenuDropdown.mjs"[39m
[90m│[39m  [33mwas ignored.[39m
[90m│[39m
[33m▲[39m  [43mVite[49m
[90m│[39m  [33mnode_modules/@mantine/core/esm/components/Menu/MenuItem/MenuItem.mjs[39m
[90m│[39m  [33m(1:0): Module level directives cause errors when bundled, "use client"[39m
[90m│[39m  [33min[39m
[90m│[39m  [33m"node_modules/@mantine/core/esm/components/Menu/MenuItem/MenuItem.mjs"[39m
[90m│[39m  [33mwas ignored.[39m
[90m│[39m
[33m▲[39m  [43mVite[49m
[90m│[39m  [33mnode_modules/@mantine/core/esm/components/Menu/MenuSubDropdown/MenuSubDropdown.mjs[39m
[90m│[39m  [33m(1:0): Module level directives cause errors when bundled, "use client"[39m
[90m│[39m  [33min[39m
[90m│[39m  [33m"node_modules/@mantine/core/esm/components/Menu/MenuSubDropdown/MenuSubDropdown.mjs"[39m
[90m│[39m  [33mwas ignored.[39m
[90m│[39m
[33m▲[39m  [43mVite[49m
[90m│[39m  [33mnode_modules/@mantine/core/esm/components/List/ListItem/ListItem.mjs[39m
[90m│[39m  [33m(1:0): Module level directives cause errors when bundled, "use client"[39m
[90m│[39m  [33min[39m
[90m│[39m  [33m"node_modules/@mantine/core/esm/components/List/ListItem/ListItem.mjs"[39m
[90m│[39m  [33mwas ignored.[39m
[90m│[39m
[33m▲[39m  [43mVite[49m
[90m│[39m  [33mnode_modules/@mantine/core/esm/components/Menu/MenuSubItem/MenuSubItem.mjs[39m
[90m│[39m  [33m(1:0): Module level directives cause errors when bundled, "use client"[39m
[90m│[39m  [33min[39m
[90m│[39m  [33m"node_modules/@mantine/core/esm/components/Menu/MenuSubItem/MenuSubItem.mjs"[39m
[90m│[39m  [33mwas ignored.[39m
[90m│[39m
[33m▲[39m  [43mVite[49m [33mnode_modules/@mantine/core/esm/components/Modal/ModalRoot.mjs[39m
[90m│[39m  [33m(1:0): Module level directives cause errors when bundled, "use client"[39m
[90m│[39m  [33min "node_modules/@mantine/core/esm/components/Modal/ModalRoot.mjs" was[39m
[90m│[39m  [33mignored.[39m
[90m│[39m
[33m▲[39m  [43mVite[49m
[90m│[39m  [33mnode_modules/@mantine/core/esm/components/Combobox/ComboboxFooter/ComboboxFooter.mjs[39m
[90m│[39m  [33m(1:0): Module level directives cause errors when bundled, "use client"[39m
[90m│[39m  [33min[39m
[90m│[39m  [33m"node_modules/@mantine/core/esm/components/Combobox/ComboboxFooter/ComboboxFooter.mjs"[39m
[90m│[39m  [33mwas ignored.[39m
[90m│[39m
[33m▲[39m  [43mVite[49m [33mnode_modules/@mantine/core/esm/components/Modal/ModalBody.mjs[39m
[90m│[39m  [33m(1:0): Module level directives cause errors when bundled, "use client"[39m
[90m│[39m  [33min "node_modules/@mantine/core/esm/components/Modal/ModalBody.mjs" was[39m
[90m│[39m  [33mignored.[39m
[90m│[39m
[33m▲[39m  [43mVite[49m
[90m│[39m  [33mnode_modules/@mantine/core/esm/components/Modal/ModalCloseButton.mjs[39m
[90m│[39m  [33m(1:0): Module level directives cause errors when bundled, "use client"[39m
[90m│[39m  [33min[39m
[90m│[39m  [33m"node_modules/@mantine/core/esm/components/Modal/ModalCloseButton.mjs"[39m
[90m│[39m  [33mwas ignored.[39m
[90m│[39m
[33m▲[39m  [43mVite[49m [33mnode_modules/@mantine/core/esm/components/Modal/ModalHeader.mjs[39m
[90m│[39m  [33m(1:0): Module level directives cause errors when bundled, "use client"[39m
[90m│[39m  [33min "node_modules/@mantine/core/esm/components/Modal/ModalHeader.mjs"[39m
[90m│[39m  [33mwas ignored.[39m
[90m│[39m
[33m▲[39m  [43mVite[49m [33mnode_modules/@mantine/core/esm/components/Modal/ModalContent.mjs[39m
[90m│[39m  [33m(1:0): Module level directives cause errors when bundled, "use client"[39m
[90m│[39m  [33min "node_modules/@mantine/core/esm/components/Modal/ModalContent.mjs"[39m
[90m│[39m  [33mwas ignored.[39m
[90m│[39m
[33m▲[39m  [43mVite[49m [33mnode_modules/@mantine/core/esm/components/Modal/Modal.mjs (1:0):[39m
[90m│[39m  [33mModule level directives cause errors when bundled, "use client" in[39m
[90m│[39m  [33m"node_modules/@mantine/core/esm/components/Modal/Modal.mjs" was[39m
[90m│[39m  [33mignored.[39m
[90m│[39m
[33m▲[39m  [43mVite[49m [33mnode_modules/@mantine/core/esm/components/Modal/ModalOverlay.mjs[39m
[90m│[39m  [33m(1:0): Module level directives cause errors when bundled, "use client"[39m
[90m│[39m  [33min "node_modules/@mantine/core/esm/components/Modal/ModalOverlay.mjs"[39m
[90m│[39m  [33mwas ignored.[39m
[90m│[39m
[33m▲[39m  [43mVite[49m [33mnode_modules/@mantine/core/esm/components/Modal/ModalStack.mjs[39m
[90m│[39m  [33m(1:0): Module level directives cause errors when bundled, "use client"[39m
[90m│[39m  [33min "node_modules/@mantine/core/esm/components/Modal/ModalStack.mjs"[39m
[90m│[39m  [33mwas ignored.[39m
[90m│[39m
[33m▲[39m  [43mVite[49m
[90m│[39m  [33mnode_modules/@mantine/core/esm/components/Modal/use-modals-stack.mjs[39m
[90m│[39m  [33m(1:0): Module level directives cause errors when bundled, "use client"[39m
[90m│[39m  [33min[39m
[90m│[39m  [33m"node_modules/@mantine/core/esm/components/Modal/use-modals-stack.mjs"[39m
[90m│[39m  [33mwas ignored.[39m
[90m│[39m
[33m▲[39m  [43mVite[49m
[90m│[39m  [33mnode_modules/@mantine/core/esm/components/NativeSelect/NativeSelect.mjs[39m
[90m│[39m  [33m(1:0): Module level directives cause errors when bundled, "use client"[39m
[90m│[39m  [33min[39m
[90m│[39m  [33m"node_modules/@mantine/core/esm/components/NativeSelect/NativeSelect.mjs"[39m
[90m│[39m  [33mwas ignored.[39m
[90m│[39m
[33m▲[39m  [43mVite[49m [33mnode_modules/@mantine/core/esm/components/Modal/ModalTitle.mjs[39m
[90m│[39m  [33m(1:0): Module level directives cause errors when bundled, "use client"[39m
[90m│[39m  [33min "node_modules/@mantine/core/esm/components/Modal/ModalTitle.mjs"[39m
[90m│[39m  [33mwas ignored.[39m
[90m│[39m
[33m▲[39m  [43mVite[49m
[90m│[39m  [33mnode_modules/@mantine/core/esm/components/MultiSelect/MultiSelect.mjs[39m
[90m│[39m  [33m(1:0): Module level directives cause errors when bundled, "use client"[39m
[90m│[39m  [33min[39m
[90m│[39m  [33m"node_modules/@mantine/core/esm/components/MultiSelect/MultiSelect.mjs"[39m
[90m│[39m  [33mwas ignored.[39m
[90m│[39m
[33m▲[39m  [43mVite[49m
[90m│[39m  [33mnode_modules/@mantine/core/esm/components/Notification/Notification.mjs[39m
[90m│[39m  [33m(1:0): Module level directives cause errors when bundled, "use client"[39m
[90m│[39m  [33min[39m
[90m│[39m  [33m"node_modules/@mantine/core/esm/components/Notification/Notification.mjs"[39m
[90m│[39m  [33mwas ignored.[39m
[90m│[39m
[33m▲[39m  [43mVite[49m [33mnode_modules/@mantine/core/esm/components/NavLink/NavLink.mjs[39m
[90m│[39m  [33m(1:0): Module level directives cause errors when bundled, "use client"[39m
[90m│[39m  [33min "node_modules/@mantine/core/esm/components/NavLink/NavLink.mjs" was[39m
[90m│[39m  [33mignored.[39m
[90m│[39m
[33m▲[39m  [43mVite[49m
[90m│[39m  [33mnode_modules/@mantine/core/esm/components/Menu/MenuTarget/MenuTarget.mjs[39m
[90m│[39m  [33m(1:0): Module level directives cause errors when bundled, "use client"[39m
[90m│[39m  [33min[39m
[90m│[39m  [33m"node_modules/@mantine/core/esm/components/Menu/MenuTarget/MenuTarget.mjs"[39m
[90m│[39m  [33mwas ignored.[39m
[90m│[39m
[33m▲[39m  [43mVite[49m
[90m│[39m  [33mnode_modules/@mantine/core/esm/components/Pagination/PaginationControl/PaginationControl.mjs[39m
[90m│[39m  [33m(1:0): Module level directives cause errors when bundled, "use client"[39m
[90m│[39m  [33min[39m
[90m│[39m  [33m"node_modules/@mantine/core/esm/components/Pagination/PaginationControl/PaginationControl.mjs"[39m
[90m│[39m  [33mwas ignored.[39m
[90m│[39m
[33m▲[39m  [43mVite[49m
[90m│[39m  [33mnode_modules/@mantine/core/esm/components/Menu/MenuSubTarget/MenuSubTarget.mjs[39m
[90m│[39m  [33m(1:0): Module level directives cause errors when bundled, "use client"[39m
[90m│[39m  [33min[39m
[90m│[39m  [33m"node_modules/@mantine/core/esm/components/Menu/MenuSubTarget/MenuSubTarget.mjs"[39m
[90m│[39m  [33mwas ignored.[39m
[90m│[39m
[33m▲[39m  [43mVite[49m
[90m│[39m  [33mnode_modules/@mantine/core/esm/components/Pagination/PaginationDots/PaginationDots.mjs[39m
[90m│[39m  [33m(1:0): Module level directives cause errors when bundled, "use client"[39m
[90m│[39m  [33min[39m
[90m│[39m  [33m"node_modules/@mantine/core/esm/components/Pagination/PaginationDots/PaginationDots.mjs"[39m
[90m│[39m  [33mwas ignored.[39m
[90m│[39m
[33m▲[39m  [43mVite[49m
[90m│[39m  [33mnode_modules/@mantine/core/esm/components/Pagination/Pagination.mjs[39m
[90m│[39m  [33m(1:0): Module level directives cause errors when bundled, "use client"[39m
[90m│[39m  [33min[39m
[90m│[39m  [33m"node_modules/@mantine/core/esm/components/Pagination/Pagination.mjs"[39m
[90m│[39m  [33mwas ignored.[39m
[90m│[39m
[33m▲[39m  [43mVite[49m
[90m│[39m  [33mnode_modules/@mantine/core/esm/components/NumberInput/NumberInput.mjs[39m
[90m│[39m  [33m(1:0): Module level directives cause errors when bundled, "use client"[39m
[90m│[39m  [33min[39m
[90m│[39m  [33m"node_modules/@mantine/core/esm/components/NumberInput/NumberInput.mjs"[39m
[90m│[39m  [33mwas ignored.[39m
[90m│[39m
[33m▲[39m  [43mVite[49m
[90m│[39m  [33mnode_modules/@mantine/core/esm/components/Pagination/PaginationItems/PaginationItems.mjs[39m
[90m│[39m  [33m(1:0): Module level directives cause errors when bundled, "use client"[39m
[90m│[39m  [33min[39m
[90m│[39m  [33m"node_modules/@mantine/core/esm/components/Pagination/PaginationItems/PaginationItems.mjs"[39m
[90m│[39m  [33mwas ignored.[39m
[90m│[39m
[33m▲[39m  [43mVite[49m
[90m│[39m  [33mnode_modules/@mantine/core/esm/components/Pagination/PaginationRoot/PaginationRoot.mjs[39m
[90m│[39m  [33m(1:0): Module level directives cause errors when bundled, "use client"[39m
[90m│[39m  [33min[39m
[90m│[39m  [33m"node_modules/@mantine/core/esm/components/Pagination/PaginationRoot/PaginationRoot.mjs"[39m
[90m│[39m  [33mwas ignored.[39m
[90m│[39m
[33m▲[39m  [43mVite[49m
[90m│[39m  [33mnode_modules/@mantine/core/esm/components/PasswordInput/PasswordInput.mjs[39m
[90m│[39m  [33m(1:0): Module level directives cause errors when bundled, "use client"[39m
[90m│[39m  [33min[39m
[90m│[39m  [33m"node_modules/@mantine/core/esm/components/PasswordInput/PasswordInput.mjs"[39m
[90m│[39m  [33mwas ignored.[39m
[90m│[39m
[33m▲[39m  [43mVite[49m [33mnode_modules/@mantine/core/esm/components/Pill/Pill.mjs (1:0):[39m
[90m│[39m  [33mModule level directives cause errors when bundled, "use client" in[39m
[90m│[39m  [33m"node_modules/@mantine/core/esm/components/Pill/Pill.mjs" was ignored.[39m
[90m│[39m
[33m▲[39m  [43mVite[49m
[90m│[39m  [33mnode_modules/@mantine/core/esm/components/Pill/PillGroup/PillGroup.mjs[39m
[90m│[39m  [33m(1:0): Module level directives cause errors when bundled, "use client"[39m
[90m│[39m  [33min[39m
[90m│[39m  [33m"node_modules/@mantine/core/esm/components/Pill/PillGroup/PillGroup.mjs"[39m
[90m│[39m  [33mwas ignored.[39m
[90m│[39m
[33m▲[39m  [43mVite[49m
[90m│[39m  [33mnode_modules/@mantine/core/esm/components/PillsInput/PillsInputField/PillsInputField.mjs[39m
[90m│[39m  [33m(1:0): Module level directives cause errors when bundled, "use client"[39m
[90m│[39m  [33min[39m
[90m│[39m  [33m"node_modules/@mantine/core/esm/components/PillsInput/PillsInputField/PillsInputField.mjs"[39m
[90m│[39m  [33mwas ignored.[39m
[90m│[39m
[33m▲[39m  [43mVite[49m [33mnode_modules/@mantine/core/esm/components/PinInput/PinInput.mjs[39m
[90m│[39m  [33m(1:0): Module level directives cause errors when bundled, "use client"[39m
[90m│[39m  [33min "node_modules/@mantine/core/esm/components/PinInput/PinInput.mjs"[39m
[90m│[39m  [33mwas ignored.[39m
[90m│[39m
[33m▲[39m  [43mVite[49m
[90m│[39m  [33mnode_modules/@mantine/core/esm/components/PillsInput/PillsInput.mjs[39m
[90m│[39m  [33m(1:0): Module level directives cause errors when bundled, "use client"[39m
[90m│[39m  [33min[39m
[90m│[39m  [33m"node_modules/@mantine/core/esm/components/PillsInput/PillsInput.mjs"[39m
[90m│[39m  [33mwas ignored.[39m
[90m│[39m
[33m▲[39m  [43mVite[49m
[90m│[39m  [33mnode_modules/@mantine/core/esm/components/Portal/OptionalPortal.mjs[39m
[90m│[39m  [33m(1:0): Module level directives cause errors when bundled, "use client"[39m
[90m│[39m  [33min[39m
[90m│[39m  [33m"node_modules/@mantine/core/esm/components/Portal/OptionalPortal.mjs"[39m
[90m│[39m  [33mwas ignored.[39m
[90m│[39m
[33m▲[39m  [43mVite[49m
[90m│[39m  [33mnode_modules/@mantine/core/esm/components/NumberFormatter/NumberFormatter.mjs[39m
[90m│[39m  [33m(1:0): Module level directives cause errors when bundled, "use client"[39m
[90m│[39m  [33min[39m
[90m│[39m  [33m"node_modules/@mantine/core/esm/components/NumberFormatter/NumberFormatter.mjs"[39m
[90m│[39m  [33mwas ignored.[39m
[90m│[39m
[33m▲[39m  [43mVite[49m
[90m│[39m  [33mnode_modules/@mantine/core/esm/components/Pagination/PaginationEdges/PaginationEdges.mjs[39m
[90m│[39m  [33m(1:0): Module level directives cause errors when bundled, "use client"[39m
[90m│[39m  [33min[39m
[90m│[39m  [33m"node_modules/@mantine/core/esm/components/Pagination/PaginationEdges/PaginationEdges.mjs"[39m
[90m│[39m  [33mwas ignored.[39m
[90m│[39m
[33m▲[39m  [43mVite[49m [33mnode_modules/@mantine/core/esm/components/Progress/Progress.mjs[39m
[90m│[39m  [33m(1:0): Module level directives cause errors when bundled, "use client"[39m
[90m│[39m  [33min "node_modules/@mantine/core/esm/components/Progress/Progress.mjs"[39m
[90m│[39m  [33mwas ignored.[39m
[90m│[39m
[33m▲[39m  [43mVite[49m
[90m│[39m  [33mnode_modules/@mantine/core/esm/components/Progress/ProgressRoot/ProgressRoot.mjs[39m
[90m│[39m  [33m(1:0): Module level directives cause errors when bundled, "use client"[39m
[90m│[39m  [33min[39m
[90m│[39m  [33m"node_modules/@mantine/core/esm/components/Progress/ProgressRoot/ProgressRoot.mjs"[39m
[90m│[39m  [33mwas ignored.[39m
[90m│[39m
[33m▲[39m  [43mVite[49m
[90m│[39m  [33mnode_modules/@mantine/core/esm/components/Progress/ProgressSection/ProgressSection.mjs[39m
[90m│[39m  [33m(1:0): Module level directives cause errors when bundled, "use client"[39m
[90m│[39m  [33min[39m
[90m│[39m  [33m"node_modules/@mantine/core/esm/components/Progress/ProgressSection/ProgressSection.mjs"[39m
[90m│[39m  [33mwas ignored.[39m
[90m│[39m
[33m▲[39m  [43mVite[49m [33mnode_modules/@mantine/core/esm/components/Portal/Portal.mjs[39m
[90m│[39m  [33m(1:0): Module level directives cause errors when bundled, "use client"[39m
[90m│[39m  [33min "node_modules/@mantine/core/esm/components/Portal/Portal.mjs" was[39m
[90m│[39m  [33mignored.[39m
[90m│[39m
[33m▲[39m  [43mVite[49m [33mnode_modules/@mantine/core/esm/components/Radio/Radio.mjs (1:0):[39m
[90m│[39m  [33mModule level directives cause errors when bundled, "use client" in[39m
[90m│[39m  [33m"node_modules/@mantine/core/esm/components/Radio/Radio.mjs" was[39m
[90m│[39m  [33mignored.[39m
[90m│[39m
[33m▲[39m  [43mVite[49m
[90m│[39m  [33mnode_modules/@mantine/core/esm/components/Radio/RadioIndicator/RadioIndicator.mjs[39m
[90m│[39m  [33m(1:0): Module level directives cause errors when bundled, "use client"[39m
[90m│[39m  [33min[39m
[90m│[39m  [33m"node_modules/@mantine/core/esm/components/Radio/RadioIndicator/RadioIndicator.mjs"[39m
[90m│[39m  [33mwas ignored.[39m
[90m│[39m
[33m▲[39m  [43mVite[49m
[90m│[39m  [33mnode_modules/@mantine/core/esm/components/Radio/RadioCard/RadioCard.context.mjs[39m
[90m│[39m  [33m(1:0): Module level directives cause errors when bundled, "use client"[39m
[90m│[39m  [33min[39m
[90m│[39m  [33m"node_modules/@mantine/core/esm/components/Radio/RadioCard/RadioCard.context.mjs"[39m
[90m│[39m  [33mwas ignored.[39m
[90m│[39m
[33m▲[39m  [43mVite[49m
[90m│[39m  [33mnode_modules/@mantine/core/esm/components/Radio/RadioGroup/RadioGroup.mjs[39m
[90m│[39m  [33m(1:0): Module level directives cause errors when bundled, "use client"[39m
[90m│[39m  [33min[39m
[90m│[39m  [33m"node_modules/@mantine/core/esm/components/Radio/RadioGroup/RadioGroup.mjs"[39m
[90m│[39m  [33mwas ignored.[39m
[90m│[39m
[33m▲[39m  [43mVite[49m
[90m│[39m  [33mnode_modules/@mantine/core/esm/components/Progress/ProgressLabel/ProgressLabel.mjs[39m
[90m│[39m  [33m(1:0): Module level directives cause errors when bundled, "use client"[39m
[90m│[39m  [33min[39m
[90m│[39m  [33m"node_modules/@mantine/core/esm/components/Progress/ProgressLabel/ProgressLabel.mjs"[39m
[90m│[39m  [33mwas ignored.[39m
[90m│[39m
[33m▲[39m  [43mVite[49m
[90m│[39m  [33mnode_modules/@mantine/core/esm/components/RingProgress/RingProgress.mjs[39m
[90m│[39m  [33m(1:0): Module level directives cause errors when bundled, "use client"[39m
[90m│[39m  [33min[39m
[90m│[39m  [33m"node_modules/@mantine/core/esm/components/RingProgress/RingProgress.mjs"[39m
[90m│[39m  [33mwas ignored.[39m
[90m│[39m
[33m▲[39m  [43mVite[49m [33mnode_modules/@mantine/core/esm/components/Radio/RadioIcon.mjs[39m
[90m│[39m  [33m(1:0): Module level directives cause errors when bundled, "use client"[39m
[90m│[39m  [33min "node_modules/@mantine/core/esm/components/Radio/RadioIcon.mjs" was[39m
[90m│[39m  [33mignored.[39m
[90m│[39m
[33m▲[39m  [43mVite[49m
[90m│[39m  [33mnode_modules/@mantine/core/esm/components/Radio/RadioCard/RadioCard.mjs[39m
[90m│[39m  [33m(1:0): Module level directives cause errors when bundled, "use client"[39m
[90m│[39m  [33min[39m
[90m│[39m  [33m"node_modules/@mantine/core/esm/components/Radio/RadioCard/RadioCard.mjs"[39m
[90m│[39m  [33mwas ignored.[39m
[90m│[39m
[33m▲[39m  [43mVite[49m [33mnode_modules/@mantine/core/esm/components/Skeleton/Skeleton.mjs[39m
[90m│[39m  [33m(1:0): Module level directives cause errors when bundled, "use client"[39m
[90m│[39m  [33min "node_modules/@mantine/core/esm/components/Skeleton/Skeleton.mjs"[39m
[90m│[39m  [33mwas ignored.[39m
[90m│[39m
[33m▲[39m  [43mVite[49m
[90m│[39m  [33mnode_modules/@mantine/core/esm/components/SegmentedControl/SegmentedControl.mjs[39m
[90m│[39m  [33m(1:0): Module level directives cause errors when bundled, "use client"[39m
[90m│[39m  [33min[39m
[90m│[39m  [33m"node_modules/@mantine/core/esm/components/SegmentedControl/SegmentedControl.mjs"[39m
[90m│[39m  [33mwas ignored.[39m
[90m│[39m
[33m▲[39m  [43mVite[49m [33mnode_modules/@mantine/core/esm/components/Select/Select.mjs[39m
[90m│[39m  [33m(1:0): Module level directives cause errors when bundled, "use client"[39m
[90m│[39m  [33min "node_modules/@mantine/core/esm/components/Select/Select.mjs" was[39m
[90m│[39m  [33mignored.[39m
[90m│[39m
[33m▲[39m  [43mVite[49m
[90m│[39m  [33mnode_modules/@mantine/core/esm/components/Slider/Slider/Slider.mjs[39m
[90m│[39m  [33m(1:0): Module level directives cause errors when bundled, "use client"[39m
[90m│[39m  [33min[39m
[90m│[39m  [33m"node_modules/@mantine/core/esm/components/Slider/Slider/Slider.mjs"[39m
[90m│[39m  [33mwas ignored.[39m
[90m│[39m
[33m▲[39m  [43mVite[49m [33mnode_modules/@mantine/core/esm/components/Rating/Rating.mjs[39m
[90m│[39m  [33m(1:0): Module level directives cause errors when bundled, "use client"[39m
[90m│[39m  [33min "node_modules/@mantine/core/esm/components/Rating/Rating.mjs" was[39m
[90m│[39m  [33mignored.[39m
[90m│[39m
[33m▲[39m  [43mVite[49m
[90m│[39m  [33mnode_modules/@mantine/core/esm/components/SimpleGrid/SimpleGrid.mjs[39m
[90m│[39m  [33m(1:0): Module level directives cause errors when bundled, "use client"[39m
[90m│[39m  [33min[39m
[90m│[39m  [33m"node_modules/@mantine/core/esm/components/SimpleGrid/SimpleGrid.mjs"[39m
[90m│[39m  [33mwas ignored.[39m
[90m│[39m
[33m▲[39m  [43mVite[49m [33mnode_modules/@mantine/core/esm/components/Stack/Stack.mjs (1:0):[39m
[90m│[39m  [33mModule level directives cause errors when bundled, "use client" in[39m
[90m│[39m  [33m"node_modules/@mantine/core/esm/components/Stack/Stack.mjs" was[39m
[90m│[39m  [33mignored.[39m
[90m│[39m
[33m▲[39m  [43mVite[49m [33mnode_modules/@mantine/core/esm/components/Space/Space.mjs (1:0):[39m
[90m│[39m  [33mModule level directives cause errors when bundled, "use client" in[39m
[90m│[39m  [33m"node_modules/@mantine/core/esm/components/Space/Space.mjs" was[39m
[90m│[39m  [33mignored.[39m
[90m│[39m
[33m▲[39m  [43mVite[49m [33mnode_modules/@mantine/core/esm/components/Spoiler/Spoiler.mjs[39m
[90m│[39m  [33m(1:0): Module level directives cause errors when bundled, "use client"[39m
[90m│[39m  [33min "node_modules/@mantine/core/esm/components/Spoiler/Spoiler.mjs" was[39m
[90m│[39m  [33mignored.[39m
[90m│[39m
[33m▲[39m  [43mVite[49m
[90m│[39m  [33mnode_modules/@mantine/core/esm/components/Slider/RangeSlider/RangeSlider.mjs[39m
[90m│[39m  [33m(1:0): Module level directives cause errors when bundled, "use client"[39m
[90m│[39m  [33min[39m
[90m│[39m  [33m"node_modules/@mantine/core/esm/components/Slider/RangeSlider/RangeSlider.mjs"[39m
[90m│[39m  [33mwas ignored.[39m
[90m│[39m
[33m▲[39m  [43mVite[49m
[90m│[39m  [33mnode_modules/@mantine/core/esm/components/SemiCircleProgress/SemiCircleProgress.mjs[39m
[90m│[39m  [33m(1:0): Module level directives cause errors when bundled, "use client"[39m
[90m│[39m  [33min[39m
[90m│[39m  [33m"node_modules/@mantine/core/esm/components/SemiCircleProgress/SemiCircleProgress.mjs"[39m
[90m│[39m  [33mwas ignored.[39m
[90m│[39m
[33m▲[39m  [43mVite[49m [33mnode_modules/@mantine/core/esm/components/Stepper/Stepper.mjs[39m
[90m│[39m  [33m(1:0): Module level directives cause errors when bundled, "use client"[39m
[90m│[39m  [33min "node_modules/@mantine/core/esm/components/Stepper/Stepper.mjs" was[39m
[90m│[39m  [33mignored.[39m
[90m│[39m
[33m▲[39m  [43mVite[49m
[90m│[39m  [33mnode_modules/@mantine/core/esm/components/Stepper/StepperStep/StepperStep.mjs[39m
[90m│[39m  [33m(1:0): Module level directives cause errors when bundled, "use client"[39m
[90m│[39m  [33min[39m
[90m│[39m  [33m"node_modules/@mantine/core/esm/components/Stepper/StepperStep/StepperStep.mjs"[39m
[90m│[39m  [33mwas ignored.[39m
[90m│[39m
[33m▲[39m  [43mVite[49m [33mnode_modules/@mantine/core/esm/components/Switch/Switch.mjs[39m
[90m│[39m  [33m(1:0): Module level directives cause errors when bundled, "use client"[39m
[90m│[39m  [33min "node_modules/@mantine/core/esm/components/Switch/Switch.mjs" was[39m
[90m│[39m  [33mignored.[39m
[90m│[39m
[33m▲[39m  [43mVite[49m
[90m│[39m  [33mnode_modules/@mantine/core/esm/components/Stepper/StepperCompleted/StepperCompleted.mjs[39m
[90m│[39m  [33m(1:0): Module level directives cause errors when bundled, "use client"[39m
[90m│[39m  [33min[39m
[90m│[39m  [33m"node_modules/@mantine/core/esm/components/Stepper/StepperCompleted/StepperCompleted.mjs"[39m
[90m│[39m  [33mwas ignored.[39m
[90m│[39m
[33m▲[39m  [43mVite[49m
[90m│[39m  [33mnode_modules/@mantine/core/esm/components/Switch/SwitchGroup/SwitchGroup.mjs[39m
[90m│[39m  [33m(1:0): Module level directives cause errors when bundled, "use client"[39m
[90m│[39m  [33min[39m
[90m│[39m  [33m"node_modules/@mantine/core/esm/components/Switch/SwitchGroup/SwitchGroup.mjs"[39m
[90m│[39m  [33mwas ignored.[39m
[90m│[39m
[33m▲[39m  [43mVite[49m [33mnode_modules/@mantine/core/esm/components/Table/Table.mjs (1:0):[39m
[90m│[39m  [33mModule level directives cause errors when bundled, "use client" in[39m
[90m│[39m  [33m"node_modules/@mantine/core/esm/components/Table/Table.mjs" was[39m
[90m│[39m  [33mignored.[39m
[90m│[39m
[33m▲[39m  [43mVite[49m
[90m│[39m  [33mnode_modules/@mantine/core/esm/components/Table/Table.components.mjs[39m
[90m│[39m  [33m(1:0): Module level directives cause errors when bundled, "use client"[39m
[90m│[39m  [33min[39m
[90m│[39m  [33m"node_modules/@mantine/core/esm/components/Table/Table.components.mjs"[39m
[90m│[39m  [33mwas ignored.[39m
[90m│[39m
[33m▲[39m  [43mVite[49m
[90m│[39m  [33mnode_modules/@mantine/core/esm/components/TableOfContents/TableOfContents.mjs[39m
[90m│[39m  [33m(1:0): Module level directives cause errors when bundled, "use client"[39m
[90m│[39m  [33min[39m
[90m│[39m  [33m"node_modules/@mantine/core/esm/components/TableOfContents/TableOfContents.mjs"[39m
[90m│[39m  [33mwas ignored.[39m
[90m│[39m
[33m▲[39m  [43mVite[49m
[90m│[39m  [33mnode_modules/@mantine/core/esm/components/Table/TableScrollContainer.mjs[39m
[90m│[39m  [33m(1:0): Module level directives cause errors when bundled, "use client"[39m
[90m│[39m  [33min[39m
[90m│[39m  [33m"node_modules/@mantine/core/esm/components/Table/TableScrollContainer.mjs"[39m
[90m│[39m  [33mwas ignored.[39m
[90m│[39m
[33m▲[39m  [43mVite[49m [33mnode_modules/@mantine/core/esm/components/Tabs/Tabs.mjs (1:0):[39m
[90m│[39m  [33mModule level directives cause errors when bundled, "use client" in[39m
[90m│[39m  [33m"node_modules/@mantine/core/esm/components/Tabs/Tabs.mjs" was ignored.[39m
[90m│[39m
[33m▲[39m  [43mVite[49m [33mnode_modules/@mantine/core/esm/components/Text/Text.mjs (1:0):[39m
[90m│[39m  [33mModule level directives cause errors when bundled, "use client" in[39m
[90m│[39m  [33m"node_modules/@mantine/core/esm/components/Text/Text.mjs" was ignored.[39m
[90m│[39m
[33m▲[39m  [43mVite[49m
[90m│[39m  [33mnode_modules/@mantine/core/esm/components/Tabs/TabsTab/TabsTab.mjs[39m
[90m│[39m  [33m(1:0): Module level directives cause errors when bundled, "use client"[39m
[90m│[39m  [33min[39m
[90m│[39m  [33m"node_modules/@mantine/core/esm/components/Tabs/TabsTab/TabsTab.mjs"[39m
[90m│[39m  [33mwas ignored.[39m
[90m│[39m
[33m▲[39m  [43mVite[49m
[90m│[39m  [33mnode_modules/@mantine/core/esm/components/Tabs/TabsPanel/TabsPanel.mjs[39m
[90m│[39m  [33m(1:0): Module level directives cause errors when bundled, "use client"[39m
[90m│[39m  [33min[39m
[90m│[39m  [33m"node_modules/@mantine/core/esm/components/Tabs/TabsPanel/TabsPanel.mjs"[39m
[90m│[39m  [33mwas ignored.[39m
[90m│[39m
[33m▲[39m  [43mVite[49m [33mnode_modules/@mantine/core/esm/components/TagsInput/TagsInput.mjs[39m
[90m│[39m  [33m(1:0): Module level directives cause errors when bundled, "use client"[39m
[90m│[39m  [33min "node_modules/@mantine/core/esm/components/TagsInput/TagsInput.mjs"[39m
[90m│[39m  [33mwas ignored.[39m
[90m│[39m
[33m▲[39m  [43mVite[49m [33mnode_modules/@mantine/core/esm/components/Textarea/Textarea.mjs[39m
[90m│[39m  [33m(1:0): Module level directives cause errors when bundled, "use client"[39m
[90m│[39m  [33min "node_modules/@mantine/core/esm/components/Textarea/Textarea.mjs"[39m
[90m│[39m  [33mwas ignored.[39m
[90m│[39m
[33m▲[39m  [43mVite[49m [33mnode_modules/@mantine/core/esm/components/ThemeIcon/ThemeIcon.mjs[39m
[90m│[39m  [33m(1:0): Module level directives cause errors when bundled, "use client"[39m
[90m│[39m  [33min "node_modules/@mantine/core/esm/components/ThemeIcon/ThemeIcon.mjs"[39m
[90m│[39m  [33mwas ignored.[39m
[90m│[39m
[33m▲[39m  [43mVite[49m [33mnode_modules/@mantine/core/esm/components/Title/Title.mjs (1:0):[39m
[90m│[39m  [33mModule level directives cause errors when bundled, "use client" in[39m
[90m│[39m  [33m"node_modules/@mantine/core/esm/components/Title/Title.mjs" was[39m
[90m│[39m  [33mignored.[39m
[90m│[39m
[33m▲[39m  [43mVite[49m [33mnode_modules/@mantine/core/esm/components/Timeline/Timeline.mjs[39m
[90m│[39m  [33m(1:0): Module level directives cause errors when bundled, "use client"[39m
[90m│[39m  [33min "node_modules/@mantine/core/esm/components/Timeline/Timeline.mjs"[39m
[90m│[39m  [33mwas ignored.[39m
[90m│[39m
[33m▲[39m  [43mVite[49m
[90m│[39m  [33mnode_modules/@mantine/core/esm/components/Timeline/TimelineItem/TimelineItem.mjs[39m
[90m│[39m  [33m(1:0): Module level directives cause errors when bundled, "use client"[39m
[90m│[39m  [33min[39m
[90m│[39m  [33m"node_modules/@mantine/core/esm/components/Timeline/TimelineItem/TimelineItem.mjs"[39m
[90m│[39m  [33mwas ignored.[39m
[90m│[39m
[33m▲[39m  [43mVite[49m [33mnode_modules/@mantine/core/esm/components/Tooltip/Tooltip.mjs[39m
[90m│[39m  [33m(1:0): Module level directives cause errors when bundled, "use client"[39m
[90m│[39m  [33min "node_modules/@mantine/core/esm/components/Tooltip/Tooltip.mjs" was[39m
[90m│[39m  [33mignored.[39m
[90m│[39m
[33m▲[39m  [43mVite[49m
[90m│[39m  [33mnode_modules/@mantine/core/esm/components/Tooltip/TooltipGroup/TooltipGroup.mjs[39m
[90m│[39m  [33m(1:0): Module level directives cause errors when bundled, "use client"[39m
[90m│[39m  [33min[39m
[90m│[39m  [33m"node_modules/@mantine/core/esm/components/Tooltip/TooltipGroup/TooltipGroup.mjs"[39m
[90m│[39m  [33mwas ignored.[39m
[90m│[39m
[33m▲[39m  [43mVite[49m
[90m│[39m  [33mnode_modules/@mantine/core/esm/components/Tabs/TabsList/TabsList.mjs[39m
[90m│[39m  [33m(1:0): Module level directives cause errors when bundled, "use client"[39m
[90m│[39m  [33min[39m
[90m│[39m  [33m"node_modules/@mantine/core/esm/components/Tabs/TabsList/TabsList.mjs"[39m
[90m│[39m  [33mwas ignored.[39m
[90m│[39m
[33m▲[39m  [43mVite[49m
[90m│[39m  [33mnode_modules/@mantine/core/esm/components/Transition/transitions.mjs[39m
[90m│[39m  [33m(1:0): Module level directives cause errors when bundled, "use client"[39m
[90m│[39m  [33min[39m
[90m│[39m  [33m"node_modules/@mantine/core/esm/components/Transition/transitions.mjs"[39m
[90m│[39m  [33mwas ignored.[39m
[90m│[39m
[33m▲[39m  [43mVite[49m
[90m│[39m  [33mnode_modules/@mantine/core/esm/components/Tooltip/TooltipFloating/TooltipFloating.mjs[39m
[90m│[39m  [33m(1:0): Module level directives cause errors when bundled, "use client"[39m
[90m│[39m  [33min[39m
[90m│[39m  [33m"node_modules/@mantine/core/esm/components/Tooltip/TooltipFloating/TooltipFloating.mjs"[39m
[90m│[39m  [33mwas ignored.[39m
[90m│[39m
[33m▲[39m  [43mVite[49m [33mnode_modules/@mantine/core/esm/components/Typography/index.mjs[39m
[90m│[39m  [33m(1:0): Module level directives cause errors when bundled, "use client"[39m
[90m│[39m  [33min "node_modules/@mantine/core/esm/components/Typography/index.mjs"[39m
[90m│[39m  [33mwas ignored.[39m
[90m│[39m
[33m▲[39m  [43mVite[49m [33mnode_modules/@mantine/core/esm/components/TextInput/TextInput.mjs[39m
[90m│[39m  [33m(1:0): Module level directives cause errors when bundled, "use client"[39m
[90m│[39m  [33min "node_modules/@mantine/core/esm/components/TextInput/TextInput.mjs"[39m
[90m│[39m  [33mwas ignored.[39m
[90m│[39m
[33m▲[39m  [43mVite[49m [33mnode_modules/@mantine/core/esm/components/Tree/Tree.mjs (1:0):[39m
[90m│[39m  [33mModule level directives cause errors when bundled, "use client" in[39m
[90m│[39m  [33m"node_modules/@mantine/core/esm/components/Tree/Tree.mjs" was ignored.[39m
[90m│[39m
[33m▲[39m  [43mVite[49m
[90m│[39m  [33mnode_modules/@mantine/core/esm/components/Transition/Transition.mjs[39m
[90m│[39m  [33m(1:0): Module level directives cause errors when bundled, "use client"[39m
[90m│[39m  [33min[39m
[90m│[39m  [33m"node_modules/@mantine/core/esm/components/Transition/Transition.mjs"[39m
[90m│[39m  [33mwas ignored.[39m
[90m│[39m
[33m▲[39m  [43mVite[49m
[90m│[39m  [33mnode_modules/@mantine/core/esm/components/Typography/Typography.mjs[39m
[90m│[39m  [33m(1:0): Module level directives cause errors when bundled, "use client"[39m
[90m│[39m  [33min[39m
[90m│[39m  [33m"node_modules/@mantine/core/esm/components/Typography/Typography.mjs"[39m
[90m│[39m  [33mwas ignored.[39m
[90m│[39m
[33m▲[39m  [43mVite[49m
[90m│[39m  [33mnode_modules/@mantine/core/esm/components/Transition/get-transition-props/get-transition-props.mjs[39m
[90m│[39m  [33m(1:0): Module level directives cause errors when bundled, "use client"[39m
[90m│[39m  [33min[39m
[90m│[39m  [33m"node_modules/@mantine/core/esm/components/Transition/get-transition-props/get-transition-props.mjs"[39m
[90m│[39m  [33mwas ignored.[39m
[90m│[39m
[33m▲[39m  [43mVite[49m [33mnode_modules/@mantine/core/esm/components/Tree/use-tree.mjs[39m
[90m│[39m  [33m(1:0): Module level directives cause errors when bundled, "use client"[39m
[90m│[39m  [33min "node_modules/@mantine/core/esm/components/Tree/use-tree.mjs" was[39m
[90m│[39m  [33mignored.[39m
[90m│[39m
[33m▲[39m  [43mVite[49m [33msrc/components/shared/HeroSearchFallback.tsx (1:0): Error when[39m
[90m│[39m  [33musing sourcemap for reporting an error: Can't resolve original[39m
[90m│[39m  [33mlocation of error.[39m
[90m│[39m
[33m▲[39m  [43mVite[49m [33msrc/components/shared/HeroSearchFallback.tsx (1:0): Module level[39m
[90m│[39m  [33mdirectives cause errors when bundled, "use client" in[39m
[90m│[39m  [33m"src/components/shared/HeroSearchFallback.tsx" was ignored.[39m
[90m│[39m
[33m▲[39m  [43mVite[49m [33msrc/components/shared/HeroSearchView.tsx (1:0): Error when using[39m
[90m│[39m  [33msourcemap for reporting an error: Can't resolve original location of[39m
[90m│[39m  [33merror.[39m
[90m│[39m
[33m▲[39m  [43mVite[49m [33msrc/components/shared/HeroSearchView.tsx (1:0): Module level[39m
[90m│[39m  [33mdirectives cause errors when bundled, "use client" in[39m
[90m│[39m  [33m"src/components/shared/HeroSearchView.tsx" was ignored.[39m
[90m│[39m
[33m▲[39m  [43mVite[49m [33msrc/components/admin/AdminTable.tsx (1:0): Error when using[39m
[90m│[39m  [33msourcemap for reporting an error: Can't resolve original location of[39m
[90m│[39m  [33merror.[39m
[90m│[39m
[33m▲[39m  [43mVite[49m [33msrc/components/admin/AdminTable.tsx (1:0): Module level[39m
[90m│[39m  [33mdirectives cause errors when bundled, "use client" in[39m
[90m│[39m  [33m"src/components/admin/AdminTable.tsx" was ignored.[39m
[90m│[39m
[33m▲[39m  [43mVite[49m [33msrc/components/admin/AdminCurrenciesManager.tsx (1:0): Error when[39m
[90m│[39m  [33musing sourcemap for reporting an error: Can't resolve original[39m
[90m│[39m  [33mlocation of error.[39m
[90m│[39m
[33m▲[39m  [43mVite[49m [33msrc/components/admin/AdminCurrenciesManager.tsx (1:0): Module[39m
[90m│[39m  [33mlevel directives cause errors when bundled, "use client" in[39m
[90m│[39m  [33m"src/components/admin/AdminCurrenciesManager.tsx" was ignored.[39m
[90m│[39m
[33m▲[39m  [43mVite[49m [33msrc/modules/auth/components/AuthSheet.tsx (1:0): Error when using[39m
[90m│[39m  [33msourcemap for reporting an error: Can't resolve original location of[39m
[90m│[39m  [33merror.[39m
[90m│[39m
[33m▲[39m  [43mVite[49m [33msrc/modules/auth/components/AuthSheet.tsx (1:0): Module level[39m
[90m│[39m  [33mdirectives cause errors when bundled, "use client" in[39m
[90m│[39m  [33m"src/modules/auth/components/AuthSheet.tsx" was ignored.[39m
[90m│[39m
[33m▲[39m  [43mVite[49m [33msrc/modules/auth/context/AuthContext.tsx (1:0): Error when using[39m
[90m│[39m  [33msourcemap for reporting an error: Can't resolve original location of[39m
[90m│[39m  [33merror.[39m
[90m│[39m
[33m▲[39m  [43mVite[49m [33msrc/modules/auth/context/AuthContext.tsx (1:0): Module level[39m
[90m│[39m  [33mdirectives cause errors when bundled, "use client" in[39m
[90m│[39m  [33m"src/modules/auth/context/AuthContext.tsx" was ignored.[39m
[90m│[39m
[33m▲[39m  [43mVite[49m [33msrc/components/admin/AdminListingsTable.tsx (1:0): Error when[39m
[90m│[39m  [33musing sourcemap for reporting an error: Can't resolve original[39m
[90m│[39m  [33mlocation of error.[39m
[90m│[39m
[33m▲[39m  [43mVite[49m [33msrc/components/admin/AdminListingsTable.tsx (1:0): Module level[39m
[90m│[39m  [33mdirectives cause errors when bundled, "use client" in[39m
[90m│[39m  [33m"src/components/admin/AdminListingsTable.tsx" was ignored.[39m
[90m│[39m
[33m▲[39m  [43mVite[49m [33mnode_modules/@mantine/core/esm/core/utils/get-env/get-env.mjs[39m
[90m│[39m  [33m(1:0): Module level directives cause errors when bundled, "use client"[39m
[90m│[39m  [33min "node_modules/@mantine/core/esm/core/utils/get-env/get-env.mjs" was[39m
[90m│[39m  [33mignored.[39m
[90m│[39m
[33m▲[39m  [43mVite[49m [33msrc/design-system/mantine/patterns/MantineFilterSection.tsx[39m
[90m│[39m  [33m(1:0): Error when using sourcemap for reporting an error: Can't[39m
[90m│[39m  [33mresolve original location of error.[39m
[90m│[39m
[33m▲[39m  [43mVite[49m [33msrc/design-system/mantine/patterns/MantineFilterSection.tsx[39m
[90m│[39m  [33m(1:0): Module level directives cause errors when bundled, "use client"[39m
[90m│[39m  [33min "src/design-system/mantine/patterns/MantineFilterSection.tsx" was[39m
[90m│[39m  [33mignored.[39m
[90m│[39m
[33m▲[39m  [43mVite[49m [33msrc/design-system/mantine/patterns/MantineAddItemPanel.tsx (1:0):[39m
[90m│[39m  [33mError when using sourcemap for reporting an error: Can't resolve[39m
[90m│[39m  [33moriginal location of error.[39m
[90m│[39m
[33m▲[39m  [43mVite[49m [33msrc/design-system/mantine/patterns/MantineAddItemPanel.tsx (1:0):[39m
[90m│[39m  [33mModule level directives cause errors when bundled, "use client" in[39m
[90m│[39m  [33m"src/design-system/mantine/patterns/MantineAddItemPanel.tsx" was[39m
[90m│[39m  [33mignored.[39m
[90m│[39m
[33m▲[39m  [43mVite[49m [33msrc/modules/listings/components/ListingsFilters.tsx (1:0): Error[39m
[90m│[39m  [33mwhen using sourcemap for reporting an error: Can't resolve original[39m
[90m│[39m  [33mlocation of error.[39m
[90m│[39m
[33m▲[39m  [43mVite[49m [33msrc/modules/listings/components/ListingsFilters.tsx (1:0): Module[39m
[90m│[39m  [33mlevel directives cause errors when bundled, "use client" in[39m
[90m│[39m  [33m"src/modules/listings/components/ListingsFilters.tsx" was ignored.[39m
[90m│[39m
[33m▲[39m  [43mVite[49m [33mnode_modules/lucide-react/dist/esm/context.mjs (2:0): Module[39m
[90m│[39m  [33mlevel directives cause errors when bundled, "use client" in[39m
[90m│[39m  [33m"node_modules/lucide-react/dist/esm/context.mjs" was ignored.[39m
[90m│[39m
[33m▲[39m  [43mVite[49m
[90m│[39m  [33mnode_modules/next-intl/dist/esm/production/shared/NextIntlClientProvider.js[39m
[90m│[39m  [33m(1:0): Module level directives cause errors when bundled, "use client"[39m
[90m│[39m  [33min[39m
[90m│[39m  [33m"node_modules/next-intl/dist/esm/production/shared/NextIntlClientProvider.js"[39m
[90m│[39m  [33mwas ignored.[39m
[90m│[39m
[33m▲[39m  [43mVite[49m [33mnode_modules/lucide-react/dist/esm/Icon.mjs (2:0): Module level[39m
[90m│[39m  [33mdirectives cause errors when bundled, "use client" in[39m
[90m│[39m  [33m"node_modules/lucide-react/dist/esm/Icon.mjs" was ignored.[39m
[90m│[39m
[33m▲[39m  [43mVite[49m [33mnode_modules/@mantine/modals/esm/ModalsProvider.mjs (1:0): Module[39m
[90m│[39m  [33mlevel directives cause errors when bundled, "use client" in[39m
[90m│[39m  [33m"node_modules/@mantine/modals/esm/ModalsProvider.mjs" was ignored.[39m
[90m│[39m
[33m▲[39m  [43mVite[49m [33mnode_modules/@mantine/modals/esm/events.mjs (1:0): Module level[39m
[90m│[39m  [33mdirectives cause errors when bundled, "use client" in[39m
[90m│[39m  [33m"node_modules/@mantine/modals/esm/events.mjs" was ignored.[39m
[90m│[39m
[33m▲[39m  [43mVite[49m [33mnode_modules/@mantine/modals/esm/use-modals/use-modals.mjs (1:0):[39m
[90m│[39m  [33mModule level directives cause errors when bundled, "use client" in[39m
[90m│[39m  [33m"node_modules/@mantine/modals/esm/use-modals/use-modals.mjs" was[39m
[90m│[39m  [33mignored.[39m
[90m│[39m
[33m▲[39m  [43mVite[49m [33mnode_modules/@mantine/notifications/esm/notifications.store.mjs[39m
[90m│[39m  [33m(1:0): Module level directives cause errors when bundled, "use client"[39m
[90m│[39m  [33min "node_modules/@mantine/notifications/esm/notifications.store.mjs"[39m
[90m│[39m  [33mwas ignored.[39m
[90m│[39m
[33m▲[39m  [43mVite[49m [33mnode_modules/@mantine/notifications/esm/Notifications.mjs (1:0):[39m
[90m│[39m  [33mModule level directives cause errors when bundled, "use client" in[39m
[90m│[39m  [33m"node_modules/@mantine/notifications/esm/Notifications.mjs" was[39m
[90m│[39m  [33mignored.[39m
[90m│[39m
[33m▲[39m  [43mVite[49m [33mnode_modules/cmdk/dist/index.mjs (1:0): Module level directives[39m
[90m│[39m  [33mcause errors when bundled, "use client" in[39m
[90m│[39m  [33m"node_modules/cmdk/dist/index.mjs" was ignored.[39m
[90m│[39m
[33m▲[39m  [43mVite[49m
[90m│[39m  [33mnode_modules/@mantine/core/esm/core/styles-api/use-styles/get-class-name/get-class-name.mjs[39m
[90m│[39m  [33m(1:0): Module level directives cause errors when bundled, "use client"[39m
[90m│[39m  [33min[39m
[90m│[39m  [33m"node_modules/@mantine/core/esm/core/styles-api/use-styles/get-class-name/get-class-name.mjs"[39m
[90m│[39m  [33mwas ignored.[39m
[90m│[39m
[33m▲[39m  [43mVite[49m
[90m│[39m  [33mnode_modules/@mantine/core/esm/core/styles-api/use-styles/get-style/get-style.mjs[39m
[90m│[39m  [33m(1:0): Module level directives cause errors when bundled, "use client"[39m
[90m│[39m  [33min[39m
[90m│[39m  [33m"node_modules/@mantine/core/esm/core/styles-api/use-styles/get-style/get-style.mjs"[39m
[90m│[39m  [33mwas ignored.[39m
[90m│[39m
[33m▲[39m  [43mVite[49m
[90m│[39m  [33mnode_modules/@mantine/core/esm/core/styles-api/use-styles/use-transformed-styles.mjs[39m
[90m│[39m  [33m(1:0): Module level directives cause errors when bundled, "use client"[39m
[90m│[39m  [33min[39m
[90m│[39m  [33m"node_modules/@mantine/core/esm/core/styles-api/use-styles/use-transformed-styles.mjs"[39m
[90m│[39m  [33mwas ignored.[39m
[90m│[39m
[33m▲[39m  [43mVite[49m
[90m│[39m  [33mnode_modules/@mantine/core/esm/core/MantineProvider/MantineClasses/MantineClasses.mjs[39m
[90m│[39m  [33m(1:0): Module level directives cause errors when bundled, "use client"[39m
[90m│[39m  [33min[39m
[90m│[39m  [33m"node_modules/@mantine/core/esm/core/MantineProvider/MantineClasses/MantineClasses.mjs"[39m
[90m│[39m  [33mwas ignored.[39m
[90m│[39m
[33m▲[39m  [43mVite[49m
[90m│[39m  [33mnode_modules/@mantine/core/esm/core/MantineProvider/use-respect-reduce-motion/use-respect-reduce-motion.mjs[39m
[90m│[39m  [33m(1:0): Module level directives cause errors when bundled, "use client"[39m
[90m│[39m  [33min[39m
[90m│[39m  [33m"node_modules/@mantine/core/esm/core/MantineProvider/use-respect-reduce-motion/use-respect-reduce-motion.mjs"[39m
[90m│[39m  [33mwas ignored.[39m
[90m│[39m
[33m▲[39m  [43mVite[49m
[90m│[39m  [33mnode_modules/@mantine/core/esm/core/MantineProvider/convert-css-variables/css-variables-object-to-string.mjs[39m
[90m│[39m  [33m(1:0): Module level directives cause errors when bundled, "use client"[39m
[90m│[39m  [33min[39m
[90m│[39m  [33m"node_modules/@mantine/core/esm/core/MantineProvider/convert-css-variables/css-variables-object-to-string.mjs"[39m
[90m│[39m  [33mwas ignored.[39m
[90m│[39m
[33m▲[39m  [43mVite[49m
[90m│[39m  [33mnode_modules/@mantine/core/esm/core/Box/style-props/resolvers/index.mjs[39m
[90m│[39m  [33m(1:0): Module level directives cause errors when bundled, "use client"[39m
[90m│[39m  [33min[39m
[90m│[39m  [33m"node_modules/@mantine/core/esm/core/Box/style-props/resolvers/index.mjs"[39m
[90m│[39m  [33mwas ignored.[39m
[90m│[39m
[33m▲[39m  [43mVite[49m
[90m│[39m  [33mnode_modules/@mantine/core/esm/core/Box/style-props/parse-style-props/sort-media-queries.mjs[39m
[90m│[39m  [33m(1:0): Module level directives cause errors when bundled, "use client"[39m
[90m│[39m  [33min[39m
[90m│[39m  [33m"node_modules/@mantine/core/esm/core/Box/style-props/parse-style-props/sort-media-queries.mjs"[39m
[90m│[39m  [33mwas ignored.[39m
[90m│[39m
[33m▲[39m  [43mVite[49m
[90m│[39m  [33mnode_modules/@mantine/core/esm/core/MantineProvider/MantineCssVariables/get-merged-variables.mjs[39m
[90m│[39m  [33m(1:0): Module level directives cause errors when bundled, "use client"[39m
[90m│[39m  [33min[39m
[90m│[39m  [33m"node_modules/@mantine/core/esm/core/MantineProvider/MantineCssVariables/get-merged-variables.mjs"[39m
[90m│[39m  [33mwas ignored.[39m
[90m│[39m
[33m▲[39m  [43mVite[49m
[90m│[39m  [33mnode_modules/@mantine/core/esm/core/MantineProvider/MantineCssVariables/remove-default-variables.mjs[39m
[90m│[39m  [33m(1:0): Module level directives cause errors when bundled, "use client"[39m
[90m│[39m  [33min[39m
[90m│[39m  [33m"node_modules/@mantine/core/esm/core/MantineProvider/MantineCssVariables/remove-default-variables.mjs"[39m
[90m│[39m  [33mwas ignored.[39m
[90m│[39m
[33m▲[39m  [43mVite[49m
[90m│[39m  [33mnode_modules/@mantine/core/esm/core/Box/get-box-mod/get-box-mod.mjs[39m
[90m│[39m  [33m(1:0): Module level directives cause errors when bundled, "use client"[39m
[90m│[39m  [33min[39m
[90m│[39m  [33m"node_modules/@mantine/core/esm/core/Box/get-box-mod/get-box-mod.mjs"[39m
[90m│[39m  [33mwas ignored.[39m
[90m│[39m
[33m▲[39m  [43mVite[49m
[90m│[39m  [33mnode_modules/@mantine/core/esm/core/Box/get-box-style/get-box-style.mjs[39m
[90m│[39m  [33m(1:0): Module level directives cause errors when bundled, "use client"[39m
[90m│[39m  [33min[39m
[90m│[39m  [33m"node_modules/@mantine/core/esm/core/Box/get-box-style/get-box-style.mjs"[39m
[90m│[39m  [33mwas ignored.[39m
[90m│[39m
[33m▲[39m  [43mVite[49m
[90m│[39m  [33mnode_modules/@mantine/core/esm/components/Collapse/use-collapse.mjs[39m
[90m│[39m  [33m(1:0): Module level directives cause errors when bundled, "use client"[39m
[90m│[39m  [33min[39m
[90m│[39m  [33m"node_modules/@mantine/core/esm/components/Collapse/use-collapse.mjs"[39m
[90m│[39m  [33mwas ignored.[39m
[90m│[39m
[33m▲[39m  [43mVite[49m
[90m│[39m  [33mnode_modules/@mantine/core/esm/core/InlineStyles/css-object-to-string/css-object-to-string.mjs[39m
[90m│[39m  [33m(1:0): Module level directives cause errors when bundled, "use client"[39m
[90m│[39m  [33min[39m
[90m│[39m  [33m"node_modules/@mantine/core/esm/core/InlineStyles/css-object-to-string/css-object-to-string.mjs"[39m
[90m│[39m  [33mwas ignored.[39m
[90m│[39m
[33m▲[39m  [43mVite[49m
[90m│[39m  [33mnode_modules/@mantine/core/esm/components/VisuallyHidden/VisuallyHidden.module.css.mjs[39m
[90m│[39m  [33m(1:0): Module level directives cause errors when bundled, "use client"[39m
[90m│[39m  [33min[39m
[90m│[39m  [33m"node_modules/@mantine/core/esm/components/VisuallyHidden/VisuallyHidden.module.css.mjs"[39m
[90m│[39m  [33mwas ignored.[39m
[90m│[39m
[33m▲[39m  [43mVite[49m
[90m│[39m  [33mnode_modules/@mantine/core/esm/components/ScrollArea/ScrollArea.module.css.mjs[39m
[90m│[39m  [33m(1:0): Module level directives cause errors when bundled, "use client"[39m
[90m│[39m  [33min[39m
[90m│[39m  [33m"node_modules/@mantine/core/esm/components/ScrollArea/ScrollArea.module.css.mjs"[39m
[90m│[39m  [33mwas ignored.[39m
[90m│[39m
[33m▲[39m  [43mVite[49m
[90m│[39m  [33mnode_modules/@mantine/core/esm/components/ScrollArea/ScrollAreaCorner/ScrollAreaCorner.mjs[39m
[90m│[39m  [33m(1:0): Module level directives cause errors when bundled, "use client"[39m
[90m│[39m  [33min[39m
[90m│[39m  [33m"node_modules/@mantine/core/esm/components/ScrollArea/ScrollAreaCorner/ScrollAreaCorner.mjs"[39m
[90m│[39m  [33mwas ignored.[39m
[90m│[39m
[33m▲[39m  [43mVite[49m
[90m│[39m  [33mnode_modules/@mantine/core/esm/components/ScrollArea/ScrollAreaRoot/ScrollAreaRoot.mjs[39m
[90m│[39m  [33m(1:0): Module level directives cause errors when bundled, "use client"[39m
[90m│[39m  [33min[39m
[90m│[39m  [33m"node_modules/@mantine/core/esm/components/ScrollArea/ScrollAreaRoot/ScrollAreaRoot.mjs"[39m
[90m│[39m  [33mwas ignored.[39m
[90m│[39m
[33m▲[39m  [43mVite[49m
[90m│[39m  [33mnode_modules/@mantine/core/esm/components/ScrollArea/ScrollAreaScrollbar/ScrollAreaScrollbar.mjs[39m
[90m│[39m  [33m(1:0): Module level directives cause errors when bundled, "use client"[39m
[90m│[39m  [33min[39m
[90m│[39m  [33m"node_modules/@mantine/core/esm/components/ScrollArea/ScrollAreaScrollbar/ScrollAreaScrollbar.mjs"[39m
[90m│[39m  [33mwas ignored.[39m
[90m│[39m
[33m▲[39m  [43mVite[49m
[90m│[39m  [33mnode_modules/@mantine/core/esm/components/ScrollArea/ScrollAreaThumb/ScrollAreaThumb.mjs[39m
[90m│[39m  [33m(1:0): Module level directives cause errors when bundled, "use client"[39m
[90m│[39m  [33min[39m
[90m│[39m  [33m"node_modules/@mantine/core/esm/components/ScrollArea/ScrollAreaThumb/ScrollAreaThumb.mjs"[39m
[90m│[39m  [33mwas ignored.[39m
[90m│[39m
[33m▲[39m  [43mVite[49m
[90m│[39m  [33mnode_modules/@mantine/core/esm/components/Popover/Popover.context.mjs[39m
[90m│[39m  [33m(1:0): Module level directives cause errors when bundled, "use client"[39m
[90m│[39m  [33min[39m
[90m│[39m  [33m"node_modules/@mantine/core/esm/components/Popover/Popover.context.mjs"[39m
[90m│[39m  [33mwas ignored.[39m
[90m│[39m
[33m▲[39m  [43mVite[49m
[90m│[39m  [33mnode_modules/@mantine/core/esm/components/UnstyledButton/UnstyledButton.module.css.mjs[39m
[90m│[39m  [33m(1:0): Module level directives cause errors when bundled, "use client"[39m
[90m│[39m  [33min[39m
[90m│[39m  [33m"node_modules/@mantine/core/esm/components/UnstyledButton/UnstyledButton.module.css.mjs"[39m
[90m│[39m  [33mwas ignored.[39m
[90m│[39m
[33m▲[39m  [43mVite[49m [33mnode_modules/@mantine/core/esm/components/Popover/use-popover.mjs[39m
[90m│[39m  [33m(1:0): Module level directives cause errors when bundled, "use client"[39m
[90m│[39m  [33min "node_modules/@mantine/core/esm/components/Popover/use-popover.mjs"[39m
[90m│[39m  [33mwas ignored.[39m
[90m│[39m
[33m▲[39m  [43mVite[49m
[90m│[39m  [33mnode_modules/@mantine/core/esm/components/ScrollArea/ScrollAreaViewport/ScrollAreaViewport.mjs[39m
[90m│[39m  [33m(1:0): Module level directives cause errors when bundled, "use client"[39m
[90m│[39m  [33min[39m
[90m│[39m  [33m"node_modules/@mantine/core/esm/components/ScrollArea/ScrollAreaViewport/ScrollAreaViewport.mjs"[39m
[90m│[39m  [33mwas ignored.[39m
[90m│[39m
[33m▲[39m  [43mVite[49m
[90m│[39m  [33mnode_modules/@mantine/core/esm/components/ActionIcon/ActionIcon.module.css.mjs[39m
[90m│[39m  [33m(1:0): Module level directives cause errors when bundled, "use client"[39m
[90m│[39m  [33min[39m
[90m│[39m  [33m"node_modules/@mantine/core/esm/components/ActionIcon/ActionIcon.module.css.mjs"[39m
[90m│[39m  [33mwas ignored.[39m
[90m│[39m
[33m▲[39m  [43mVite[49m
[90m│[39m  [33mnode_modules/@mantine/core/esm/components/CloseButton/CloseButton.module.css.mjs[39m
[90m│[39m  [33m(1:0): Module level directives cause errors when bundled, "use client"[39m
[90m│[39m  [33min[39m
[90m│[39m  [33m"node_modules/@mantine/core/esm/components/CloseButton/CloseButton.module.css.mjs"[39m
[90m│[39m  [33mwas ignored.[39m
[90m│[39m
[33m▲[39m  [43mVite[49m
[90m│[39m  [33mnode_modules/@mantine/core/esm/components/Loader/Loader.module.css.mjs[39m
[90m│[39m  [33m(1:0): Module level directives cause errors when bundled, "use client"[39m
[90m│[39m  [33min[39m
[90m│[39m  [33m"node_modules/@mantine/core/esm/components/Loader/Loader.module.css.mjs"[39m
[90m│[39m  [33mwas ignored.[39m
[90m│[39m
[33m▲[39m  [43mVite[49m
[90m│[39m  [33mnode_modules/@mantine/core/esm/components/Paper/Paper.module.css.mjs[39m
[90m│[39m  [33m(1:0): Module level directives cause errors when bundled, "use client"[39m
[90m│[39m  [33min[39m
[90m│[39m  [33m"node_modules/@mantine/core/esm/components/Paper/Paper.module.css.mjs"[39m
[90m│[39m  [33mwas ignored.[39m
[90m│[39m
[33m▲[39m  [43mVite[49m [33mnode_modules/@mantine/core/esm/components/Loader/loaders/Dots.mjs[39m
[90m│[39m  [33m(1:0): Module level directives cause errors when bundled, "use client"[39m
[90m│[39m  [33min "node_modules/@mantine/core/esm/components/Loader/loaders/Dots.mjs"[39m
[90m│[39m  [33mwas ignored.[39m
[90m│[39m
[33m▲[39m  [43mVite[49m [33mnode_modules/@mantine/core/esm/components/Loader/loaders/Bars.mjs[39m
[90m│[39m  [33m(1:0): Module level directives cause errors when bundled, "use client"[39m
[90m│[39m  [33min "node_modules/@mantine/core/esm/components/Loader/loaders/Bars.mjs"[39m
[90m│[39m  [33mwas ignored.[39m
[90m│[39m
[33m▲[39m  [43mVite[49m
[90m│[39m  [33mnode_modules/@mantine/core/esm/components/Group/filter-falsy-children/filter-falsy-children.mjs[39m
[90m│[39m  [33m(1:0): Module level directives cause errors when bundled, "use client"[39m
[90m│[39m  [33min[39m
[90m│[39m  [33m"node_modules/@mantine/core/esm/components/Group/filter-falsy-children/filter-falsy-children.mjs"[39m
[90m│[39m  [33mwas ignored.[39m
[90m│[39m
[33m▲[39m  [43mVite[49m
[90m│[39m  [33mnode_modules/@mantine/core/esm/components/Group/Group.module.css.mjs[39m
[90m│[39m  [33m(1:0): Module level directives cause errors when bundled, "use client"[39m
[90m│[39m  [33min[39m
[90m│[39m  [33m"node_modules/@mantine/core/esm/components/Group/Group.module.css.mjs"[39m
[90m│[39m  [33mwas ignored.[39m
[90m│[39m
[33m▲[39m  [43mVite[49m
[90m│[39m  [33mnode_modules/@mantine/core/esm/components/Overlay/Overlay.module.css.mjs[39m
[90m│[39m  [33m(1:0): Module level directives cause errors when bundled, "use client"[39m
[90m│[39m  [33min[39m
[90m│[39m  [33m"node_modules/@mantine/core/esm/components/Overlay/Overlay.module.css.mjs"[39m
[90m│[39m  [33mwas ignored.[39m
[90m│[39m
[33m▲[39m  [43mVite[49m
[90m│[39m  [33mnode_modules/@mantine/core/esm/components/ModalBase/ModalBase.context.mjs[39m
[90m│[39m  [33m(1:0): Module level directives cause errors when bundled, "use client"[39m
[90m│[39m  [33min[39m
[90m│[39m  [33m"node_modules/@mantine/core/esm/components/ModalBase/ModalBase.context.mjs"[39m
[90m│[39m  [33mwas ignored.[39m
[90m│[39m
[33m▲[39m  [43mVite[49m [33mnode_modules/@mantine/core/esm/components/ModalBase/use-modal.mjs[39m
[90m│[39m  [33m(1:0): Module level directives cause errors when bundled, "use client"[39m
[90m│[39m  [33min "node_modules/@mantine/core/esm/components/ModalBase/use-modal.mjs"[39m
[90m│[39m  [33mwas ignored.[39m
[90m│[39m
[33m▲[39m  [43mVite[49m
[90m│[39m  [33mnode_modules/@mantine/core/esm/components/ModalBase/ModalBase.module.css.mjs[39m
[90m│[39m  [33m(1:0): Module level directives cause errors when bundled, "use client"[39m
[90m│[39m  [33min[39m
[90m│[39m  [33m"node_modules/@mantine/core/esm/components/ModalBase/ModalBase.module.css.mjs"[39m
[90m│[39m  [33mwas ignored.[39m
[90m│[39m
[33m▲[39m  [43mVite[49m
[90m│[39m  [33mnode_modules/@mantine/core/esm/components/ModalBase/use-modal-transition.mjs[39m
[90m│[39m  [33m(1:0): Module level directives cause errors when bundled, "use client"[39m
[90m│[39m  [33min[39m
[90m│[39m  [33m"node_modules/@mantine/core/esm/components/ModalBase/use-modal-transition.mjs"[39m
[90m│[39m  [33mwas ignored.[39m
[90m│[39m
[33m▲[39m  [43mVite[49m [33mnode_modules/@mantine/core/esm/components/Input/Input.context.mjs[39m
[90m│[39m  [33m(1:0): Module level directives cause errors when bundled, "use client"[39m
[90m│[39m  [33min "node_modules/@mantine/core/esm/components/Input/Input.context.mjs"[39m
[90m│[39m  [33mwas ignored.[39m
[90m│[39m
[33m▲[39m  [43mVite[49m
[90m│[39m  [33mnode_modules/@mantine/core/esm/components/Input/Input.module.css.mjs[39m
[90m│[39m  [33m(1:0): Module level directives cause errors when bundled, "use client"[39m
[90m│[39m  [33min[39m
[90m│[39m  [33m"node_modules/@mantine/core/esm/components/Input/Input.module.css.mjs"[39m
[90m│[39m  [33mwas ignored.[39m
[90m│[39m
[33m▲[39m  [43mVite[49m
[90m│[39m  [33mnode_modules/@mantine/core/esm/components/Input/InputClearSection/InputClearSection.mjs[39m
[90m│[39m  [33m(1:0): Module level directives cause errors when bundled, "use client"[39m
[90m│[39m  [33min[39m
[90m│[39m  [33m"node_modules/@mantine/core/esm/components/Input/InputClearSection/InputClearSection.mjs"[39m
[90m│[39m  [33mwas ignored.[39m
[90m│[39m
[33m▲[39m  [43mVite[49m [33mnode_modules/@mantine/core/esm/components/Loader/loaders/Oval.mjs[39m
[90m│[39m  [33m(1:0): Module level directives cause errors when bundled, "use client"[39m
[90m│[39m  [33min "node_modules/@mantine/core/esm/components/Loader/loaders/Oval.mjs"[39m
[90m│[39m  [33mwas ignored.[39m
[90m│[39m
[33m▲[39m  [43mVite[49m
[90m│[39m  [33mnode_modules/@mantine/core/esm/components/ModalBase/use-modal-title-id.mjs[39m
[90m│[39m  [33m(1:0): Module level directives cause errors when bundled, "use client"[39m
[90m│[39m  [33min[39m
[90m│[39m  [33m"node_modules/@mantine/core/esm/components/ModalBase/use-modal-title-id.mjs"[39m
[90m│[39m  [33mwas ignored.[39m
[90m│[39m
[33m▲[39m  [43mVite[49m
[90m│[39m  [33mnode_modules/@mantine/core/esm/components/Input/InputWrapper/get-input-offsets/get-input-offsets.mjs[39m
[90m│[39m  [33m(1:0): Module level directives cause errors when bundled, "use client"[39m
[90m│[39m  [33min[39m
[90m│[39m  [33m"node_modules/@mantine/core/esm/components/Input/InputWrapper/get-input-offsets/get-input-offsets.mjs"[39m
[90m│[39m  [33mwas ignored.[39m
[90m│[39m
[33m▲[39m  [43mVite[49m
[90m│[39m  [33mnode_modules/@mantine/core/esm/components/FloatingIndicator/FloatingIndicator.module.css.mjs[39m
[90m│[39m  [33m(1:0): Module level directives cause errors when bundled, "use client"[39m
[90m│[39m  [33min[39m
[90m│[39m  [33m"node_modules/@mantine/core/esm/components/FloatingIndicator/FloatingIndicator.module.css.mjs"[39m
[90m│[39m  [33mwas ignored.[39m
[90m│[39m
[33m▲[39m  [43mVite[49m
[90m│[39m  [33mnode_modules/@mantine/core/esm/components/Flex/Flex.module.css.mjs[39m
[90m│[39m  [33m(1:0): Module level directives cause errors when bundled, "use client"[39m
[90m│[39m  [33min[39m
[90m│[39m  [33m"node_modules/@mantine/core/esm/components/Flex/Flex.module.css.mjs"[39m
[90m│[39m  [33mwas ignored.[39m
[90m│[39m
[33m▲[39m  [43mVite[49m
[90m│[39m  [33mnode_modules/@mantine/core/esm/components/FloatingIndicator/use-floating-indicator.mjs[39m
[90m│[39m  [33m(1:0): Module level directives cause errors when bundled, "use client"[39m
[90m│[39m  [33min[39m
[90m│[39m  [33m"node_modules/@mantine/core/esm/components/FloatingIndicator/use-floating-indicator.mjs"[39m
[90m│[39m  [33mwas ignored.[39m
[90m│[39m
[33m▲[39m  [43mVite[49m
[90m│[39m  [33mnode_modules/@mantine/core/esm/utils/Floating/FloatingArrow/get-arrow-position-styles.mjs[39m
[90m│[39m  [33m(1:0): Module level directives cause errors when bundled, "use client"[39m
[90m│[39m  [33min[39m
[90m│[39m  [33m"node_modules/@mantine/core/esm/utils/Floating/FloatingArrow/get-arrow-position-styles.mjs"[39m
[90m│[39m  [33mwas ignored.[39m
[90m│[39m
[33m▲[39m  [43mVite[49m
[90m│[39m  [33mnode_modules/@mantine/core/esm/components/Accordion/Accordion.module.css.mjs[39m
[90m│[39m  [33m(1:0): Module level directives cause errors when bundled, "use client"[39m
[90m│[39m  [33min[39m
[90m│[39m  [33m"node_modules/@mantine/core/esm/components/Accordion/Accordion.module.css.mjs"[39m
[90m│[39m  [33mwas ignored.[39m
[90m│[39m
[33m▲[39m  [43mVite[49m
[90m│[39m  [33mnode_modules/@mantine/core/esm/components/Accordion/AccordionItem.context.mjs[39m
[90m│[39m  [33m(1:0): Module level directives cause errors when bundled, "use client"[39m
[90m│[39m  [33min[39m
[90m│[39m  [33m"node_modules/@mantine/core/esm/components/Accordion/AccordionItem.context.mjs"[39m
[90m│[39m  [33mwas ignored.[39m
[90m│[39m
[33m▲[39m  [43mVite[49m
[90m│[39m  [33mnode_modules/@mantine/core/esm/components/Affix/Affix.module.css.mjs[39m
[90m│[39m  [33m(1:0): Module level directives cause errors when bundled, "use client"[39m
[90m│[39m  [33min[39m
[90m│[39m  [33m"node_modules/@mantine/core/esm/components/Affix/Affix.module.css.mjs"[39m
[90m│[39m  [33mwas ignored.[39m
[90m│[39m
[33m▲[39m  [43mVite[49m
[90m│[39m  [33mnode_modules/@mantine/core/esm/components/ModalBase/use-modal-body-id.mjs[39m
[90m│[39m  [33m(1:0): Module level directives cause errors when bundled, "use client"[39m
[90m│[39m  [33min[39m
[90m│[39m  [33m"node_modules/@mantine/core/esm/components/ModalBase/use-modal-body-id.mjs"[39m
[90m│[39m  [33mwas ignored.[39m
[90m│[39m
[33m▲[39m  [43mVite[49m
[90m│[39m  [33mnode_modules/@mantine/core/esm/components/Alert/Alert.module.css.mjs[39m
[90m│[39m  [33m(1:0): Module level directives cause errors when bundled, "use client"[39m
[90m│[39m  [33min[39m
[90m│[39m  [33m"node_modules/@mantine/core/esm/components/Alert/Alert.module.css.mjs"[39m
[90m│[39m  [33mwas ignored.[39m
[90m│[39m
[33m▲[39m  [43mVite[49m
[90m│[39m  [33mnode_modules/@mantine/core/esm/components/AngleSlider/AngleSlider.module.css.mjs[39m
[90m│[39m  [33m(1:0): Module level directives cause errors when bundled, "use client"[39m
[90m│[39m  [33min[39m
[90m│[39m  [33m"node_modules/@mantine/core/esm/components/AngleSlider/AngleSlider.module.css.mjs"[39m
[90m│[39m  [33mwas ignored.[39m
[90m│[39m
[33m▲[39m  [43mVite[49m
[90m│[39m  [33mnode_modules/@mantine/core/esm/components/AppShell/AppShell.context.mjs[39m
[90m│[39m  [33m(1:0): Module level directives cause errors when bundled, "use client"[39m
[90m│[39m  [33min[39m
[90m│[39m  [33m"node_modules/@mantine/core/esm/components/AppShell/AppShell.context.mjs"[39m
[90m│[39m  [33mwas ignored.[39m
[90m│[39m
[33m▲[39m  [43mVite[49m
[90m│[39m  [33mnode_modules/@mantine/core/esm/components/Popover/Popover.module.css.mjs[39m
[90m│[39m  [33m(1:0): Module level directives cause errors when bundled, "use client"[39m
[90m│[39m  [33min[39m
[90m│[39m  [33m"node_modules/@mantine/core/esm/components/Popover/Popover.module.css.mjs"[39m
[90m│[39m  [33mwas ignored.[39m
[90m│[39m
[33m▲[39m  [43mVite[49m
[90m│[39m  [33mnode_modules/@mantine/core/esm/components/Anchor/Anchor.module.css.mjs[39m
[90m│[39m  [33m(1:0): Module level directives cause errors when bundled, "use client"[39m
[90m│[39m  [33min[39m
[90m│[39m  [33m"node_modules/@mantine/core/esm/components/Anchor/Anchor.module.css.mjs"[39m
[90m│[39m  [33mwas ignored.[39m
[90m│[39m
[33m▲[39m  [43mVite[49m
[90m│[39m  [33mnode_modules/@mantine/core/esm/components/AppShell/use-resizing/use-resizing.mjs[39m
[90m│[39m  [33m(1:0): Module level directives cause errors when bundled, "use client"[39m
[90m│[39m  [33min[39m
[90m│[39m  [33m"node_modules/@mantine/core/esm/components/AppShell/use-resizing/use-resizing.mjs"[39m
[90m│[39m  [33mwas ignored.[39m
[90m│[39m
[33m▲[39m  [43mVite[49m
[90m│[39m  [33mnode_modules/@mantine/core/esm/components/Badge/Badge.module.css.mjs[39m
[90m│[39m  [33m(1:0): Module level directives cause errors when bundled, "use client"[39m
[90m│[39m  [33min[39m
[90m│[39m  [33m"node_modules/@mantine/core/esm/components/Badge/Badge.module.css.mjs"[39m
[90m│[39m  [33mwas ignored.[39m
[90m│[39m
[33m▲[39m  [43mVite[49m
[90m│[39m  [33mnode_modules/@mantine/core/esm/components/AspectRatio/AspectRatio.module.css.mjs[39m
[90m│[39m  [33m(1:0): Module level directives cause errors when bundled, "use client"[39m
[90m│[39m  [33min[39m
[90m│[39m  [33m"node_modules/@mantine/core/esm/components/AspectRatio/AspectRatio.module.css.mjs"[39m
[90m│[39m  [33mwas ignored.[39m
[90m│[39m
[33m▲[39m  [43mVite[49m
[90m│[39m  [33mnode_modules/@mantine/core/esm/components/AppShell/AppShellMediaStyles/AppShellMediaStyles.mjs[39m
[90m│[39m  [33m(1:0): Module level directives cause errors when bundled, "use client"[39m
[90m│[39m  [33min[39m
[90m│[39m  [33m"node_modules/@mantine/core/esm/components/AppShell/AppShellMediaStyles/AppShellMediaStyles.mjs"[39m
[90m│[39m  [33mwas ignored.[39m
[90m│[39m
[33m▲[39m  [43mVite[49m
[90m│[39m  [33mnode_modules/@mantine/core/esm/components/Accordion/Accordion.context.mjs[39m
[90m│[39m  [33m(1:0): Module level directives cause errors when bundled, "use client"[39m
[90m│[39m  [33min[39m
[90m│[39m  [33m"node_modules/@mantine/core/esm/components/Accordion/Accordion.context.mjs"[39m
[90m│[39m  [33mwas ignored.[39m
[90m│[39m
[33m▲[39m  [43mVite[49m
[90m│[39m  [33mnode_modules/@mantine/core/esm/components/Combobox/Combobox.context.mjs[39m
[90m│[39m  [33m(1:0): Module level directives cause errors when bundled, "use client"[39m
[90m│[39m  [33min[39m
[90m│[39m  [33m"node_modules/@mantine/core/esm/components/Combobox/Combobox.context.mjs"[39m
[90m│[39m  [33mwas ignored.[39m
[90m│[39m
[33m▲[39m  [43mVite[49m
[90m│[39m  [33mnode_modules/@mantine/core/esm/components/Avatar/Avatar.module.css.mjs[39m
[90m│[39m  [33m(1:0): Module level directives cause errors when bundled, "use client"[39m
[90m│[39m  [33min[39m
[90m│[39m  [33m"node_modules/@mantine/core/esm/components/Avatar/Avatar.module.css.mjs"[39m
[90m│[39m  [33mwas ignored.[39m
[90m│[39m
[33m▲[39m  [43mVite[49m
[90m│[39m  [33mnode_modules/@mantine/core/esm/components/Avatar/AvatarGroup/AvatarGroup.context.mjs[39m
[90m│[39m  [33m(1:0): Module level directives cause errors when bundled, "use client"[39m
[90m│[39m  [33min[39m
[90m│[39m  [33m"node_modules/@mantine/core/esm/components/Avatar/AvatarGroup/AvatarGroup.context.mjs"[39m
[90m│[39m  [33mwas ignored.[39m
[90m│[39m
[33m▲[39m  [43mVite[49m
[90m│[39m  [33mnode_modules/@mantine/core/esm/components/Avatar/AvatarPlaceholderIcon.mjs[39m
[90m│[39m  [33m(1:0): Module level directives cause errors when bundled, "use client"[39m
[90m│[39m  [33min[39m
[90m│[39m  [33m"node_modules/@mantine/core/esm/components/Avatar/AvatarPlaceholderIcon.mjs"[39m
[90m│[39m  [33mwas ignored.[39m
[90m│[39m
[33m▲[39m  [43mVite[49m
[90m│[39m  [33mnode_modules/@mantine/core/esm/components/Avatar/get-initials/get-initials.mjs[39m
[90m│[39m  [33m(1:0): Module level directives cause errors when bundled, "use client"[39m
[90m│[39m  [33min[39m
[90m│[39m  [33m"node_modules/@mantine/core/esm/components/Avatar/get-initials/get-initials.mjs"[39m
[90m│[39m  [33mwas ignored.[39m
[90m│[39m
[33m▲[39m  [43mVite[49m
[90m│[39m  [33mnode_modules/@mantine/core/esm/components/Breadcrumbs/Breadcrumbs.module.css.mjs[39m
[90m│[39m  [33m(1:0): Module level directives cause errors when bundled, "use client"[39m
[90m│[39m  [33min[39m
[90m│[39m  [33m"node_modules/@mantine/core/esm/components/Breadcrumbs/Breadcrumbs.module.css.mjs"[39m
[90m│[39m  [33mwas ignored.[39m
[90m│[39m
[33m▲[39m  [43mVite[49m
[90m│[39m  [33mnode_modules/@mantine/core/esm/components/Button/Button.module.css.mjs[39m
[90m│[39m  [33m(1:0): Module level directives cause errors when bundled, "use client"[39m
[90m│[39m  [33min[39m
[90m│[39m  [33m"node_modules/@mantine/core/esm/components/Button/Button.module.css.mjs"[39m
[90m│[39m  [33mwas ignored.[39m
[90m│[39m
[33m▲[39m  [43mVite[49m
[90m│[39m  [33mnode_modules/@mantine/core/esm/components/Blockquote/Blockquote.module.css.mjs[39m
[90m│[39m  [33m(1:0): Module level directives cause errors when bundled, "use client"[39m
[90m│[39m  [33min[39m
[90m│[39m  [33m"node_modules/@mantine/core/esm/components/Blockquote/Blockquote.module.css.mjs"[39m
[90m│[39m  [33mwas ignored.[39m
[90m│[39m
[33m▲[39m  [43mVite[49m
[90m│[39m  [33mnode_modules/@mantine/core/esm/components/Burger/Burger.module.css.mjs[39m
[90m│[39m  [33m(1:0): Module level directives cause errors when bundled, "use client"[39m
[90m│[39m  [33min[39m
[90m│[39m  [33m"node_modules/@mantine/core/esm/components/Burger/Burger.module.css.mjs"[39m
[90m│[39m  [33mwas ignored.[39m
[90m│[39m
[33m▲[39m  [43mVite[49m
[90m│[39m  [33mnode_modules/@mantine/core/esm/components/BackgroundImage/BackgroundImage.module.css.mjs[39m
[90m│[39m  [33m(1:0): Module level directives cause errors when bundled, "use client"[39m
[90m│[39m  [33min[39m
[90m│[39m  [33m"node_modules/@mantine/core/esm/components/BackgroundImage/BackgroundImage.module.css.mjs"[39m
[90m│[39m  [33mwas ignored.[39m
[90m│[39m
[33m▲[39m  [43mVite[49m
[90m│[39m  [33mnode_modules/@mantine/core/esm/components/Center/Center.module.css.mjs[39m
[90m│[39m  [33m(1:0): Module level directives cause errors when bundled, "use client"[39m
[90m│[39m  [33min[39m
[90m│[39m  [33m"node_modules/@mantine/core/esm/components/Center/Center.module.css.mjs"[39m
[90m│[39m  [33mwas ignored.[39m
[90m│[39m
[33m▲[39m  [43mVite[49m [33mnode_modules/@mantine/core/esm/utils/InlineInput/InlineInput.mjs[39m
[90m│[39m  [33m(1:0): Module level directives cause errors when bundled, "use client"[39m
[90m│[39m  [33min "node_modules/@mantine/core/esm/utils/InlineInput/InlineInput.mjs"[39m
[90m│[39m  [33mwas ignored.[39m
[90m│[39m
[33m▲[39m  [43mVite[49m
[90m│[39m  [33mnode_modules/@mantine/core/esm/components/Checkbox/Checkbox.module.css.mjs[39m
[90m│[39m  [33m(1:0): Module level directives cause errors when bundled, "use client"[39m
[90m│[39m  [33min[39m
[90m│[39m  [33m"node_modules/@mantine/core/esm/components/Checkbox/Checkbox.module.css.mjs"[39m
[90m│[39m  [33mwas ignored.[39m
[90m│[39m
[33m▲[39m  [43mVite[49m [33mnode_modules/@mantine/core/esm/components/Card/Card.context.mjs[39m
[90m│[39m  [33m(1:0): Module level directives cause errors when bundled, "use client"[39m
[90m│[39m  [33min "node_modules/@mantine/core/esm/components/Card/Card.context.mjs"[39m
[90m│[39m  [33mwas ignored.[39m
[90m│[39m
[33m▲[39m  [43mVite[49m
[90m│[39m  [33mnode_modules/@mantine/core/esm/components/AppShell/AppShell.module.css.mjs[39m
[90m│[39m  [33m(1:0): Module level directives cause errors when bundled, "use client"[39m
[90m│[39m  [33min[39m
[90m│[39m  [33m"node_modules/@mantine/core/esm/components/AppShell/AppShell.module.css.mjs"[39m
[90m│[39m  [33mwas ignored.[39m
[90m│[39m
[33m▲[39m  [43mVite[49m
[90m│[39m  [33mnode_modules/@mantine/core/esm/components/Card/Card.module.css.mjs[39m
[90m│[39m  [33m(1:0): Module level directives cause errors when bundled, "use client"[39m
[90m│[39m  [33min[39m
[90m│[39m  [33m"node_modules/@mantine/core/esm/components/Card/Card.module.css.mjs"[39m
[90m│[39m  [33mwas ignored.[39m
[90m│[39m
[33m▲[39m  [43mVite[49m
[90m│[39m  [33mnode_modules/@mantine/core/esm/components/Checkbox/CheckboxIndicator/CheckboxIndicator.module.css.mjs[39m
[90m│[39m  [33m(1:0): Module level directives cause errors when bundled, "use client"[39m
[90m│[39m  [33min[39m
[90m│[39m  [33m"node_modules/@mantine/core/esm/components/Checkbox/CheckboxIndicator/CheckboxIndicator.module.css.mjs"[39m
[90m│[39m  [33mwas ignored.[39m
[90m│[39m
[33m▲[39m  [43mVite[49m
[90m│[39m  [33mnode_modules/@mantine/core/esm/components/Checkbox/CheckboxCard/CheckboxCard.module.css.mjs[39m
[90m│[39m  [33m(1:0): Module level directives cause errors when bundled, "use client"[39m
[90m│[39m  [33min[39m
[90m│[39m  [33m"node_modules/@mantine/core/esm/components/Checkbox/CheckboxCard/CheckboxCard.module.css.mjs"[39m
[90m│[39m  [33mwas ignored.[39m
[90m│[39m
[33m▲[39m  [43mVite[49m
[90m│[39m  [33mnode_modules/@mantine/core/esm/components/Chip/ChipGroup.context.mjs[39m
[90m│[39m  [33m(1:0): Module level directives cause errors when bundled, "use client"[39m
[90m│[39m  [33min[39m
[90m│[39m  [33m"node_modules/@mantine/core/esm/components/Chip/ChipGroup.context.mjs"[39m
[90m│[39m  [33mwas ignored.[39m
[90m│[39m
[33m▲[39m  [43mVite[49m
[90m│[39m  [33mnode_modules/@mantine/core/esm/components/Chip/Chip.module.css.mjs[39m
[90m│[39m  [33m(1:0): Module level directives cause errors when bundled, "use client"[39m
[90m│[39m  [33min[39m
[90m│[39m  [33m"node_modules/@mantine/core/esm/components/Chip/Chip.module.css.mjs"[39m
[90m│[39m  [33mwas ignored.[39m
[90m│[39m
[33m▲[39m  [43mVite[49m
[90m│[39m  [33mnode_modules/@mantine/core/esm/components/Code/Code.module.css.mjs[39m
[90m│[39m  [33m(1:0): Module level directives cause errors when bundled, "use client"[39m
[90m│[39m  [33min[39m
[90m│[39m  [33m"node_modules/@mantine/core/esm/components/Code/Code.module.css.mjs"[39m
[90m│[39m  [33mwas ignored.[39m
[90m│[39m
[33m▲[39m  [43mVite[49m
[90m│[39m  [33mnode_modules/@mantine/core/esm/components/ColorPicker/ColorSlider/ColorSlider.mjs[39m
[90m│[39m  [33m(1:0): Module level directives cause errors when bundled, "use client"[39m
[90m│[39m  [33min[39m
[90m│[39m  [33m"node_modules/@mantine/core/esm/components/ColorPicker/ColorSlider/ColorSlider.mjs"[39m
[90m│[39m  [33mwas ignored.[39m
[90m│[39m
[33m▲[39m  [43mVite[49m
[90m│[39m  [33mnode_modules/@mantine/core/esm/components/ColorPicker/ColorPicker.context.mjs[39m
[90m│[39m  [33m(1:0): Module level directives cause errors when bundled, "use client"[39m
[90m│[39m  [33min[39m
[90m│[39m  [33m"node_modules/@mantine/core/esm/components/ColorPicker/ColorPicker.context.mjs"[39m
[90m│[39m  [33mwas ignored.[39m
[90m│[39m
[33m▲[39m  [43mVite[49m
[90m│[39m  [33mnode_modules/@mantine/core/esm/components/ColorPicker/ColorPicker.module.css.mjs[39m
[90m│[39m  [33m(1:0): Module level directives cause errors when bundled, "use client"[39m
[90m│[39m  [33min[39m
[90m│[39m  [33m"node_modules/@mantine/core/esm/components/ColorPicker/ColorPicker.module.css.mjs"[39m
[90m│[39m  [33mwas ignored.[39m
[90m│[39m
[33m▲[39m  [43mVite[49m
[90m│[39m  [33mnode_modules/@mantine/core/esm/components/ColorPicker/Swatches/Swatches.mjs[39m
[90m│[39m  [33m(1:0): Module level directives cause errors when bundled, "use client"[39m
[90m│[39m  [33min[39m
[90m│[39m  [33m"node_modules/@mantine/core/esm/components/ColorPicker/Swatches/Swatches.mjs"[39m
[90m│[39m  [33mwas ignored.[39m
[90m│[39m
[33m▲[39m  [43mVite[49m
[90m│[39m  [33mnode_modules/@mantine/core/esm/components/Avatar/get-initials-color/get-initials-color.mjs[39m
[90m│[39m  [33m(1:0): Module level directives cause errors when bundled, "use client"[39m
[90m│[39m  [33min[39m
[90m│[39m  [33m"node_modules/@mantine/core/esm/components/Avatar/get-initials-color/get-initials-color.mjs"[39m
[90m│[39m  [33mwas ignored.[39m
[90m│[39m
[33m▲[39m  [43mVite[49m
[90m│[39m  [33mnode_modules/@mantine/core/esm/components/ColorSwatch/ColorSwatch.module.css.mjs[39m
[90m│[39m  [33m(1:0): Module level directives cause errors when bundled, "use client"[39m
[90m│[39m  [33min[39m
[90m│[39m  [33m"node_modules/@mantine/core/esm/components/ColorSwatch/ColorSwatch.module.css.mjs"[39m
[90m│[39m  [33mwas ignored.[39m
[90m│[39m
[33m▲[39m  [43mVite[49m
[90m│[39m  [33mnode_modules/@mantine/core/esm/components/ColorInput/ColorInput.module.css.mjs[39m
[90m│[39m  [33m(1:0): Module level directives cause errors when bundled, "use client"[39m
[90m│[39m  [33min[39m
[90m│[39m  [33m"node_modules/@mantine/core/esm/components/ColorInput/ColorInput.module.css.mjs"[39m
[90m│[39m  [33mwas ignored.[39m
[90m│[39m
[33m▲[39m  [43mVite[49m
[90m│[39m  [33mnode_modules/@mantine/core/esm/components/ColorInput/EyeDropperIcon.mjs[39m
[90m│[39m  [33m(1:0): Module level directives cause errors when bundled, "use client"[39m
[90m│[39m  [33min[39m
[90m│[39m  [33m"node_modules/@mantine/core/esm/components/ColorInput/EyeDropperIcon.mjs"[39m
[90m│[39m  [33mwas ignored.[39m
[90m│[39m
[33m▲[39m  [43mVite[49m
[90m│[39m  [33mnode_modules/@mantine/core/esm/components/Combobox/Combobox.module.css.mjs[39m
[90m│[39m  [33m(1:0): Module level directives cause errors when bundled, "use client"[39m
[90m│[39m  [33min[39m
[90m│[39m  [33m"node_modules/@mantine/core/esm/components/Combobox/Combobox.module.css.mjs"[39m
[90m│[39m  [33mwas ignored.[39m
[90m│[39m
[33m▲[39m  [43mVite[49m
[90m│[39m  [33mnode_modules/@mantine/core/esm/components/Combobox/use-combobox/get-index/get-index.mjs[39m
[90m│[39m  [33m(1:0): Module level directives cause errors when bundled, "use client"[39m
[90m│[39m  [33min[39m
[90m│[39m  [33m"node_modules/@mantine/core/esm/components/Combobox/use-combobox/get-index/get-index.mjs"[39m
[90m│[39m  [33mwas ignored.[39m
[90m│[39m
[33m▲[39m  [43mVite[49m
[90m│[39m  [33mnode_modules/@mantine/core/esm/components/Combobox/OptionsDropdown/is-empty-combobox-data.mjs[39m
[90m│[39m  [33m(1:0): Module level directives cause errors when bundled, "use client"[39m
[90m│[39m  [33min[39m
[90m│[39m  [33m"node_modules/@mantine/core/esm/components/Combobox/OptionsDropdown/is-empty-combobox-data.mjs"[39m
[90m│[39m  [33mwas ignored.[39m
[90m│[39m
[33m▲[39m  [43mVite[49m
[90m│[39m  [33mnode_modules/@mantine/core/esm/components/Combobox/OptionsDropdown/validate-options.mjs[39m
[90m│[39m  [33m(1:0): Module level directives cause errors when bundled, "use client"[39m
[90m│[39m  [33min[39m
[90m│[39m  [33m"node_modules/@mantine/core/esm/components/Combobox/OptionsDropdown/validate-options.mjs"[39m
[90m│[39m  [33mwas ignored.[39m
[90m│[39m
[33m▲[39m  [43mVite[49m
[90m│[39m  [33mnode_modules/@mantine/core/esm/components/Combobox/use-combobox/get-index/get-virtualized-index.mjs[39m
[90m│[39m  [33m(1:0): Module level directives cause errors when bundled, "use client"[39m
[90m│[39m  [33min[39m
[90m│[39m  [33m"node_modules/@mantine/core/esm/components/Combobox/use-combobox/get-index/get-virtualized-index.mjs"[39m
[90m│[39m  [33mwas ignored.[39m
[90m│[39m
[33m▲[39m  [43mVite[49m
[90m│[39m  [33mnode_modules/@mantine/core/esm/components/Drawer/Drawer.module.css.mjs[39m
[90m│[39m  [33m(1:0): Module level directives cause errors when bundled, "use client"[39m
[90m│[39m  [33min[39m
[90m│[39m  [33m"node_modules/@mantine/core/esm/components/Drawer/Drawer.module.css.mjs"[39m
[90m│[39m  [33mwas ignored.[39m
[90m│[39m
[33m▲[39m  [43mVite[49m
[90m│[39m  [33mnode_modules/@mantine/core/esm/components/Container/Container.module.css.mjs[39m
[90m│[39m  [33m(1:0): Module level directives cause errors when bundled, "use client"[39m
[90m│[39m  [33min[39m
[90m│[39m  [33m"node_modules/@mantine/core/esm/components/Container/Container.module.css.mjs"[39m
[90m│[39m  [33mwas ignored.[39m
[90m│[39m
[33m▲[39m  [43mVite[49m
[90m│[39m  [33mnode_modules/@mantine/core/esm/components/Divider/Divider.module.css.mjs[39m
[90m│[39m  [33m(1:0): Module level directives cause errors when bundled, "use client"[39m
[90m│[39m  [33min[39m
[90m│[39m  [33m"node_modules/@mantine/core/esm/components/Divider/Divider.module.css.mjs"[39m
[90m│[39m  [33mwas ignored.[39m
[90m│[39m
[33m▲[39m  [43mVite[49m
[90m│[39m  [33mnode_modules/@mantine/core/esm/components/Dialog/Dialog.module.css.mjs[39m
[90m│[39m  [33m(1:0): Module level directives cause errors when bundled, "use client"[39m
[90m│[39m  [33min[39m
[90m│[39m  [33m"node_modules/@mantine/core/esm/components/Dialog/Dialog.module.css.mjs"[39m
[90m│[39m  [33mwas ignored.[39m
[90m│[39m
[33m▲[39m  [43mVite[49m
[90m│[39m  [33mnode_modules/@mantine/core/esm/components/ColorPicker/Saturation/Saturation.mjs[39m
[90m│[39m  [33m(1:0): Module level directives cause errors when bundled, "use client"[39m
[90m│[39m  [33min[39m
[90m│[39m  [33m"node_modules/@mantine/core/esm/components/ColorPicker/Saturation/Saturation.mjs"[39m
[90m│[39m  [33mwas ignored.[39m
[90m│[39m
[33m▲[39m  [43mVite[49m
[90m│[39m  [33mnode_modules/@mantine/core/esm/components/Drawer/Drawer.context.mjs[39m
[90m│[39m  [33m(1:0): Module level directives cause errors when bundled, "use client"[39m
[90m│[39m  [33min[39m
[90m│[39m  [33m"node_modules/@mantine/core/esm/components/Drawer/Drawer.context.mjs"[39m
[90m│[39m  [33mwas ignored.[39m
[90m│[39m
[33m▲[39m  [43mVite[49m
[90m│[39m  [33mnode_modules/@mantine/core/esm/components/Fieldset/Fieldset.module.css.mjs[39m
[90m│[39m  [33m(1:0): Module level directives cause errors when bundled, "use client"[39m
[90m│[39m  [33min[39m
[90m│[39m  [33m"node_modules/@mantine/core/esm/components/Fieldset/Fieldset.module.css.mjs"[39m
[90m│[39m  [33mwas ignored.[39m
[90m│[39m
[33m▲[39m  [43mVite[49m [33mnode_modules/@mantine/core/esm/components/Grid/GridVariables.mjs[39m
[90m│[39m  [33m(1:0): Module level directives cause errors when bundled, "use client"[39m
[90m│[39m  [33min "node_modules/@mantine/core/esm/components/Grid/GridVariables.mjs"[39m
[90m│[39m  [33mwas ignored.[39m
[90m│[39m
[33m▲[39m  [43mVite[49m
[90m│[39m  [33mnode_modules/@mantine/core/esm/components/Highlight/highlighter/highlighter.mjs[39m
[90m│[39m  [33m(1:0): Module level directives cause errors when bundled, "use client"[39m
[90m│[39m  [33min[39m
[90m│[39m  [33m"node_modules/@mantine/core/esm/components/Highlight/highlighter/highlighter.mjs"[39m
[90m│[39m  [33mwas ignored.[39m
[90m│[39m
[33m▲[39m  [43mVite[49m [33mnode_modules/@mantine/core/esm/components/Grid/Grid.context.mjs[39m
[90m│[39m  [33m(1:0): Module level directives cause errors when bundled, "use client"[39m
[90m│[39m  [33min "node_modules/@mantine/core/esm/components/Grid/Grid.context.mjs"[39m
[90m│[39m  [33mwas ignored.[39m
[90m│[39m
[33m▲[39m  [43mVite[49m
[90m│[39m  [33mnode_modules/@mantine/core/esm/utils/InputsGroupFieldset/InputsGroupFieldset.mjs[39m
[90m│[39m  [33m(1:0): Module level directives cause errors when bundled, "use client"[39m
[90m│[39m  [33min[39m
[90m│[39m  [33m"node_modules/@mantine/core/esm/utils/InputsGroupFieldset/InputsGroupFieldset.mjs"[39m
[90m│[39m  [33mwas ignored.[39m
[90m│[39m
[33m▲[39m  [43mVite[49m
[90m│[39m  [33mnode_modules/@mantine/core/esm/components/HoverCard/HoverCard.context.mjs[39m
[90m│[39m  [33m(1:0): Module level directives cause errors when bundled, "use client"[39m
[90m│[39m  [33min[39m
[90m│[39m  [33m"node_modules/@mantine/core/esm/components/HoverCard/HoverCard.context.mjs"[39m
[90m│[39m  [33mwas ignored.[39m
[90m│[39m
[33m▲[39m  [43mVite[49m
[90m│[39m  [33mnode_modules/@mantine/core/esm/components/HoverCard/HoverCardGroup/HoverCardGroup.context.mjs[39m
[90m│[39m  [33m(1:0): Module level directives cause errors when bundled, "use client"[39m
[90m│[39m  [33min[39m
[90m│[39m  [33m"node_modules/@mantine/core/esm/components/HoverCard/HoverCardGroup/HoverCardGroup.context.mjs"[39m
[90m│[39m  [33mwas ignored.[39m
[90m│[39m
[33m▲[39m  [43mVite[49m
[90m│[39m  [33mnode_modules/@mantine/core/esm/components/Image/Image.module.css.mjs[39m
[90m│[39m  [33m(1:0): Module level directives cause errors when bundled, "use client"[39m
[90m│[39m  [33min[39m
[90m│[39m  [33m"node_modules/@mantine/core/esm/components/Image/Image.module.css.mjs"[39m
[90m│[39m  [33mwas ignored.[39m
[90m│[39m
[33m▲[39m  [43mVite[49m
[90m│[39m  [33mnode_modules/@mantine/core/esm/components/HoverCard/use-hover-card.mjs[39m
[90m│[39m  [33m(1:0): Module level directives cause errors when bundled, "use client"[39m
[90m│[39m  [33min[39m
[90m│[39m  [33m"node_modules/@mantine/core/esm/components/HoverCard/use-hover-card.mjs"[39m
[90m│[39m  [33mwas ignored.[39m
[90m│[39m
[33m▲[39m  [43mVite[49m
[90m│[39m  [33mnode_modules/@mantine/core/esm/components/JsonInput/validate-json/validate-json.mjs[39m
[90m│[39m  [33m(1:0): Module level directives cause errors when bundled, "use client"[39m
[90m│[39m  [33min[39m
[90m│[39m  [33m"node_modules/@mantine/core/esm/components/JsonInput/validate-json/validate-json.mjs"[39m
[90m│[39m  [33mwas ignored.[39m
[90m│[39m
[33m▲[39m  [43mVite[49m
[90m│[39m  [33mnode_modules/@mantine/core/esm/components/Indicator/get-position-variables/get-position-variables.mjs[39m
[90m│[39m  [33m(1:0): Module level directives cause errors when bundled, "use client"[39m
[90m│[39m  [33min[39m
[90m│[39m  [33m"node_modules/@mantine/core/esm/components/Indicator/get-position-variables/get-position-variables.mjs"[39m
[90m│[39m  [33mwas ignored.[39m
[90m│[39m
[33m▲[39m  [43mVite[49m
[90m│[39m  [33mnode_modules/@mantine/core/esm/components/Indicator/Indicator.module.css.mjs[39m
[90m│[39m  [33m(1:0): Module level directives cause errors when bundled, "use client"[39m
[90m│[39m  [33min[39m
[90m│[39m  [33m"node_modules/@mantine/core/esm/components/Indicator/Indicator.module.css.mjs"[39m
[90m│[39m  [33mwas ignored.[39m
[90m│[39m
[33m▲[39m  [43mVite[49m [33mnode_modules/@mantine/core/esm/components/Kbd/Kbd.module.css.mjs[39m
[90m│[39m  [33m(1:0): Module level directives cause errors when bundled, "use client"[39m
[90m│[39m  [33min "node_modules/@mantine/core/esm/components/Kbd/Kbd.module.css.mjs"[39m
[90m│[39m  [33mwas ignored.[39m
[90m│[39m
[33m▲[39m  [43mVite[49m
[90m│[39m  [33mnode_modules/@mantine/core/esm/components/Grid/GridCol/GridColVariables.mjs[39m
[90m│[39m  [33m(1:0): Module level directives cause errors when bundled, "use client"[39m
[90m│[39m  [33min[39m
[90m│[39m  [33m"node_modules/@mantine/core/esm/components/Grid/GridCol/GridColVariables.mjs"[39m
[90m│[39m  [33mwas ignored.[39m
[90m│[39m
[33m▲[39m  [43mVite[49m [33mnode_modules/@mantine/core/esm/components/Mark/get-mark-color.mjs[39m
[90m│[39m  [33m(1:0): Module level directives cause errors when bundled, "use client"[39m
[90m│[39m  [33min "node_modules/@mantine/core/esm/components/Mark/get-mark-color.mjs"[39m
[90m│[39m  [33mwas ignored.[39m
[90m│[39m
[33m▲[39m  [43mVite[49m
[90m│[39m  [33mnode_modules/@mantine/core/esm/components/LoadingOverlay/LoadingOverlay.module.css.mjs[39m
[90m│[39m  [33m(1:0): Module level directives cause errors when bundled, "use client"[39m
[90m│[39m  [33min[39m
[90m│[39m  [33m"node_modules/@mantine/core/esm/components/LoadingOverlay/LoadingOverlay.module.css.mjs"[39m
[90m│[39m  [33mwas ignored.[39m
[90m│[39m
[33m▲[39m  [43mVite[49m [33mnode_modules/@mantine/core/esm/components/Menu/Menu.context.mjs[39m
[90m│[39m  [33m(1:0): Module level directives cause errors when bundled, "use client"[39m
[90m│[39m  [33min "node_modules/@mantine/core/esm/components/Menu/Menu.context.mjs"[39m
[90m│[39m  [33mwas ignored.[39m
[90m│[39m
[33m▲[39m  [43mVite[49m
[90m│[39m  [33mnode_modules/@mantine/core/esm/components/Mark/Mark.module.css.mjs[39m
[90m│[39m  [33m(1:0): Module level directives cause errors when bundled, "use client"[39m
[90m│[39m  [33min[39m
[90m│[39m  [33m"node_modules/@mantine/core/esm/components/Mark/Mark.module.css.mjs"[39m
[90m│[39m  [33mwas ignored.[39m
[90m│[39m
[33m▲[39m  [43mVite[49m [33mnode_modules/@mantine/core/esm/components/List/List.context.mjs[39m
[90m│[39m  [33m(1:0): Module level directives cause errors when bundled, "use client"[39m
[90m│[39m  [33min "node_modules/@mantine/core/esm/components/List/List.context.mjs"[39m
[90m│[39m  [33mwas ignored.[39m
[90m│[39m
[33m▲[39m  [43mVite[49m
[90m│[39m  [33mnode_modules/@mantine/core/esm/components/Menu/Menu.module.css.mjs[39m
[90m│[39m  [33m(1:0): Module level directives cause errors when bundled, "use client"[39m
[90m│[39m  [33min[39m
[90m│[39m  [33m"node_modules/@mantine/core/esm/components/Menu/Menu.module.css.mjs"[39m
[90m│[39m  [33mwas ignored.[39m
[90m│[39m
[33m▲[39m  [43mVite[49m
[90m│[39m  [33mnode_modules/@mantine/core/esm/components/Menu/MenuSub/MenuSub.context.mjs[39m
[90m│[39m  [33m(1:0): Module level directives cause errors when bundled, "use client"[39m
[90m│[39m  [33min[39m
[90m│[39m  [33m"node_modules/@mantine/core/esm/components/Menu/MenuSub/MenuSub.context.mjs"[39m
[90m│[39m  [33mwas ignored.[39m
[90m│[39m
[33m▲[39m  [43mVite[49m
[90m│[39m  [33mnode_modules/@mantine/core/esm/components/List/List.module.css.mjs[39m
[90m│[39m  [33m(1:0): Module level directives cause errors when bundled, "use client"[39m
[90m│[39m  [33min[39m
[90m│[39m  [33m"node_modules/@mantine/core/esm/components/List/List.module.css.mjs"[39m
[90m│[39m  [33mwas ignored.[39m
[90m│[39m
[33m▲[39m  [43mVite[49m
[90m│[39m  [33mnode_modules/@mantine/core/esm/components/Modal/Modal.module.css.mjs[39m
[90m│[39m  [33m(1:0): Module level directives cause errors when bundled, "use client"[39m
[90m│[39m  [33min[39m
[90m│[39m  [33m"node_modules/@mantine/core/esm/components/Modal/Modal.module.css.mjs"[39m
[90m│[39m  [33mwas ignored.[39m
[90m│[39m
[33m▲[39m  [43mVite[49m [33mnode_modules/@mantine/core/esm/components/Modal/Modal.context.mjs[39m
[90m│[39m  [33m(1:0): Module level directives cause errors when bundled, "use client"[39m
[90m│[39m  [33min "node_modules/@mantine/core/esm/components/Modal/Modal.context.mjs"[39m
[90m│[39m  [33mwas ignored.[39m
[90m│[39m
[33m▲[39m  [43mVite[49m
[90m│[39m  [33mnode_modules/@mantine/core/esm/components/MultiSelect/filter-picked-values.mjs[39m
[90m│[39m  [33m(1:0): Module level directives cause errors when bundled, "use client"[39m
[90m│[39m  [33min[39m
[90m│[39m  [33m"node_modules/@mantine/core/esm/components/MultiSelect/filter-picked-values.mjs"[39m
[90m│[39m  [33mwas ignored.[39m
[90m│[39m
[33m▲[39m  [43mVite[49m
[90m│[39m  [33mnode_modules/@mantine/core/esm/components/NativeSelect/NativeSelectOption.mjs[39m
[90m│[39m  [33m(1:0): Module level directives cause errors when bundled, "use client"[39m
[90m│[39m  [33min[39m
[90m│[39m  [33m"node_modules/@mantine/core/esm/components/NativeSelect/NativeSelectOption.mjs"[39m
[90m│[39m  [33mwas ignored.[39m
[90m│[39m
[33m▲[39m  [43mVite[49m
[90m│[39m  [33mnode_modules/@mantine/core/esm/components/NavLink/NavLink.module.css.mjs[39m
[90m│[39m  [33m(1:0): Module level directives cause errors when bundled, "use client"[39m
[90m│[39m  [33min[39m
[90m│[39m  [33m"node_modules/@mantine/core/esm/components/NavLink/NavLink.module.css.mjs"[39m
[90m│[39m  [33mwas ignored.[39m
[90m│[39m
[33m▲[39m  [43mVite[49m
[90m│[39m  [33mnode_modules/@mantine/core/esm/components/Notification/Notification.module.css.mjs[39m
[90m│[39m  [33m(1:0): Module level directives cause errors when bundled, "use client"[39m
[90m│[39m  [33min[39m
[90m│[39m  [33m"node_modules/@mantine/core/esm/components/Notification/Notification.module.css.mjs"[39m
[90m│[39m  [33mwas ignored.[39m
[90m│[39m
[33m▲[39m  [43mVite[49m
[90m│[39m  [33mnode_modules/@mantine/core/esm/components/Pagination/Pagination.context.mjs[39m
[90m│[39m  [33m(1:0): Module level directives cause errors when bundled, "use client"[39m
[90m│[39m  [33min[39m
[90m│[39m  [33m"node_modules/@mantine/core/esm/components/Pagination/Pagination.context.mjs"[39m
[90m│[39m  [33mwas ignored.[39m
[90m│[39m
[33m▲[39m  [43mVite[49m
[90m│[39m  [33mnode_modules/@mantine/core/esm/components/Pagination/Pagination.icons.mjs[39m
[90m│[39m  [33m(1:0): Module level directives cause errors when bundled, "use client"[39m
[90m│[39m  [33min[39m
[90m│[39m  [33m"node_modules/@mantine/core/esm/components/Pagination/Pagination.icons.mjs"[39m
[90m│[39m  [33mwas ignored.[39m
[90m│[39m
[33m▲[39m  [43mVite[49m
[90m│[39m  [33mnode_modules/@mantine/core/esm/components/NumberInput/NumberInputChevron.mjs[39m
[90m│[39m  [33m(1:0): Module level directives cause errors when bundled, "use client"[39m
[90m│[39m  [33min[39m
[90m│[39m  [33m"node_modules/@mantine/core/esm/components/NumberInput/NumberInputChevron.mjs"[39m
[90m│[39m  [33mwas ignored.[39m
[90m│[39m
[33m▲[39m  [43mVite[49m
[90m│[39m  [33mnode_modules/@mantine/core/esm/components/NumberInput/NumberInput.module.css.mjs[39m
[90m│[39m  [33m(1:0): Module level directives cause errors when bundled, "use client"[39m
[90m│[39m  [33min[39m
[90m│[39m  [33m"node_modules/@mantine/core/esm/components/NumberInput/NumberInput.module.css.mjs"[39m
[90m│[39m  [33mwas ignored.[39m
[90m│[39m
[33m▲[39m  [43mVite[49m
[90m│[39m  [33mnode_modules/@mantine/core/esm/components/PasswordInput/PasswordInput.module.css.mjs[39m
[90m│[39m  [33m(1:0): Module level directives cause errors when bundled, "use client"[39m
[90m│[39m  [33min[39m
[90m│[39m  [33m"node_modules/@mantine/core/esm/components/PasswordInput/PasswordInput.module.css.mjs"[39m
[90m│[39m  [33mwas ignored.[39m
[90m│[39m
[33m▲[39m  [43mVite[49m
[90m│[39m  [33mnode_modules/@mantine/core/esm/components/PasswordInput/PasswordToggleIcon.mjs[39m
[90m│[39m  [33m(1:0): Module level directives cause errors when bundled, "use client"[39m
[90m│[39m  [33min[39m
[90m│[39m  [33m"node_modules/@mantine/core/esm/components/PasswordInput/PasswordToggleIcon.mjs"[39m
[90m│[39m  [33mwas ignored.[39m
[90m│[39m
[33m▲[39m  [43mVite[49m
[90m│[39m  [33mnode_modules/@mantine/core/esm/components/Pill/Pill.module.css.mjs[39m
[90m│[39m  [33m(1:0): Module level directives cause errors when bundled, "use client"[39m
[90m│[39m  [33min[39m
[90m│[39m  [33m"node_modules/@mantine/core/esm/components/Pill/Pill.module.css.mjs"[39m
[90m│[39m  [33mwas ignored.[39m
[90m│[39m
[33m▲[39m  [43mVite[49m
[90m│[39m  [33mnode_modules/@mantine/core/esm/components/PillsInput/PillsInput.context.mjs[39m
[90m│[39m  [33m(1:0): Module level directives cause errors when bundled, "use client"[39m
[90m│[39m  [33min[39m
[90m│[39m  [33m"node_modules/@mantine/core/esm/components/PillsInput/PillsInput.context.mjs"[39m
[90m│[39m  [33mwas ignored.[39m
[90m│[39m
[33m▲[39m  [43mVite[49m
[90m│[39m  [33mnode_modules/@mantine/core/esm/components/Pagination/Pagination.module.css.mjs[39m
[90m│[39m  [33m(1:0): Module level directives cause errors when bundled, "use client"[39m
[90m│[39m  [33min[39m
[90m│[39m  [33m"node_modules/@mantine/core/esm/components/Pagination/Pagination.module.css.mjs"[39m
[90m│[39m  [33mwas ignored.[39m
[90m│[39m
[33m▲[39m  [43mVite[49m
[90m│[39m  [33mnode_modules/@mantine/core/esm/components/Pill/PillGroup.context.mjs[39m
[90m│[39m  [33m(1:0): Module level directives cause errors when bundled, "use client"[39m
[90m│[39m  [33min[39m
[90m│[39m  [33m"node_modules/@mantine/core/esm/components/Pill/PillGroup.context.mjs"[39m
[90m│[39m  [33mwas ignored.[39m
[90m│[39m
[33m▲[39m  [43mVite[49m
[90m│[39m  [33mnode_modules/@mantine/core/esm/components/PillsInput/PillsInput.module.css.mjs[39m
[90m│[39m  [33m(1:0): Module level directives cause errors when bundled, "use client"[39m
[90m│[39m  [33min[39m
[90m│[39m  [33m"node_modules/@mantine/core/esm/components/PillsInput/PillsInput.module.css.mjs"[39m
[90m│[39m  [33mwas ignored.[39m
[90m│[39m
[33m▲[39m  [43mVite[49m
[90m│[39m  [33mnode_modules/@mantine/core/esm/components/PinInput/create-pin-array/create-pin-array.mjs[39m
[90m│[39m  [33m(1:0): Module level directives cause errors when bundled, "use client"[39m
[90m│[39m  [33min[39m
[90m│[39m  [33m"node_modules/@mantine/core/esm/components/PinInput/create-pin-array/create-pin-array.mjs"[39m
[90m│[39m  [33mwas ignored.[39m
[90m│[39m
[33m▲[39m  [43mVite[49m
[90m│[39m  [33mnode_modules/@mantine/core/esm/components/PinInput/PinInput.module.css.mjs[39m
[90m│[39m  [33m(1:0): Module level directives cause errors when bundled, "use client"[39m
[90m│[39m  [33min[39m
[90m│[39m  [33m"node_modules/@mantine/core/esm/components/PinInput/PinInput.module.css.mjs"[39m
[90m│[39m  [33mwas ignored.[39m
[90m│[39m
[33m▲[39m  [43mVite[49m
[90m│[39m  [33mnode_modules/@mantine/core/esm/components/Progress/Progress.module.css.mjs[39m
[90m│[39m  [33m(1:0): Module level directives cause errors when bundled, "use client"[39m
[90m│[39m  [33min[39m
[90m│[39m  [33m"node_modules/@mantine/core/esm/components/Progress/Progress.module.css.mjs"[39m
[90m│[39m  [33mwas ignored.[39m
[90m│[39m
[33m▲[39m  [43mVite[49m
[90m│[39m  [33mnode_modules/@mantine/core/esm/components/Progress/Progress.context.mjs[39m
[90m│[39m  [33m(1:0): Module level directives cause errors when bundled, "use client"[39m
[90m│[39m  [33min[39m
[90m│[39m  [33m"node_modules/@mantine/core/esm/components/Progress/Progress.context.mjs"[39m
[90m│[39m  [33mwas ignored.[39m
[90m│[39m
[33m▲[39m  [43mVite[49m
[90m│[39m  [33mnode_modules/@mantine/core/esm/components/Radio/Radio.module.css.mjs[39m
[90m│[39m  [33m(1:0): Module level directives cause errors when bundled, "use client"[39m
[90m│[39m  [33min[39m
[90m│[39m  [33m"node_modules/@mantine/core/esm/components/Radio/Radio.module.css.mjs"[39m
[90m│[39m  [33mwas ignored.[39m
[90m│[39m
[33m▲[39m  [43mVite[49m
[90m│[39m  [33mnode_modules/@mantine/core/esm/components/Radio/RadioGroup.context.mjs[39m
[90m│[39m  [33m(1:0): Module level directives cause errors when bundled, "use client"[39m
[90m│[39m  [33min[39m
[90m│[39m  [33m"node_modules/@mantine/core/esm/components/Radio/RadioGroup.context.mjs"[39m
[90m│[39m  [33mwas ignored.[39m
[90m│[39m
[33m▲[39m  [43mVite[49m
[90m│[39m  [33mnode_modules/@mantine/core/esm/components/Radio/RadioIndicator/RadioIndicator.module.css.mjs[39m
[90m│[39m  [33m(1:0): Module level directives cause errors when bundled, "use client"[39m
[90m│[39m  [33min[39m
[90m│[39m  [33m"node_modules/@mantine/core/esm/components/Radio/RadioIndicator/RadioIndicator.module.css.mjs"[39m
[90m│[39m  [33mwas ignored.[39m
[90m│[39m
[33m▲[39m  [43mVite[49m
[90m│[39m  [33mnode_modules/@mantine/core/esm/components/RingProgress/Curve/Curve.mjs[39m
[90m│[39m  [33m(1:0): Module level directives cause errors when bundled, "use client"[39m
[90m│[39m  [33min[39m
[90m│[39m  [33m"node_modules/@mantine/core/esm/components/RingProgress/Curve/Curve.mjs"[39m
[90m│[39m  [33mwas ignored.[39m
[90m│[39m
[33m▲[39m  [43mVite[49m
[90m│[39m  [33mnode_modules/@mantine/core/esm/components/RingProgress/get-curves/get-curves.mjs[39m
[90m│[39m  [33m(1:0): Module level directives cause errors when bundled, "use client"[39m
[90m│[39m  [33min[39m
[90m│[39m  [33m"node_modules/@mantine/core/esm/components/RingProgress/get-curves/get-curves.mjs"[39m
[90m│[39m  [33mwas ignored.[39m
[90m│[39m
[33m▲[39m  [43mVite[49m
[90m│[39m  [33mnode_modules/@mantine/core/esm/components/Radio/RadioCard/RadioCard.module.css.mjs[39m
[90m│[39m  [33m(1:0): Module level directives cause errors when bundled, "use client"[39m
[90m│[39m  [33min[39m
[90m│[39m  [33m"node_modules/@mantine/core/esm/components/Radio/RadioCard/RadioCard.module.css.mjs"[39m
[90m│[39m  [33mwas ignored.[39m
[90m│[39m
[33m▲[39m  [43mVite[49m
[90m│[39m  [33mnode_modules/@mantine/core/esm/components/RingProgress/RingProgress.module.css.mjs[39m
[90m│[39m  [33m(1:0): Module level directives cause errors when bundled, "use client"[39m
[90m│[39m  [33min[39m
[90m│[39m  [33m"node_modules/@mantine/core/esm/components/RingProgress/RingProgress.module.css.mjs"[39m
[90m│[39m  [33mwas ignored.[39m
[90m│[39m
[33m▲[39m  [43mVite[49m
[90m│[39m  [33mnode_modules/@mantine/core/esm/components/Skeleton/Skeleton.module.css.mjs[39m
[90m│[39m  [33m(1:0): Module level directives cause errors when bundled, "use client"[39m
[90m│[39m  [33min[39m
[90m│[39m  [33m"node_modules/@mantine/core/esm/components/Skeleton/Skeleton.module.css.mjs"[39m
[90m│[39m  [33mwas ignored.[39m
[90m│[39m
[33m▲[39m  [43mVite[49m
[90m│[39m  [33mnode_modules/@mantine/core/esm/components/Slider/Slider.context.mjs[39m
[90m│[39m  [33m(1:0): Module level directives cause errors when bundled, "use client"[39m
[90m│[39m  [33min[39m
[90m│[39m  [33m"node_modules/@mantine/core/esm/components/Slider/Slider.context.mjs"[39m
[90m│[39m  [33mwas ignored.[39m
[90m│[39m
[33m▲[39m  [43mVite[49m
[90m│[39m  [33mnode_modules/@mantine/core/esm/components/SegmentedControl/SegmentedControl.module.css.mjs[39m
[90m│[39m  [33m(1:0): Module level directives cause errors when bundled, "use client"[39m
[90m│[39m  [33min[39m
[90m│[39m  [33m"node_modules/@mantine/core/esm/components/SegmentedControl/SegmentedControl.module.css.mjs"[39m
[90m│[39m  [33mwas ignored.[39m
[90m│[39m
[33m▲[39m  [43mVite[49m
[90m│[39m  [33mnode_modules/@mantine/core/esm/components/Slider/Slider.module.css.mjs[39m
[90m│[39m  [33m(1:0): Module level directives cause errors when bundled, "use client"[39m
[90m│[39m  [33min[39m
[90m│[39m  [33m"node_modules/@mantine/core/esm/components/Slider/Slider.module.css.mjs"[39m
[90m│[39m  [33mwas ignored.[39m
[90m│[39m
[33m▲[39m  [43mVite[49m
[90m│[39m  [33mnode_modules/@mantine/core/esm/components/Slider/SliderRoot/SliderRoot.mjs[39m
[90m│[39m  [33m(1:0): Module level directives cause errors when bundled, "use client"[39m
[90m│[39m  [33min[39m
[90m│[39m  [33m"node_modules/@mantine/core/esm/components/Slider/SliderRoot/SliderRoot.mjs"[39m
[90m│[39m  [33mwas ignored.[39m
[90m│[39m
[33m▲[39m  [43mVite[49m [33mnode_modules/@mantine/core/esm/components/Slider/Track/Track.mjs[39m
[90m│[39m  [33m(1:0): Module level directives cause errors when bundled, "use client"[39m
[90m│[39m  [33min "node_modules/@mantine/core/esm/components/Slider/Track/Track.mjs"[39m
[90m│[39m  [33mwas ignored.[39m
[90m│[39m
[33m▲[39m  [43mVite[49m
[90m│[39m  [33mnode_modules/@mantine/core/esm/components/Slider/utils/get-floating-value/get-gloating-value.mjs[39m
[90m│[39m  [33m(1:0): Module level directives cause errors when bundled, "use client"[39m
[90m│[39m  [33min[39m
[90m│[39m  [33m"node_modules/@mantine/core/esm/components/Slider/utils/get-floating-value/get-gloating-value.mjs"[39m
[90m│[39m  [33mwas ignored.[39m
[90m│[39m
[33m▲[39m  [43mVite[49m [33mnode_modules/@mantine/core/esm/components/Slider/Thumb/Thumb.mjs[39m
[90m│[39m  [33m(1:0): Module level directives cause errors when bundled, "use client"[39m
[90m│[39m  [33min "node_modules/@mantine/core/esm/components/Slider/Thumb/Thumb.mjs"[39m
[90m│[39m  [33mwas ignored.[39m
[90m│[39m
[33m▲[39m  [43mVite[49m
[90m│[39m  [33mnode_modules/@mantine/core/esm/components/Slider/utils/get-position/get-position.mjs[39m
[90m│[39m  [33m(1:0): Module level directives cause errors when bundled, "use client"[39m
[90m│[39m  [33min[39m
[90m│[39m  [33m"node_modules/@mantine/core/esm/components/Slider/utils/get-position/get-position.mjs"[39m
[90m│[39m  [33mwas ignored.[39m
[90m│[39m
[33m▲[39m  [43mVite[49m
[90m│[39m  [33mnode_modules/@mantine/core/esm/components/Slider/utils/get-change-value/get-change-value.mjs[39m
[90m│[39m  [33m(1:0): Module level directives cause errors when bundled, "use client"[39m
[90m│[39m  [33min[39m
[90m│[39m  [33m"node_modules/@mantine/core/esm/components/Slider/utils/get-change-value/get-change-value.mjs"[39m
[90m│[39m  [33mwas ignored.[39m
[90m│[39m
[33m▲[39m  [43mVite[49m
[90m│[39m  [33mnode_modules/@mantine/core/esm/components/Slider/utils/get-precision/get-precision.mjs[39m
[90m│[39m  [33m(1:0): Module level directives cause errors when bundled, "use client"[39m
[90m│[39m  [33min[39m
[90m│[39m  [33m"node_modules/@mantine/core/esm/components/Slider/utils/get-precision/get-precision.mjs"[39m
[90m│[39m  [33mwas ignored.[39m
[90m│[39m
[33m▲[39m  [43mVite[49m
[90m│[39m  [33mnode_modules/@mantine/core/esm/components/Slider/utils/get-step-mark-value/get-step-mark-value.mjs[39m
[90m│[39m  [33m(1:0): Module level directives cause errors when bundled, "use client"[39m
[90m│[39m  [33min[39m
[90m│[39m  [33m"node_modules/@mantine/core/esm/components/Slider/utils/get-step-mark-value/get-step-mark-value.mjs"[39m
[90m│[39m  [33mwas ignored.[39m
[90m│[39m
[33m▲[39m  [43mVite[49m
[90m│[39m  [33mnode_modules/@mantine/core/esm/components/Rating/Rating.context.mjs[39m
[90m│[39m  [33m(1:0): Module level directives cause errors when bundled, "use client"[39m
[90m│[39m  [33min[39m
[90m│[39m  [33m"node_modules/@mantine/core/esm/components/Rating/Rating.context.mjs"[39m
[90m│[39m  [33mwas ignored.[39m
[90m│[39m
[33m▲[39m  [43mVite[49m
[90m│[39m  [33mnode_modules/@mantine/core/esm/components/Rating/Rating.module.css.mjs[39m
[90m│[39m  [33m(1:0): Module level directives cause errors when bundled, "use client"[39m
[90m│[39m  [33min[39m
[90m│[39m  [33m"node_modules/@mantine/core/esm/components/Rating/Rating.module.css.mjs"[39m
[90m│[39m  [33mwas ignored.[39m
[90m│[39m
[33m▲[39m  [43mVite[49m
[90m│[39m  [33mnode_modules/@mantine/core/esm/components/Rating/RatingItem/RatingItem.mjs[39m
[90m│[39m  [33m(1:0): Module level directives cause errors when bundled, "use client"[39m
[90m│[39m  [33min[39m
[90m│[39m  [33m"node_modules/@mantine/core/esm/components/Rating/RatingItem/RatingItem.mjs"[39m
[90m│[39m  [33mwas ignored.[39m
[90m│[39m
[33m▲[39m  [43mVite[49m
[90m│[39m  [33mnode_modules/@mantine/core/esm/components/Spoiler/Spoiler.module.css.mjs[39m
[90m│[39m  [33m(1:0): Module level directives cause errors when bundled, "use client"[39m
[90m│[39m  [33min[39m
[90m│[39m  [33m"node_modules/@mantine/core/esm/components/Spoiler/Spoiler.module.css.mjs"[39m
[90m│[39m  [33mwas ignored.[39m
[90m│[39m
[33m▲[39m  [43mVite[49m
[90m│[39m  [33mnode_modules/@mantine/core/esm/components/Stack/Stack.module.css.mjs[39m
[90m│[39m  [33m(1:0): Module level directives cause errors when bundled, "use client"[39m
[90m│[39m  [33min[39m
[90m│[39m  [33m"node_modules/@mantine/core/esm/components/Stack/Stack.module.css.mjs"[39m
[90m│[39m  [33mwas ignored.[39m
[90m│[39m
[33m▲[39m  [43mVite[49m
[90m│[39m  [33mnode_modules/@mantine/core/esm/components/Slider/utils/get-client-position/get-client-position.mjs[39m
[90m│[39m  [33m(1:0): Module level directives cause errors when bundled, "use client"[39m
[90m│[39m  [33min[39m
[90m│[39m  [33m"node_modules/@mantine/core/esm/components/Slider/utils/get-client-position/get-client-position.mjs"[39m
[90m│[39m  [33mwas ignored.[39m
[90m│[39m
[33m▲[39m  [43mVite[49m
[90m│[39m  [33mnode_modules/@mantine/core/esm/components/SimpleGrid/SimpleGrid.module.css.mjs[39m
[90m│[39m  [33m(1:0): Module level directives cause errors when bundled, "use client"[39m
[90m│[39m  [33min[39m
[90m│[39m  [33m"node_modules/@mantine/core/esm/components/SimpleGrid/SimpleGrid.module.css.mjs"[39m
[90m│[39m  [33mwas ignored.[39m
[90m│[39m
[33m▲[39m  [43mVite[49m
[90m│[39m  [33mnode_modules/@mantine/core/esm/components/SemiCircleProgress/SemiCircleProgress.module.css.mjs[39m
[90m│[39m  [33m(1:0): Module level directives cause errors when bundled, "use client"[39m
[90m│[39m  [33min[39m
[90m│[39m  [33m"node_modules/@mantine/core/esm/components/SemiCircleProgress/SemiCircleProgress.module.css.mjs"[39m
[90m│[39m  [33mwas ignored.[39m
[90m│[39m
[33m▲[39m  [43mVite[49m
[90m│[39m  [33mnode_modules/@mantine/core/esm/components/SimpleGrid/SimpleGridVariables.mjs[39m
[90m│[39m  [33m(1:0): Module level directives cause errors when bundled, "use client"[39m
[90m│[39m  [33min[39m
[90m│[39m  [33m"node_modules/@mantine/core/esm/components/SimpleGrid/SimpleGridVariables.mjs"[39m
[90m│[39m  [33mwas ignored.[39m
[90m│[39m
[33m▲[39m  [43mVite[49m
[90m│[39m  [33mnode_modules/@mantine/core/esm/components/Stepper/Stepper.context.mjs[39m
[90m│[39m  [33m(1:0): Module level directives cause errors when bundled, "use client"[39m
[90m│[39m  [33min[39m
[90m│[39m  [33m"node_modules/@mantine/core/esm/components/Stepper/Stepper.context.mjs"[39m
[90m│[39m  [33mwas ignored.[39m
[90m│[39m
[33m▲[39m  [43mVite[49m
[90m│[39m  [33mnode_modules/@mantine/core/esm/components/Stepper/Stepper.module.css.mjs[39m
[90m│[39m  [33m(1:0): Module level directives cause errors when bundled, "use client"[39m
[90m│[39m  [33min[39m
[90m│[39m  [33m"node_modules/@mantine/core/esm/components/Stepper/Stepper.module.css.mjs"[39m
[90m│[39m  [33mwas ignored.[39m
[90m│[39m
[33m▲[39m  [43mVite[49m
[90m│[39m  [33mnode_modules/@mantine/core/esm/components/Switch/Switch.module.css.mjs[39m
[90m│[39m  [33m(1:0): Module level directives cause errors when bundled, "use client"[39m
[90m│[39m  [33min[39m
[90m│[39m  [33m"node_modules/@mantine/core/esm/components/Switch/Switch.module.css.mjs"[39m
[90m│[39m  [33mwas ignored.[39m
[90m│[39m
[33m▲[39m  [43mVite[49m
[90m│[39m  [33mnode_modules/@mantine/core/esm/components/Switch/SwitchGroup.context.mjs[39m
[90m│[39m  [33m(1:0): Module level directives cause errors when bundled, "use client"[39m
[90m│[39m  [33min[39m
[90m│[39m  [33m"node_modules/@mantine/core/esm/components/Switch/SwitchGroup.context.mjs"[39m
[90m│[39m  [33mwas ignored.[39m
[90m│[39m
[33m▲[39m  [43mVite[49m [33mnode_modules/@mantine/core/esm/components/Table/Table.context.mjs[39m
[90m│[39m  [33m(1:0): Module level directives cause errors when bundled, "use client"[39m
[90m│[39m  [33min "node_modules/@mantine/core/esm/components/Table/Table.context.mjs"[39m
[90m│[39m  [33mwas ignored.[39m
[90m│[39m
[33m▲[39m  [43mVite[49m
[90m│[39m  [33mnode_modules/@mantine/core/esm/components/Table/TableDataRenderer.mjs[39m
[90m│[39m  [33m(1:0): Module level directives cause errors when bundled, "use client"[39m
[90m│[39m  [33min[39m
[90m│[39m  [33m"node_modules/@mantine/core/esm/components/Table/TableDataRenderer.mjs"[39m
[90m│[39m  [33mwas ignored.[39m
[90m│[39m
[33m▲[39m  [43mVite[49m
[90m│[39m  [33mnode_modules/@mantine/core/esm/components/TableOfContents/TableOfContents.module.css.mjs[39m
[90m│[39m  [33m(1:0): Module level directives cause errors when bundled, "use client"[39m
[90m│[39m  [33min[39m
[90m│[39m  [33m"node_modules/@mantine/core/esm/components/TableOfContents/TableOfContents.module.css.mjs"[39m
[90m│[39m  [33mwas ignored.[39m
[90m│[39m
[33m▲[39m  [43mVite[49m
[90m│[39m  [33mnode_modules/@mantine/core/esm/components/Grid/Grid.module.css.mjs[39m
[90m│[39m  [33m(1:0): Module level directives cause errors when bundled, "use client"[39m
[90m│[39m  [33min[39m
[90m│[39m  [33m"node_modules/@mantine/core/esm/components/Grid/Grid.module.css.mjs"[39m
[90m│[39m  [33mwas ignored.[39m
[90m│[39m
[33m▲[39m  [43mVite[49m
[90m│[39m  [33mnode_modules/@mantine/core/esm/components/Table/Table.module.css.mjs[39m
[90m│[39m  [33m(1:0): Module level directives cause errors when bundled, "use client"[39m
[90m│[39m  [33min[39m
[90m│[39m  [33m"node_modules/@mantine/core/esm/components/Table/Table.module.css.mjs"[39m
[90m│[39m  [33mwas ignored.[39m
[90m│[39m
[33m▲[39m  [43mVite[49m [33mnode_modules/@mantine/core/esm/components/Tabs/Tabs.context.mjs[39m
[90m│[39m  [33m(1:0): Module level directives cause errors when bundled, "use client"[39m
[90m│[39m  [33min "node_modules/@mantine/core/esm/components/Tabs/Tabs.context.mjs"[39m
[90m│[39m  [33mwas ignored.[39m
[90m│[39m
[33m▲[39m  [43mVite[49m
[90m│[39m  [33mnode_modules/@mantine/core/esm/components/Tabs/Tabs.module.css.mjs[39m
[90m│[39m  [33m(1:0): Module level directives cause errors when bundled, "use client"[39m
[90m│[39m  [33min[39m
[90m│[39m  [33m"node_modules/@mantine/core/esm/components/Tabs/Tabs.module.css.mjs"[39m
[90m│[39m  [33mwas ignored.[39m
[90m│[39m
[33m▲[39m  [43mVite[49m
[90m│[39m  [33mnode_modules/@mantine/core/esm/components/TagsInput/filter-picked-tags.mjs[39m
[90m│[39m  [33m(1:0): Module level directives cause errors when bundled, "use client"[39m
[90m│[39m  [33min[39m
[90m│[39m  [33m"node_modules/@mantine/core/esm/components/TagsInput/filter-picked-tags.mjs"[39m
[90m│[39m  [33mwas ignored.[39m
[90m│[39m
[33m▲[39m  [43mVite[49m
[90m│[39m  [33mnode_modules/@mantine/core/esm/components/Text/Text.module.css.mjs[39m
[90m│[39m  [33m(1:0): Module level directives cause errors when bundled, "use client"[39m
[90m│[39m  [33min[39m
[90m│[39m  [33m"node_modules/@mantine/core/esm/components/Text/Text.module.css.mjs"[39m
[90m│[39m  [33mwas ignored.[39m
[90m│[39m
[33m▲[39m  [43mVite[49m
[90m│[39m  [33mnode_modules/@mantine/core/esm/components/TagsInput/get-splitted-tags.mjs[39m
[90m│[39m  [33m(1:0): Module level directives cause errors when bundled, "use client"[39m
[90m│[39m  [33min[39m
[90m│[39m  [33m"node_modules/@mantine/core/esm/components/TagsInput/get-splitted-tags.mjs"[39m
[90m│[39m  [33mwas ignored.[39m
[90m│[39m
[33m▲[39m  [43mVite[49m
[90m│[39m  [33mnode_modules/@mantine/core/esm/components/ThemeIcon/ThemeIcon.module.css.mjs[39m
[90m│[39m  [33m(1:0): Module level directives cause errors when bundled, "use client"[39m
[90m│[39m  [33min[39m
[90m│[39m  [33m"node_modules/@mantine/core/esm/components/ThemeIcon/ThemeIcon.module.css.mjs"[39m
[90m│[39m  [33mwas ignored.[39m
[90m│[39m
[33m▲[39m  [43mVite[49m
[90m│[39m  [33mnode_modules/@mantine/core/esm/components/Title/get-title-size.mjs[39m
[90m│[39m  [33m(1:0): Module level directives cause errors when bundled, "use client"[39m
[90m│[39m  [33min[39m
[90m│[39m  [33m"node_modules/@mantine/core/esm/components/Title/get-title-size.mjs"[39m
[90m│[39m  [33mwas ignored.[39m
[90m│[39m
[33m▲[39m  [43mVite[49m
[90m│[39m  [33mnode_modules/@mantine/core/esm/components/Title/Title.module.css.mjs[39m
[90m│[39m  [33m(1:0): Module level directives cause errors when bundled, "use client"[39m
[90m│[39m  [33min[39m
[90m│[39m  [33m"node_modules/@mantine/core/esm/components/Title/Title.module.css.mjs"[39m
[90m│[39m  [33mwas ignored.[39m
[90m│[39m
[33m▲[39m  [43mVite[49m
[90m│[39m  [33mnode_modules/@mantine/core/esm/components/Timeline/Timeline.context.mjs[39m
[90m│[39m  [33m(1:0): Module level directives cause errors when bundled, "use client"[39m
[90m│[39m  [33min[39m
[90m│[39m  [33m"node_modules/@mantine/core/esm/components/Timeline/Timeline.context.mjs"[39m
[90m│[39m  [33mwas ignored.[39m
[90m│[39m
[33m▲[39m  [43mVite[49m
[90m│[39m  [33mnode_modules/@mantine/core/esm/components/Timeline/Timeline.module.css.mjs[39m
[90m│[39m  [33m(1:0): Module level directives cause errors when bundled, "use client"[39m
[90m│[39m  [33min[39m
[90m│[39m  [33m"node_modules/@mantine/core/esm/components/Timeline/Timeline.module.css.mjs"[39m
[90m│[39m  [33mwas ignored.[39m
[90m│[39m
[33m▲[39m  [43mVite[49m
[90m│[39m  [33mnode_modules/@mantine/core/esm/components/Tooltip/Tooltip.module.css.mjs[39m
[90m│[39m  [33m(1:0): Module level directives cause errors when bundled, "use client"[39m
[90m│[39m  [33min[39m
[90m│[39m  [33m"node_modules/@mantine/core/esm/components/Tooltip/Tooltip.module.css.mjs"[39m
[90m│[39m  [33mwas ignored.[39m
[90m│[39m
[33m▲[39m  [43mVite[49m
[90m│[39m  [33mnode_modules/@mantine/core/esm/components/Tooltip/TooltipGroup/TooltipGroup.context.mjs[39m
[90m│[39m  [33m(1:0): Module level directives cause errors when bundled, "use client"[39m
[90m│[39m  [33min[39m
[90m│[39m  [33m"node_modules/@mantine/core/esm/components/Tooltip/TooltipGroup/TooltipGroup.context.mjs"[39m
[90m│[39m  [33mwas ignored.[39m
[90m│[39m
[33m▲[39m  [43mVite[49m [33mnode_modules/@mantine/core/esm/components/Tooltip/use-tooltip.mjs[39m
[90m│[39m  [33m(1:0): Module level directives cause errors when bundled, "use client"[39m
[90m│[39m  [33min "node_modules/@mantine/core/esm/components/Tooltip/use-tooltip.mjs"[39m
[90m│[39m  [33mwas ignored.[39m
[90m│[39m
[33m▲[39m  [43mVite[49m
[90m│[39m  [33mnode_modules/@mantine/core/esm/components/Tooltip/TooltipFloating/use-floating-tooltip.mjs[39m
[90m│[39m  [33m(1:0): Module level directives cause errors when bundled, "use client"[39m
[90m│[39m  [33min[39m
[90m│[39m  [33m"node_modules/@mantine/core/esm/components/Tooltip/TooltipFloating/use-floating-tooltip.mjs"[39m
[90m│[39m  [33mwas ignored.[39m
[90m│[39m
[33m▲[39m  [43mVite[49m
[90m│[39m  [33mnode_modules/@mantine/core/esm/components/Tree/Tree.module.css.mjs[39m
[90m│[39m  [33m(1:0): Module level directives cause errors when bundled, "use client"[39m
[90m│[39m  [33min[39m
[90m│[39m  [33m"node_modules/@mantine/core/esm/components/Tree/Tree.module.css.mjs"[39m
[90m│[39m  [33mwas ignored.[39m
[90m│[39m
[33m▲[39m  [43mVite[49m
[90m│[39m  [33mnode_modules/@mantine/core/esm/components/Transition/get-transition-styles/get-transition-styles.mjs[39m
[90m│[39m  [33m(1:0): Module level directives cause errors when bundled, "use client"[39m
[90m│[39m  [33min[39m
[90m│[39m  [33m"node_modules/@mantine/core/esm/components/Transition/get-transition-styles/get-transition-styles.mjs"[39m
[90m│[39m  [33mwas ignored.[39m
[90m│[39m
[33m▲[39m  [43mVite[49m [33mnode_modules/@mantine/core/esm/components/Tree/TreeNode.mjs[39m
[90m│[39m  [33m(1:0): Module level directives cause errors when bundled, "use client"[39m
[90m│[39m  [33min "node_modules/@mantine/core/esm/components/Tree/TreeNode.mjs" was[39m
[90m│[39m  [33mignored.[39m
[90m│[39m
[33m▲[39m  [43mVite[49m
[90m│[39m  [33mnode_modules/@mantine/core/esm/components/Typography/Typography.module.css.mjs[39m
[90m│[39m  [33m(1:0): Module level directives cause errors when bundled, "use client"[39m
[90m│[39m  [33min[39m
[90m│[39m  [33m"node_modules/@mantine/core/esm/components/Typography/Typography.module.css.mjs"[39m
[90m│[39m  [33mwas ignored.[39m
[90m│[39m
[33m▲[39m  [43mVite[49m
[90m│[39m  [33mnode_modules/@mantine/core/esm/components/Transition/use-transition.mjs[39m
[90m│[39m  [33m(1:0): Module level directives cause errors when bundled, "use client"[39m
[90m│[39m  [33min[39m
[90m│[39m  [33m"node_modules/@mantine/core/esm/components/Transition/use-transition.mjs"[39m
[90m│[39m  [33mwas ignored.[39m
[90m│[39m
[33m▲[39m  [43mVite[49m
[90m│[39m  [33mnode_modules/@mantine/core/esm/components/Tree/get-all-checked-nodes/get-all-checked-nodes.mjs[39m
[90m│[39m  [33m(1:0): Module level directives cause errors when bundled, "use client"[39m
[90m│[39m  [33min[39m
[90m│[39m  [33m"node_modules/@mantine/core/esm/components/Tree/get-all-checked-nodes/get-all-checked-nodes.mjs"[39m
[90m│[39m  [33mwas ignored.[39m
[90m│[39m
[33m▲[39m  [43mVite[49m
[90m│[39m  [33mnode_modules/@mantine/core/esm/components/Tree/get-children-nodes-values/get-children-nodes-values.mjs[39m
[90m│[39m  [33m(1:0): Module level directives cause errors when bundled, "use client"[39m
[90m│[39m  [33min[39m
[90m│[39m  [33m"node_modules/@mantine/core/esm/components/Tree/get-children-nodes-values/get-children-nodes-values.mjs"[39m
[90m│[39m  [33mwas ignored.[39m
[90m│[39m
[33m▲[39m  [43mVite[49m
[90m│[39m  [33mnode_modules/@mantine/core/esm/components/Tree/is-node-checked/is-node-checked.mjs[39m
[90m│[39m  [33m(1:0): Module level directives cause errors when bundled, "use client"[39m
[90m│[39m  [33min[39m
[90m│[39m  [33m"node_modules/@mantine/core/esm/components/Tree/is-node-checked/is-node-checked.mjs"[39m
[90m│[39m  [33mwas ignored.[39m
[90m│[39m
[33m▲[39m  [43mVite[49m
[90m│[39m  [33mnode_modules/@mantine/core/esm/components/Tree/is-node-indeterminate/is-node-indeterminate.mjs[39m
[90m│[39m  [33m(1:0): Module level directives cause errors when bundled, "use client"[39m
[90m│[39m  [33min[39m
[90m│[39m  [33m"node_modules/@mantine/core/esm/components/Tree/is-node-indeterminate/is-node-indeterminate.mjs"[39m
[90m│[39m  [33mwas ignored.[39m
[90m│[39m
[33m▲[39m  [43mVite[49m [33mnode_modules/@mantine/modals/esm/reducer.mjs (1:0): Module level[39m
[90m│[39m  [33mdirectives cause errors when bundled, "use client" in[39m
[90m│[39m  [33m"node_modules/@mantine/modals/esm/reducer.mjs" was ignored.[39m
[90m│[39m
[33m▲[39m  [43mVite[49m [33mnode_modules/@mantine/modals/esm/ConfirmModal.mjs (1:0): Module[39m
[90m│[39m  [33mlevel directives cause errors when bundled, "use client" in[39m
[90m│[39m  [33m"node_modules/@mantine/modals/esm/ConfirmModal.mjs" was ignored.[39m
[90m│[39m
[33m▲[39m  [43mVite[49m [33mnode_modules/@mantine/modals/esm/context.mjs (1:0): Module level[39m
[90m│[39m  [33mdirectives cause errors when bundled, "use client" in[39m
[90m│[39m  [33m"node_modules/@mantine/modals/esm/context.mjs" was ignored.[39m
[90m│[39m
[33m▲[39m  [43mVite[49m
[90m│[39m  [33mnode_modules/@mantine/notifications/esm/get-grouped-notifications/get-grouped-notifications.mjs[39m
[90m│[39m  [33m(1:0): Module level directives cause errors when bundled, "use client"[39m
[90m│[39m  [33min[39m
[90m│[39m  [33m"node_modules/@mantine/notifications/esm/get-grouped-notifications/get-grouped-notifications.mjs"[39m
[90m│[39m  [33mwas ignored.[39m
[90m│[39m
[33m▲[39m  [43mVite[49m [33mnode_modules/@mantine/notifications/esm/NotificationContainer.mjs[39m
[90m│[39m  [33m(1:0): Module level directives cause errors when bundled, "use client"[39m
[90m│[39m  [33min "node_modules/@mantine/notifications/esm/NotificationContainer.mjs"[39m
[90m│[39m  [33mwas ignored.[39m
[90m│[39m
[33m▲[39m  [43mVite[49m
[90m│[39m  [33mnode_modules/@mantine/notifications/esm/Notifications.module.css.mjs[39m
[90m│[39m  [33m(1:0): Module level directives cause errors when bundled, "use client"[39m
[90m│[39m  [33min[39m
[90m│[39m  [33m"node_modules/@mantine/notifications/esm/Notifications.module.css.mjs"[39m
[90m│[39m  [33mwas ignored.[39m
[90m│[39m
[33m▲[39m  [43mVite[49m
[90m│[39m  [33mnode_modules/@mantine/notifications/esm/get-notification-state-styles.mjs[39m
[90m│[39m  [33m(1:0): Module level directives cause errors when bundled, "use client"[39m
[90m│[39m  [33min[39m
[90m│[39m  [33m"node_modules/@mantine/notifications/esm/get-notification-state-styles.mjs"[39m
[90m│[39m  [33mwas ignored.[39m
[90m│[39m
[33m▲[39m  [43mVite[49m [33mnode_modules/@radix-ui/react-dialog/dist/index.mjs (1:0): Module[39m
[90m│[39m  [33mlevel directives cause errors when bundled, "use client" in[39m
[90m│[39m  [33m"node_modules/@radix-ui/react-dialog/dist/index.mjs" was ignored.[39m
[90m│[39m
[33m▲[39m  [43mVite[49m [33mnode_modules/@mantine/hooks/esm/utils/clamp/clamp.mjs (1:0):[39m
[90m│[39m  [33mModule level directives cause errors when bundled, "use client" in[39m
[90m│[39m  [33m"node_modules/@mantine/hooks/esm/utils/clamp/clamp.mjs" was ignored.[39m
[90m│[39m
[33m▲[39m  [43mVite[49m [33mnode_modules/@mantine/hooks/esm/utils/random-id/random-id.mjs[39m
[90m│[39m  [33m(1:0): Module level directives cause errors when bundled, "use client"[39m
[90m│[39m  [33min "node_modules/@mantine/hooks/esm/utils/random-id/random-id.mjs" was[39m
[90m│[39m  [33mignored.[39m
[90m│[39m
[33m▲[39m  [43mVite[49m [33mnode_modules/@mantine/hooks/esm/utils/range/range.mjs (1:0):[39m
[90m│[39m  [33mModule level directives cause errors when bundled, "use client" in[39m
[90m│[39m  [33m"node_modules/@mantine/hooks/esm/utils/range/range.mjs" was ignored.[39m
[90m│[39m
[33m▲[39m  [43mVite[49m [33mnode_modules/@mantine/hooks/esm/utils/lower-first/lower-first.mjs[39m
[90m│[39m  [33m(1:0): Module level directives cause errors when bundled, "use client"[39m
[90m│[39m  [33min "node_modules/@mantine/hooks/esm/utils/lower-first/lower-first.mjs"[39m
[90m│[39m  [33mwas ignored.[39m
[90m│[39m
[33m▲[39m  [43mVite[49m [33mnode_modules/@mantine/hooks/esm/utils/upper-first/upper-first.mjs[39m
[90m│[39m  [33m(1:0): Module level directives cause errors when bundled, "use client"[39m
[90m│[39m  [33min "node_modules/@mantine/hooks/esm/utils/upper-first/upper-first.mjs"[39m
[90m│[39m  [33mwas ignored.[39m
[90m│[39m
[33m▲[39m  [43mVite[49m
[90m│[39m  [33mnode_modules/@mantine/hooks/esm/utils/shallow-equal/shallow-equal.mjs[39m
[90m│[39m  [33m(1:0): Module level directives cause errors when bundled, "use client"[39m
[90m│[39m  [33min[39m
[90m│[39m  [33m"node_modules/@mantine/hooks/esm/utils/shallow-equal/shallow-equal.mjs"[39m
[90m│[39m  [33mwas ignored.[39m
[90m│[39m
[33m▲[39m  [43mVite[49m [33mnode_modules/@mantine/hooks/esm/use-clipboard/use-clipboard.mjs[39m
[90m│[39m  [33m(1:0): Module level directives cause errors when bundled, "use client"[39m
[90m│[39m  [33min "node_modules/@mantine/hooks/esm/use-clipboard/use-clipboard.mjs"[39m
[90m│[39m  [33mwas ignored.[39m
[90m│[39m
[33m▲[39m  [43mVite[49m
[90m│[39m  [33mnode_modules/@mantine/hooks/esm/utils/use-callback-ref/use-callback-ref.mjs[39m
[90m│[39m  [33m(1:0): Module level directives cause errors when bundled, "use client"[39m
[90m│[39m  [33min[39m
[90m│[39m  [33m"node_modules/@mantine/hooks/esm/utils/use-callback-ref/use-callback-ref.mjs"[39m
[90m│[39m  [33mwas ignored.[39m
[90m│[39m
[33m▲[39m  [43mVite[49m
[90m│[39m  [33mnode_modules/@mantine/hooks/esm/use-debounced-callback/use-debounced-callback.mjs[39m
[90m│[39m  [33m(1:0): Module level directives cause errors when bundled, "use client"[39m
[90m│[39m  [33min[39m
[90m│[39m  [33m"node_modules/@mantine/hooks/esm/use-debounced-callback/use-debounced-callback.mjs"[39m
[90m│[39m  [33mwas ignored.[39m
[90m│[39m
[33m▲[39m  [43mVite[49m
[90m│[39m  [33mnode_modules/@mantine/hooks/esm/use-click-outside/use-click-outside.mjs[39m
[90m│[39m  [33m(1:0): Module level directives cause errors when bundled, "use client"[39m
[90m│[39m  [33min[39m
[90m│[39m  [33m"node_modules/@mantine/hooks/esm/use-click-outside/use-click-outside.mjs"[39m
[90m│[39m  [33mwas ignored.[39m
[90m│[39m
[33m▲[39m  [43mVite[49m [33mnode_modules/@mantine/hooks/esm/use-counter/use-counter.mjs[39m
[90m│[39m  [33m(1:0): Module level directives cause errors when bundled, "use client"[39m
[90m│[39m  [33min "node_modules/@mantine/hooks/esm/use-counter/use-counter.mjs" was[39m
[90m│[39m  [33mignored.[39m
[90m│[39m
[33m▲[39m  [43mVite[49m
[90m│[39m  [33mnode_modules/@mantine/hooks/esm/use-color-scheme/use-color-scheme.mjs[39m
[90m│[39m  [33m(1:0): Module level directives cause errors when bundled, "use client"[39m
[90m│[39m  [33min[39m
[90m│[39m  [33m"node_modules/@mantine/hooks/esm/use-color-scheme/use-color-scheme.mjs"[39m
[90m│[39m  [33mwas ignored.[39m
[90m│[39m
[33m▲[39m  [43mVite[49m
[90m│[39m  [33mnode_modules/@mantine/hooks/esm/use-debounced-state/use-debounced-state.mjs[39m
[90m│[39m  [33m(1:0): Module level directives cause errors when bundled, "use client"[39m
[90m│[39m  [33min[39m
[90m│[39m  [33m"node_modules/@mantine/hooks/esm/use-debounced-state/use-debounced-state.mjs"[39m
[90m│[39m  [33mwas ignored.[39m
[90m│[39m
[33m▲[39m  [43mVite[49m
[90m│[39m  [33mnode_modules/@mantine/hooks/esm/use-debounced-value/use-debounced-value.mjs[39m
[90m│[39m  [33m(1:0): Module level directives cause errors when bundled, "use client"[39m
[90m│[39m  [33min[39m
[90m│[39m  [33m"node_modules/@mantine/hooks/esm/use-debounced-value/use-debounced-value.mjs"[39m
[90m│[39m  [33mwas ignored.[39m
[90m│[39m
[33m▲[39m  [43mVite[49m
[90m│[39m  [33mnode_modules/@mantine/hooks/esm/use-document-visibility/use-document-visibility.mjs[39m
[90m│[39m  [33m(1:0): Module level directives cause errors when bundled, "use client"[39m
[90m│[39m  [33min[39m
[90m│[39m  [33m"node_modules/@mantine/hooks/esm/use-document-visibility/use-document-visibility.mjs"[39m
[90m│[39m  [33mwas ignored.[39m
[90m│[39m
[33m▲[39m  [43mVite[49m
[90m│[39m  [33mnode_modules/@mantine/hooks/esm/use-focus-return/use-focus-return.mjs[39m
[90m│[39m  [33m(1:0): Module level directives cause errors when bundled, "use client"[39m
[90m│[39m  [33min[39m
[90m│[39m  [33m"node_modules/@mantine/hooks/esm/use-focus-return/use-focus-return.mjs"[39m
[90m│[39m  [33mwas ignored.[39m
[90m│[39m
[33m▲[39m  [43mVite[49m
[90m│[39m  [33mnode_modules/@mantine/hooks/esm/use-document-title/use-document-title.mjs[39m
[90m│[39m  [33m(1:0): Module level directives cause errors when bundled, "use client"[39m
[90m│[39m  [33min[39m
[90m│[39m  [33m"node_modules/@mantine/hooks/esm/use-document-title/use-document-title.mjs"[39m
[90m│[39m  [33mwas ignored.[39m
[90m│[39m
[33m▲[39m  [43mVite[49m [33mnode_modules/@mantine/hooks/esm/use-did-update/use-did-update.mjs[39m
[90m│[39m  [33m(1:0): Module level directives cause errors when bundled, "use client"[39m
[90m│[39m  [33min "node_modules/@mantine/hooks/esm/use-did-update/use-did-update.mjs"[39m
[90m│[39m  [33mwas ignored.[39m
[90m│[39m
[33m▲[39m  [43mVite[49m
[90m│[39m  [33mnode_modules/@mantine/hooks/esm/use-force-update/use-force-update.mjs[39m
[90m│[39m  [33m(1:0): Module level directives cause errors when bundled, "use client"[39m
[90m│[39m  [33min[39m
[90m│[39m  [33m"node_modules/@mantine/hooks/esm/use-force-update/use-force-update.mjs"[39m
[90m│[39m  [33mwas ignored.[39m
[90m│[39m
[33m▲[39m  [43mVite[49m [33mnode_modules/@mantine/hooks/esm/use-interval/use-interval.mjs[39m
[90m│[39m  [33m(1:0): Module level directives cause errors when bundled, "use client"[39m
[90m│[39m  [33min "node_modules/@mantine/hooks/esm/use-interval/use-interval.mjs" was[39m
[90m│[39m  [33mignored.[39m
[90m│[39m
[33m▲[39m  [43mVite[49m [33mnode_modules/@mantine/hooks/esm/use-id/use-id.mjs (1:0): Module[39m
[90m│[39m  [33mlevel directives cause errors when bundled, "use client" in[39m
[90m│[39m  [33m"node_modules/@mantine/hooks/esm/use-id/use-id.mjs" was ignored.[39m
[90m│[39m
[33m▲[39m  [43mVite[49m
[90m│[39m  [33mnode_modules/@mantine/hooks/esm/use-isomorphic-effect/use-isomorphic-effect.mjs[39m
[90m│[39m  [33m(1:0): Module level directives cause errors when bundled, "use client"[39m
[90m│[39m  [33min[39m
[90m│[39m  [33m"node_modules/@mantine/hooks/esm/use-isomorphic-effect/use-isomorphic-effect.mjs"[39m
[90m│[39m  [33mwas ignored.[39m
[90m│[39m
[33m▲[39m  [43mVite[49m [33mnode_modules/@mantine/hooks/esm/use-idle/use-idle.mjs (1:0):[39m
[90m│[39m  [33mModule level directives cause errors when bundled, "use client" in[39m
[90m│[39m  [33m"node_modules/@mantine/hooks/esm/use-idle/use-idle.mjs" was ignored.[39m
[90m│[39m
[33m▲[39m  [43mVite[49m [33mnode_modules/@mantine/hooks/esm/use-list-state/use-list-state.mjs[39m
[90m│[39m  [33m(1:0): Module level directives cause errors when bundled, "use client"[39m
[90m│[39m  [33min "node_modules/@mantine/hooks/esm/use-list-state/use-list-state.mjs"[39m
[90m│[39m  [33mwas ignored.[39m
[90m│[39m
[33m▲[39m  [43mVite[49m [33mnode_modules/@mantine/hooks/esm/use-merged-ref/use-merged-ref.mjs[39m
[90m│[39m  [33m(1:0): Module level directives cause errors when bundled, "use client"[39m
[90m│[39m  [33min "node_modules/@mantine/hooks/esm/use-merged-ref/use-merged-ref.mjs"[39m
[90m│[39m  [33mwas ignored.[39m
[90m│[39m
[33m▲[39m  [43mVite[49m
[90m│[39m  [33mnode_modules/@mantine/hooks/esm/use-media-query/use-media-query.mjs[39m
[90m│[39m  [33m(1:0): Module level directives cause errors when bundled, "use client"[39m
[90m│[39m  [33min[39m
[90m│[39m  [33m"node_modules/@mantine/hooks/esm/use-media-query/use-media-query.mjs"[39m
[90m│[39m  [33mwas ignored.[39m
[90m│[39m
[33m▲[39m  [43mVite[49m
[90m│[39m  [33mnode_modules/@mantine/hooks/esm/use-local-storage/use-local-storage.mjs[39m
[90m│[39m  [33m(1:0): Module level directives cause errors when bundled, "use client"[39m
[90m│[39m  [33min[39m
[90m│[39m  [33m"node_modules/@mantine/hooks/esm/use-local-storage/use-local-storage.mjs"[39m
[90m│[39m  [33mwas ignored.[39m
[90m│[39m
[33m▲[39m  [43mVite[49m
[90m│[39m  [33mnode_modules/@mantine/hooks/esm/use-session-storage/use-session-storage.mjs[39m
[90m│[39m  [33m(1:0): Module level directives cause errors when bundled, "use client"[39m
[90m│[39m  [33min[39m
[90m│[39m  [33m"node_modules/@mantine/hooks/esm/use-session-storage/use-session-storage.mjs"[39m
[90m│[39m  [33mwas ignored.[39m
[90m│[39m
[33m▲[39m  [43mVite[49m [33mnode_modules/@mantine/hooks/esm/use-queue/use-queue.mjs (1:0):[39m
[90m│[39m  [33mModule level directives cause errors when bundled, "use client" in[39m
[90m│[39m  [33m"node_modules/@mantine/hooks/esm/use-queue/use-queue.mjs" was ignored.[39m
[90m│[39m
[33m▲[39m  [43mVite[49m [33mnode_modules/@mantine/hooks/esm/use-move/use-move.mjs (1:0):[39m
[90m│[39m  [33mModule level directives cause errors when bundled, "use client" in[39m
[90m│[39m  [33m"node_modules/@mantine/hooks/esm/use-move/use-move.mjs" was ignored.[39m
[90m│[39m
[33m▲[39m  [43mVite[49m [33mnode_modules/@mantine/hooks/esm/use-pagination/use-pagination.mjs[39m
[90m│[39m  [33m(1:0): Module level directives cause errors when bundled, "use client"[39m
[90m│[39m  [33min "node_modules/@mantine/hooks/esm/use-pagination/use-pagination.mjs"[39m
[90m│[39m  [33mwas ignored.[39m
[90m│[39m
[33m▲[39m  [43mVite[49m [33mnode_modules/@mantine/hooks/esm/use-page-leave/use-page-leave.mjs[39m
[90m│[39m  [33m(1:0): Module level directives cause errors when bundled, "use client"[39m
[90m│[39m  [33min "node_modules/@mantine/hooks/esm/use-page-leave/use-page-leave.mjs"[39m
[90m│[39m  [33mwas ignored.[39m
[90m│[39m
[33m▲[39m  [43mVite[49m
[90m│[39m  [33mnode_modules/@mantine/hooks/esm/use-scroll-into-view/use-scroll-into-view.mjs[39m
[90m│[39m  [33m(1:0): Module level directives cause errors when bundled, "use client"[39m
[90m│[39m  [33min[39m
[90m│[39m  [33m"node_modules/@mantine/hooks/esm/use-scroll-into-view/use-scroll-into-view.mjs"[39m
[90m│[39m  [33mwas ignored.[39m
[90m│[39m
[33m▲[39m  [43mVite[49m
[90m│[39m  [33mnode_modules/@mantine/hooks/esm/use-reduced-motion/use-reduced-motion.mjs[39m
[90m│[39m  [33m(1:0): Module level directives cause errors when bundled, "use client"[39m
[90m│[39m  [33min[39m
[90m│[39m  [33m"node_modules/@mantine/hooks/esm/use-reduced-motion/use-reduced-motion.mjs"[39m
[90m│[39m  [33mwas ignored.[39m
[90m│[39m
[33m▲[39m  [43mVite[49m
[90m│[39m  [33mnode_modules/@mantine/hooks/esm/use-shallow-effect/use-shallow-effect.mjs[39m
[90m│[39m  [33m(1:0): Module level directives cause errors when bundled, "use client"[39m
[90m│[39m  [33min[39m
[90m│[39m  [33m"node_modules/@mantine/hooks/esm/use-shallow-effect/use-shallow-effect.mjs"[39m
[90m│[39m  [33mwas ignored.[39m
[90m│[39m
[33m▲[39m  [43mVite[49m
[90m│[39m  [33mnode_modules/@mantine/hooks/esm/use-uncontrolled/use-uncontrolled.mjs[39m
[90m│[39m  [33m(1:0): Module level directives cause errors when bundled, "use client"[39m
[90m│[39m  [33min[39m
[90m│[39m  [33m"node_modules/@mantine/hooks/esm/use-uncontrolled/use-uncontrolled.mjs"[39m
[90m│[39m  [33mwas ignored.[39m
[90m│[39m
[33m▲[39m  [43mVite[49m
[90m│[39m  [33mnode_modules/@mantine/hooks/esm/use-resize-observer/use-resize-observer.mjs[39m
[90m│[39m  [33m(1:0): Module level directives cause errors when bundled, "use client"[39m
[90m│[39m  [33min[39m
[90m│[39m  [33m"node_modules/@mantine/hooks/esm/use-resize-observer/use-resize-observer.mjs"[39m
[90m│[39m  [33mwas ignored.[39m
[90m│[39m
[33m▲[39m  [43mVite[49m
[90m│[39m  [33mnode_modules/@mantine/hooks/esm/use-window-event/use-window-event.mjs[39m
[90m│[39m  [33m(1:0): Module level directives cause errors when bundled, "use client"[39m
[90m│[39m  [33min[39m
[90m│[39m  [33m"node_modules/@mantine/hooks/esm/use-window-event/use-window-event.mjs"[39m
[90m│[39m  [33mwas ignored.[39m
[90m│[39m
[33m▲[39m  [43mVite[49m
[90m│[39m  [33mnode_modules/@mantine/hooks/esm/use-viewport-size/use-viewport-size.mjs[39m
[90m│[39m  [33m(1:0): Module level directives cause errors when bundled, "use client"[39m
[90m│[39m  [33min[39m
[90m│[39m  [33m"node_modules/@mantine/hooks/esm/use-viewport-size/use-viewport-size.mjs"[39m
[90m│[39m  [33mwas ignored.[39m
[90m│[39m
[33m▲[39m  [43mVite[49m [33mnode_modules/@mantine/hooks/esm/use-toggle/use-toggle.mjs (1:0):[39m
[90m│[39m  [33mModule level directives cause errors when bundled, "use client" in[39m
[90m│[39m  [33m"node_modules/@mantine/hooks/esm/use-toggle/use-toggle.mjs" was[39m
[90m│[39m  [33mignored.[39m
[90m│[39m
[33m▲[39m  [43mVite[49m [33mnode_modules/@mantine/hooks/esm/use-hash/use-hash.mjs (1:0):[39m
[90m│[39m  [33mModule level directives cause errors when bundled, "use client" in[39m
[90m│[39m  [33m"node_modules/@mantine/hooks/esm/use-hash/use-hash.mjs" was ignored.[39m
[90m│[39m
[33m▲[39m  [43mVite[49m
[90m│[39m  [33mnode_modules/@mantine/hooks/esm/use-window-scroll/use-window-scroll.mjs[39m
[90m│[39m  [33m(1:0): Module level directives cause errors when bundled, "use client"[39m
[90m│[39m  [33min[39m
[90m│[39m  [33m"node_modules/@mantine/hooks/esm/use-window-scroll/use-window-scroll.mjs"[39m
[90m│[39m  [33mwas ignored.[39m
[90m│[39m
[33m▲[39m  [43mVite[49m [33mnode_modules/@mantine/hooks/esm/use-fullscreen/use-fullscreen.mjs[39m
[90m│[39m  [33m(1:0): Module level directives cause errors when bundled, "use client"[39m
[90m│[39m  [33min "node_modules/@mantine/hooks/esm/use-fullscreen/use-fullscreen.mjs"[39m
[90m│[39m  [33mwas ignored.[39m
[90m│[39m
[33m▲[39m  [43mVite[49m
[90m│[39m  [33mnode_modules/@mantine/hooks/esm/use-intersection/use-intersection.mjs[39m
[90m│[39m  [33m(1:0): Module level directives cause errors when bundled, "use client"[39m
[90m│[39m  [33min[39m
[90m│[39m  [33m"node_modules/@mantine/hooks/esm/use-intersection/use-intersection.mjs"[39m
[90m│[39m  [33mwas ignored.[39m
[90m│[39m
[33m▲[39m  [43mVite[49m [33mnode_modules/@mantine/hooks/esm/use-logger/use-logger.mjs (1:0):[39m
[90m│[39m  [33mModule level directives cause errors when bundled, "use client" in[39m
[90m│[39m  [33m"node_modules/@mantine/hooks/esm/use-logger/use-logger.mjs" was[39m
[90m│[39m  [33mignored.[39m
[90m│[39m
[33m▲[39m  [43mVite[49m [33mnode_modules/@mantine/hooks/esm/use-hotkeys/use-hotkeys.mjs[39m
[90m│[39m  [33m(1:0): Module level directives cause errors when bundled, "use client"[39m
[90m│[39m  [33min "node_modules/@mantine/hooks/esm/use-hotkeys/use-hotkeys.mjs" was[39m
[90m│[39m  [33mignored.[39m
[90m│[39m
[33m▲[39m  [43mVite[49m [33mnode_modules/@mantine/hooks/esm/use-hover/use-hover.mjs (1:0):[39m
[90m│[39m  [33mModule level directives cause errors when bundled, "use client" in[39m
[90m│[39m  [33m"node_modules/@mantine/hooks/esm/use-hover/use-hover.mjs" was ignored.[39m
[90m│[39m
[33m▲[39m  [43mVite[49m [33mnode_modules/@mantine/hooks/esm/use-os/use-os.mjs (1:0): Module[39m
[90m│[39m  [33mlevel directives cause errors when bundled, "use client" in[39m
[90m│[39m  [33m"node_modules/@mantine/hooks/esm/use-os/use-os.mjs" was ignored.[39m
[90m│[39m
[33m▲[39m  [43mVite[49m
[90m│[39m  [33mnode_modules/@mantine/hooks/esm/use-validated-state/use-validated-state.mjs[39m
[90m│[39m  [33m(1:0): Module level directives cause errors when bundled, "use client"[39m
[90m│[39m  [33min[39m
[90m│[39m  [33m"node_modules/@mantine/hooks/esm/use-validated-state/use-validated-state.mjs"[39m
[90m│[39m  [33mwas ignored.[39m
[90m│[39m
[33m▲[39m  [43mVite[49m [33mnode_modules/@mantine/hooks/esm/use-set-state/use-set-state.mjs[39m
[90m│[39m  [33m(1:0): Module level directives cause errors when bundled, "use client"[39m
[90m│[39m  [33min "node_modules/@mantine/hooks/esm/use-set-state/use-set-state.mjs"[39m
[90m│[39m  [33mwas ignored.[39m
[90m│[39m
[33m▲[39m  [43mVite[49m [33mnode_modules/@mantine/hooks/esm/use-mouse/use-mouse.mjs (1:0):[39m
[90m│[39m  [33mModule level directives cause errors when bundled, "use client" in[39m
[90m│[39m  [33m"node_modules/@mantine/hooks/esm/use-mouse/use-mouse.mjs" was ignored.[39m
[90m│[39m
[33m▲[39m  [43mVite[49m
[90m│[39m  [33mnode_modules/@mantine/hooks/esm/use-focus-within/use-focus-within.mjs[39m
[90m│[39m  [33m(1:0): Module level directives cause errors when bundled, "use client"[39m
[90m│[39m  [33min[39m
[90m│[39m  [33m"node_modules/@mantine/hooks/esm/use-focus-within/use-focus-within.mjs"[39m
[90m│[39m  [33mwas ignored.[39m
[90m│[39m
[33m▲[39m  [43mVite[49m
[90m│[39m  [33mnode_modules/@mantine/hooks/esm/use-event-listener/use-event-listener.mjs[39m
[90m│[39m  [33m(1:0): Module level directives cause errors when bundled, "use client"[39m
[90m│[39m  [33min[39m
[90m│[39m  [33m"node_modules/@mantine/hooks/esm/use-event-listener/use-event-listener.mjs"[39m
[90m│[39m  [33mwas ignored.[39m
[90m│[39m
[33m▲[39m  [43mVite[49m [33mnode_modules/@mantine/hooks/esm/use-network/use-network.mjs[39m
[90m│[39m  [33m(1:0): Module level directives cause errors when bundled, "use client"[39m
[90m│[39m  [33min "node_modules/@mantine/hooks/esm/use-network/use-network.mjs" was[39m
[90m│[39m  [33mignored.[39m
[90m│[39m
[33m▲[39m  [43mVite[49m
[90m│[39m  [33mnode_modules/@mantine/hooks/esm/use-text-selection/use-text-selection.mjs[39m
[90m│[39m  [33m(1:0): Module level directives cause errors when bundled, "use client"[39m
[90m│[39m  [33min[39m
[90m│[39m  [33m"node_modules/@mantine/hooks/esm/use-text-selection/use-text-selection.mjs"[39m
[90m│[39m  [33mwas ignored.[39m
[90m│[39m
[33m▲[39m  [43mVite[49m [33mnode_modules/@mantine/hooks/esm/use-previous/use-previous.mjs[39m
[90m│[39m  [33m(1:0): Module level directives cause errors when bundled, "use client"[39m
[90m│[39m  [33min "node_modules/@mantine/hooks/esm/use-previous/use-previous.mjs" was[39m
[90m│[39m  [33mignored.[39m
[90m│[39m
[33m▲[39m  [43mVite[49m [33mnode_modules/@mantine/hooks/esm/use-favicon/use-favicon.mjs[39m
[90m│[39m  [33m(1:0): Module level directives cause errors when bundled, "use client"[39m
[90m│[39m  [33min "node_modules/@mantine/hooks/esm/use-favicon/use-favicon.mjs" was[39m
[90m│[39m  [33mignored.[39m
[90m│[39m
[33m▲[39m  [43mVite[49m [33mnode_modules/@mantine/hooks/esm/use-headroom/use-headroom.mjs[39m
[90m│[39m  [33m(1:0): Module level directives cause errors when bundled, "use client"[39m
[90m│[39m  [33min "node_modules/@mantine/hooks/esm/use-headroom/use-headroom.mjs" was[39m
[90m│[39m  [33mignored.[39m
[90m│[39m
[33m▲[39m  [43mVite[49m
[90m│[39m  [33mnode_modules/@mantine/hooks/esm/use-in-viewport/use-in-viewport.mjs[39m
[90m│[39m  [33m(1:0): Module level directives cause errors when bundled, "use client"[39m
[90m│[39m  [33min[39m
[90m│[39m  [33m"node_modules/@mantine/hooks/esm/use-in-viewport/use-in-viewport.mjs"[39m
[90m│[39m  [33mwas ignored.[39m
[90m│[39m
[33m▲[39m  [43mVite[49m
[90m│[39m  [33mnode_modules/@mantine/hooks/esm/use-eye-dropper/use-eye-dropper.mjs[39m
[90m│[39m  [33m(1:0): Module level directives cause errors when bundled, "use client"[39m
[90m│[39m  [33min[39m
[90m│[39m  [33m"node_modules/@mantine/hooks/esm/use-eye-dropper/use-eye-dropper.mjs"[39m
[90m│[39m  [33mwas ignored.[39m
[90m│[39m
[33m▲[39m  [43mVite[49m [33mnode_modules/@mantine/hooks/esm/use-mounted/use-mounted.mjs[39m
[90m│[39m  [33m(1:0): Module level directives cause errors when bundled, "use client"[39m
[90m│[39m  [33min "node_modules/@mantine/hooks/esm/use-mounted/use-mounted.mjs" was[39m
[90m│[39m  [33mignored.[39m
[90m│[39m
[33m▲[39m  [43mVite[49m
[90m│[39m  [33mnode_modules/@mantine/hooks/esm/use-mutation-observer/use-mutation-observer.mjs[39m
[90m│[39m  [33m(1:0): Module level directives cause errors when bundled, "use client"[39m
[90m│[39m  [33min[39m
[90m│[39m  [33m"node_modules/@mantine/hooks/esm/use-mutation-observer/use-mutation-observer.mjs"[39m
[90m│[39m  [33mwas ignored.[39m
[90m│[39m
[33m▲[39m  [43mVite[49m
[90m│[39m  [33mnode_modules/@mantine/hooks/esm/use-state-history/use-state-history.mjs[39m
[90m│[39m  [33m(1:0): Module level directives cause errors when bundled, "use client"[39m
[90m│[39m  [33min[39m
[90m│[39m  [33m"node_modules/@mantine/hooks/esm/use-state-history/use-state-history.mjs"[39m
[90m│[39m  [33mwas ignored.[39m
[90m│[39m
[33m▲[39m  [43mVite[49m [33mnode_modules/@mantine/hooks/esm/use-map/use-map.mjs (1:0): Module[39m
[90m│[39m  [33mlevel directives cause errors when bundled, "use client" in[39m
[90m│[39m  [33m"node_modules/@mantine/hooks/esm/use-map/use-map.mjs" was ignored.[39m
[90m│[39m
[33m▲[39m  [43mVite[49m [33mnode_modules/@mantine/hooks/esm/use-set/use-set.mjs (1:0): Module[39m
[90m│[39m  [33mlevel directives cause errors when bundled, "use client" in[39m
[90m│[39m  [33m"node_modules/@mantine/hooks/esm/use-set/use-set.mjs" was ignored.[39m
[90m│[39m
[33m▲[39m  [43mVite[49m
[90m│[39m  [33mnode_modules/@mantine/hooks/esm/use-throttled-callback/use-throttled-callback.mjs[39m
[90m│[39m  [33m(1:0): Module level directives cause errors when bundled, "use client"[39m
[90m│[39m  [33min[39m
[90m│[39m  [33m"node_modules/@mantine/hooks/esm/use-throttled-callback/use-throttled-callback.mjs"[39m
[90m│[39m  [33mwas ignored.[39m
[90m│[39m
[33m▲[39m  [43mVite[49m
[90m│[39m  [33mnode_modules/@mantine/hooks/esm/use-throttled-value/use-throttled-value.mjs[39m
[90m│[39m  [33m(1:0): Module level directives cause errors when bundled, "use client"[39m
[90m│[39m  [33min[39m
[90m│[39m  [33m"node_modules/@mantine/hooks/esm/use-throttled-value/use-throttled-value.mjs"[39m
[90m│[39m  [33mwas ignored.[39m
[90m│[39m
[33m▲[39m  [43mVite[49m
[90m│[39m  [33mnode_modules/@mantine/hooks/esm/use-throttled-state/use-throttled-state.mjs[39m
[90m│[39m  [33m(1:0): Module level directives cause errors when bundled, "use client"[39m
[90m│[39m  [33min[39m
[90m│[39m  [33m"node_modules/@mantine/hooks/esm/use-throttled-state/use-throttled-state.mjs"[39m
[90m│[39m  [33mwas ignored.[39m
[90m│[39m
[33m▲[39m  [43mVite[49m
[90m│[39m  [33mnode_modules/@mantine/hooks/esm/use-is-first-render/use-is-first-render.mjs[39m
[90m│[39m  [33m(1:0): Module level directives cause errors when bundled, "use client"[39m
[90m│[39m  [33min[39m
[90m│[39m  [33m"node_modules/@mantine/hooks/esm/use-is-first-render/use-is-first-render.mjs"[39m
[90m│[39m  [33mwas ignored.[39m
[90m│[39m
[33m▲[39m  [43mVite[49m [33mnode_modules/@mantine/hooks/esm/use-fetch/use-fetch.mjs (1:0):[39m
[90m│[39m  [33mModule level directives cause errors when bundled, "use client" in[39m
[90m│[39m  [33m"node_modules/@mantine/hooks/esm/use-fetch/use-fetch.mjs" was ignored.[39m
[90m│[39m
[33m▲[39m  [43mVite[49m [33mnode_modules/@mantine/hooks/esm/use-disclosure/use-disclosure.mjs[39m
[90m│[39m  [33m(1:0): Module level directives cause errors when bundled, "use client"[39m
[90m│[39m  [33min "node_modules/@mantine/hooks/esm/use-disclosure/use-disclosure.mjs"[39m
[90m│[39m  [33mwas ignored.[39m
[90m│[39m
[33m▲[39m  [43mVite[49m
[90m│[39m  [33mnode_modules/@mantine/hooks/esm/use-file-dialog/use-file-dialog.mjs[39m
[90m│[39m  [33m(1:0): Module level directives cause errors when bundled, "use client"[39m
[90m│[39m  [33min[39m
[90m│[39m  [33m"node_modules/@mantine/hooks/esm/use-file-dialog/use-file-dialog.mjs"[39m
[90m│[39m  [33mwas ignored.[39m
[90m│[39m
[33m▲[39m  [43mVite[49m [33mnode_modules/@mantine/hooks/esm/use-timeout/use-timeout.mjs[39m
[90m│[39m  [33m(1:0): Module level directives cause errors when bundled, "use client"[39m
[90m│[39m  [33min "node_modules/@mantine/hooks/esm/use-timeout/use-timeout.mjs" was[39m
[90m│[39m  [33mignored.[39m
[90m│[39m
[33m▲[39m  [43mVite[49m [33mnode_modules/@mantine/hooks/esm/use-scroll-spy/use-scroll-spy.mjs[39m
[90m│[39m  [33m(1:0): Module level directives cause errors when bundled, "use client"[39m
[90m│[39m  [33min "node_modules/@mantine/hooks/esm/use-scroll-spy/use-scroll-spy.mjs"[39m
[90m│[39m  [33mwas ignored.[39m
[90m│[39m
[33m▲[39m  [43mVite[49m
[90m│[39m  [33mnode_modules/@mantine/hooks/esm/use-radial-move/use-radial-move.mjs[39m
[90m│[39m  [33m(1:0): Module level directives cause errors when bundled, "use client"[39m
[90m│[39m  [33min[39m
[90m│[39m  [33m"node_modules/@mantine/hooks/esm/use-radial-move/use-radial-move.mjs"[39m
[90m│[39m  [33mwas ignored.[39m
[90m│[39m
[33m▲[39m  [43mVite[49m
[90m│[39m  [33mnode_modules/@mantine/hooks/esm/use-orientation/use-orientation.mjs[39m
[90m│[39m  [33m(1:0): Module level directives cause errors when bundled, "use client"[39m
[90m│[39m  [33min[39m
[90m│[39m  [33m"node_modules/@mantine/hooks/esm/use-orientation/use-orientation.mjs"[39m
[90m│[39m  [33mwas ignored.[39m
[90m│[39m
[33m▲[39m  [43mVite[49m [33mnode_modules/@mantine/hooks/esm/use-selection/use-selection.mjs[39m
[90m│[39m  [33m(1:0): Module level directives cause errors when bundled, "use client"[39m
[90m│[39m  [33min "node_modules/@mantine/hooks/esm/use-selection/use-selection.mjs"[39m
[90m│[39m  [33mwas ignored.[39m
[90m│[39m
[33m▲[39m  [43mVite[49m [33mnode_modules/@mantine/hooks/esm/use-long-press/use-long-press.mjs[39m
[90m│[39m  [33m(1:0): Module level directives cause errors when bundled, "use client"[39m
[90m│[39m  [33min "node_modules/@mantine/hooks/esm/use-long-press/use-long-press.mjs"[39m
[90m│[39m  [33mwas ignored.[39m
[90m│[39m
[33m▲[39m  [43mVite[49m [33mnode_modules/@mantine/hooks/esm/use-hotkeys/parse-hotkey.mjs[39m
[90m│[39m  [33m(1:0): Module level directives cause errors when bundled, "use client"[39m
[90m│[39m  [33min "node_modules/@mantine/hooks/esm/use-hotkeys/parse-hotkey.mjs" was[39m
[90m│[39m  [33mignored.[39m
[90m│[39m
[33m▲[39m  [43mVite[49m
[90m│[39m  [33mnode_modules/@mantine/core/esm/core/styles-api/use-styles/get-class-name/get-resolved-class-names/get-resolved-class-names.mjs[39m
[90m│[39m  [33m(1:0): Module level directives cause errors when bundled, "use client"[39m
[90m│[39m  [33min[39m
[90m│[39m  [33m"node_modules/@mantine/core/esm/core/styles-api/use-styles/get-class-name/get-resolved-class-names/get-resolved-class-names.mjs"[39m
[90m│[39m  [33mwas ignored.[39m
[90m│[39m
[33m▲[39m  [43mVite[49m
[90m│[39m  [33mnode_modules/@mantine/core/esm/core/styles-api/use-styles/get-class-name/get-selector-class-name/get-selector-class-name.mjs[39m
[90m│[39m  [33m(1:0): Module level directives cause errors when bundled, "use client"[39m
[90m│[39m  [33min[39m
[90m│[39m  [33m"node_modules/@mantine/core/esm/core/styles-api/use-styles/get-class-name/get-selector-class-name/get-selector-class-name.mjs"[39m
[90m│[39m  [33mwas ignored.[39m
[90m│[39m
[33m▲[39m  [43mVite[49m
[90m│[39m  [33mnode_modules/@mantine/core/esm/core/styles-api/use-styles/get-class-name/get-options-class-names/get-options-class-names.mjs[39m
[90m│[39m  [33m(1:0): Module level directives cause errors when bundled, "use client"[39m
[90m│[39m  [33min[39m
[90m│[39m  [33m"node_modules/@mantine/core/esm/core/styles-api/use-styles/get-class-name/get-options-class-names/get-options-class-names.mjs"[39m
[90m│[39m  [33mwas ignored.[39m
[90m│[39m
[33m▲[39m  [43mVite[49m
[90m│[39m  [33mnode_modules/@mantine/core/esm/core/styles-api/use-styles/get-class-name/get-root-class-name/get-root-class-name.mjs[39m
[90m│[39m  [33m(1:0): Module level directives cause errors when bundled, "use client"[39m
[90m│[39m  [33min[39m
[90m│[39m  [33m"node_modules/@mantine/core/esm/core/styles-api/use-styles/get-class-name/get-root-class-name/get-root-class-name.mjs"[39m
[90m│[39m  [33mwas ignored.[39m
[90m│[39m
[33m▲[39m  [43mVite[49m
[90m│[39m  [33mnode_modules/@mantine/core/esm/core/styles-api/use-styles/get-class-name/get-static-class-names/get-static-class-names.mjs[39m
[90m│[39m  [33m(1:0): Module level directives cause errors when bundled, "use client"[39m
[90m│[39m  [33min[39m
[90m│[39m  [33m"node_modules/@mantine/core/esm/core/styles-api/use-styles/get-class-name/get-static-class-names/get-static-class-names.mjs"[39m
[90m│[39m  [33mwas ignored.[39m
[90m│[39m
[33m▲[39m  [43mVite[49m
[90m│[39m  [33mnode_modules/@mantine/core/esm/core/styles-api/use-styles/get-style/resolve-vars/resolve-vars.mjs[39m
[90m│[39m  [33m(1:0): Module level directives cause errors when bundled, "use client"[39m
[90m│[39m  [33min[39m
[90m│[39m  [33m"node_modules/@mantine/core/esm/core/styles-api/use-styles/get-style/resolve-vars/resolve-vars.mjs"[39m
[90m│[39m  [33mwas ignored.[39m
[90m│[39m
[33m▲[39m  [43mVite[49m
[90m│[39m  [33mnode_modules/@mantine/core/esm/core/styles-api/use-styles/get-class-name/get-theme-class-names/get-theme-class-names.mjs[39m
[90m│[39m  [33m(1:0): Module level directives cause errors when bundled, "use client"[39m
[90m│[39m  [33min[39m
[90m│[39m  [33m"node_modules/@mantine/core/esm/core/styles-api/use-styles/get-class-name/get-theme-class-names/get-theme-class-names.mjs"[39m
[90m│[39m  [33mwas ignored.[39m
[90m│[39m
[33m▲[39m  [43mVite[49m
[90m│[39m  [33mnode_modules/@mantine/core/esm/core/styles-api/use-styles/get-style/resolve-style/resolve-style.mjs[39m
[90m│[39m  [33m(1:0): Module level directives cause errors when bundled, "use client"[39m
[90m│[39m  [33min[39m
[90m│[39m  [33m"node_modules/@mantine/core/esm/core/styles-api/use-styles/get-style/resolve-style/resolve-style.mjs"[39m
[90m│[39m  [33mwas ignored.[39m
[90m│[39m
[33m▲[39m  [43mVite[49m
[90m│[39m  [33mnode_modules/@mantine/core/esm/core/styles-api/use-styles/get-class-name/get-variant-class-name/get-variant-class-name.mjs[39m
[90m│[39m  [33m(1:0): Module level directives cause errors when bundled, "use client"[39m
[90m│[39m  [33min[39m
[90m│[39m  [33m"node_modules/@mantine/core/esm/core/styles-api/use-styles/get-class-name/get-variant-class-name/get-variant-class-name.mjs"[39m
[90m│[39m  [33mwas ignored.[39m
[90m│[39m
[33m▲[39m  [43mVite[49m
[90m│[39m  [33mnode_modules/@mantine/core/esm/core/styles-api/use-styles/get-style/get-theme-styles/get-theme-styles.mjs[39m
[90m│[39m  [33m(1:0): Module level directives cause errors when bundled, "use client"[39m
[90m│[39m  [33min[39m
[90m│[39m  [33m"node_modules/@mantine/core/esm/core/styles-api/use-styles/get-style/get-theme-styles/get-theme-styles.mjs"[39m
[90m│[39m  [33mwas ignored.[39m
[90m│[39m
[33m▲[39m  [43mVite[49m
[90m│[39m  [33mnode_modules/@mantine/core/esm/core/Box/style-props/resolvers/color-resolver/color-resolver.mjs[39m
[90m│[39m  [33m(1:0): Module level directives cause errors when bundled, "use client"[39m
[90m│[39m  [33min[39m
[90m│[39m  [33m"node_modules/@mantine/core/esm/core/Box/style-props/resolvers/color-resolver/color-resolver.mjs"[39m
[90m│[39m  [33mwas ignored.[39m
[90m│[39m
[33m▲[39m  [43mVite[49m
[90m│[39m  [33mnode_modules/@mantine/core/esm/core/Box/style-props/resolvers/border-resolver/border-resolver.mjs[39m
[90m│[39m  [33m(1:0): Module level directives cause errors when bundled, "use client"[39m
[90m│[39m  [33min[39m
[90m│[39m  [33m"node_modules/@mantine/core/esm/core/Box/style-props/resolvers/border-resolver/border-resolver.mjs"[39m
[90m│[39m  [33mwas ignored.[39m
[90m│[39m
[33m▲[39m  [43mVite[49m
[90m│[39m  [33mnode_modules/@mantine/core/esm/core/Box/style-props/resolvers/font-size-resolver/font-size-resolver.mjs[39m
[90m│[39m  [33m(1:0): Module level directives cause errors when bundled, "use client"[39m
[90m│[39m  [33min[39m
[90m│[39m  [33m"node_modules/@mantine/core/esm/core/Box/style-props/resolvers/font-size-resolver/font-size-resolver.mjs"[39m
[90m│[39m  [33mwas ignored.[39m
[90m│[39m
[33m▲[39m  [43mVite[49m
[90m│[39m  [33mnode_modules/@mantine/core/esm/core/Box/style-props/resolvers/font-family-resolver/font-family-resolver.mjs[39m
[90m│[39m  [33m(1:0): Module level directives cause errors when bundled, "use client"[39m
[90m│[39m  [33min[39m
[90m│[39m  [33m"node_modules/@mantine/core/esm/core/Box/style-props/resolvers/font-family-resolver/font-family-resolver.mjs"[39m
[90m│[39m  [33mwas ignored.[39m
[90m│[39m
[33m▲[39m  [43mVite[49m
[90m│[39m  [33mnode_modules/@mantine/core/esm/core/Box/style-props/resolvers/radius-resolver/radius-resolver.mjs[39m
[90m│[39m  [33m(1:0): Module level directives cause errors when bundled, "use client"[39m
[90m│[39m  [33min[39m
[90m│[39m  [33m"node_modules/@mantine/core/esm/core/Box/style-props/resolvers/radius-resolver/radius-resolver.mjs"[39m
[90m│[39m  [33mwas ignored.[39m
[90m│[39m
[33m▲[39m  [43mVite[49m
[90m│[39m  [33mnode_modules/@mantine/core/esm/core/Box/style-props/resolvers/spacing-resolver/spacing-resolver.mjs[39m
[90m│[39m  [33m(1:0): Module level directives cause errors when bundled, "use client"[39m
[90m│[39m  [33min[39m
[90m│[39m  [33m"node_modules/@mantine/core/esm/core/Box/style-props/resolvers/spacing-resolver/spacing-resolver.mjs"[39m
[90m│[39m  [33mwas ignored.[39m
[90m│[39m
[33m▲[39m  [43mVite[49m
[90m│[39m  [33mnode_modules/@mantine/core/esm/core/Box/style-props/resolvers/line-height-resolver/line-height-resolver.mjs[39m
[90m│[39m  [33m(1:0): Module level directives cause errors when bundled, "use client"[39m
[90m│[39m  [33min[39m
[90m│[39m  [33m"node_modules/@mantine/core/esm/core/Box/style-props/resolvers/line-height-resolver/line-height-resolver.mjs"[39m
[90m│[39m  [33mwas ignored.[39m
[90m│[39m
[33m▲[39m  [43mVite[49m
[90m│[39m  [33mnode_modules/@mantine/core/esm/core/Box/style-props/resolvers/size-resolver/size-resolver.mjs[39m
[90m│[39m  [33m(1:0): Module level directives cause errors when bundled, "use client"[39m
[90m│[39m  [33min[39m
[90m│[39m  [33m"node_modules/@mantine/core/esm/core/Box/style-props/resolvers/size-resolver/size-resolver.mjs"[39m
[90m│[39m  [33mwas ignored.[39m
[90m│[39m
[33m▲[39m  [43mVite[49m
[90m│[39m  [33mnode_modules/@mantine/core/esm/core/Box/style-props/resolvers/identity-resolver/identity-resolver.mjs[39m
[90m│[39m  [33m(1:0): Module level directives cause errors when bundled, "use client"[39m
[90m│[39m  [33min[39m
[90m│[39m  [33m"node_modules/@mantine/core/esm/core/Box/style-props/resolvers/identity-resolver/identity-resolver.mjs"[39m
[90m│[39m  [33mwas ignored.[39m
[90m│[39m
[33m▲[39m  [43mVite[49m
[90m│[39m  [33mnode_modules/@mantine/core/esm/components/ScrollArea/ScrollArea.context.mjs[39m
[90m│[39m  [33m(1:0): Module level directives cause errors when bundled, "use client"[39m
[90m│[39m  [33min[39m
[90m│[39m  [33m"node_modules/@mantine/core/esm/components/ScrollArea/ScrollArea.context.mjs"[39m
[90m│[39m  [33mwas ignored.[39m
[90m│[39m
[33m▲[39m  [43mVite[49m
[90m│[39m  [33mnode_modules/@mantine/core/esm/components/ScrollArea/use-resize-observer.mjs[39m
[90m│[39m  [33m(1:0): Module level directives cause errors when bundled, "use client"[39m
[90m│[39m  [33min[39m
[90m│[39m  [33m"node_modules/@mantine/core/esm/components/ScrollArea/use-resize-observer.mjs"[39m
[90m│[39m  [33mwas ignored.[39m
[90m│[39m
[33m▲[39m  [43mVite[49m
[90m│[39m  [33mnode_modules/@mantine/core/esm/components/ScrollArea/ScrollAreaScrollbar/ScrollAreaScrollbarVisible.mjs[39m
[90m│[39m  [33m(1:0): Module level directives cause errors when bundled, "use client"[39m
[90m│[39m  [33min[39m
[90m│[39m  [33m"node_modules/@mantine/core/esm/components/ScrollArea/ScrollAreaScrollbar/ScrollAreaScrollbarVisible.mjs"[39m
[90m│[39m  [33mwas ignored.[39m
[90m│[39m
[33m▲[39m  [43mVite[49m
[90m│[39m  [33mnode_modules/@mantine/core/esm/components/ScrollArea/ScrollAreaScrollbar/ScrollAreaScrollbarAuto.mjs[39m
[90m│[39m  [33m(1:0): Module level directives cause errors when bundled, "use client"[39m
[90m│[39m  [33min[39m
[90m│[39m  [33m"node_modules/@mantine/core/esm/components/ScrollArea/ScrollAreaScrollbar/ScrollAreaScrollbarAuto.mjs"[39m
[90m│[39m  [33mwas ignored.[39m
[90m│[39m
[33m▲[39m  [43mVite[49m
[90m│[39m  [33mnode_modules/@mantine/core/esm/components/ScrollArea/ScrollAreaScrollbar/ScrollAreaScrollbarScroll.mjs[39m
[90m│[39m  [33m(1:0): Module level directives cause errors when bundled, "use client"[39m
[90m│[39m  [33min[39m
[90m│[39m  [33m"node_modules/@mantine/core/esm/components/ScrollArea/ScrollAreaScrollbar/ScrollAreaScrollbarScroll.mjs"[39m
[90m│[39m  [33mwas ignored.[39m
[90m│[39m
[33m▲[39m  [43mVite[49m
[90m│[39m  [33mnode_modules/@mantine/core/esm/components/ScrollArea/utils/compose-event-handlers.mjs[39m
[90m│[39m  [33m(1:0): Module level directives cause errors when bundled, "use client"[39m
[90m│[39m  [33min[39m
[90m│[39m  [33m"node_modules/@mantine/core/esm/components/ScrollArea/utils/compose-event-handlers.mjs"[39m
[90m│[39m  [33mwas ignored.[39m
[90m│[39m
[33m▲[39m  [43mVite[49m
[90m│[39m  [33mnode_modules/@mantine/core/esm/components/ScrollArea/ScrollAreaScrollbar/ScrollAreaScrollbarHover.mjs[39m
[90m│[39m  [33m(1:0): Module level directives cause errors when bundled, "use client"[39m
[90m│[39m  [33min[39m
[90m│[39m  [33m"node_modules/@mantine/core/esm/components/ScrollArea/ScrollAreaScrollbar/ScrollAreaScrollbarHover.mjs"[39m
[90m│[39m  [33mwas ignored.[39m
[90m│[39m
[33m▲[39m  [43mVite[49m
[90m│[39m  [33mnode_modules/@mantine/core/esm/components/ScrollArea/utils/add-unlinked-scroll-listener.mjs[39m
[90m│[39m  [33m(1:0): Module level directives cause errors when bundled, "use client"[39m
[90m│[39m  [33min[39m
[90m│[39m  [33m"node_modules/@mantine/core/esm/components/ScrollArea/utils/add-unlinked-scroll-listener.mjs"[39m
[90m│[39m  [33mwas ignored.[39m
[90m│[39m
[33m▲[39m  [43mVite[49m
[90m│[39m  [33mnode_modules/@mantine/core/esm/components/ScrollArea/ScrollAreaScrollbar/Scrollbar.context.mjs[39m
[90m│[39m  [33m(1:0): Module level directives cause errors when bundled, "use client"[39m
[90m│[39m  [33min[39m
[90m│[39m  [33m"node_modules/@mantine/core/esm/components/ScrollArea/ScrollAreaScrollbar/Scrollbar.context.mjs"[39m
[90m│[39m  [33mwas ignored.[39m
[90m│[39m
[33m▲[39m  [43mVite[49m
[90m│[39m  [33mnode_modules/@mantine/core/esm/components/ModalBase/use-lock-scroll.mjs[39m
[90m│[39m  [33m(1:0): Module level directives cause errors when bundled, "use client"[39m
[90m│[39m  [33min[39m
[90m│[39m  [33m"node_modules/@mantine/core/esm/components/ModalBase/use-lock-scroll.mjs"[39m
[90m│[39m  [33mwas ignored.[39m
[90m│[39m
[33m▲[39m  [43mVite[49m
[90m│[39m  [33mnode_modules/@mantine/core/esm/components/ScrollArea/utils/to-int.mjs[39m
[90m│[39m  [33m(1:0): Module level directives cause errors when bundled, "use client"[39m
[90m│[39m  [33min[39m
[90m│[39m  [33m"node_modules/@mantine/core/esm/components/ScrollArea/utils/to-int.mjs"[39m
[90m│[39m  [33mwas ignored.[39m
[90m│[39m
[33m▲[39m  [43mVite[49m
[90m│[39m  [33mnode_modules/@mantine/core/esm/components/AppShell/AppShellMediaStyles/get-variables/get-variables.mjs[39m
[90m│[39m  [33m(1:0): Module level directives cause errors when bundled, "use client"[39m
[90m│[39m  [33min[39m
[90m│[39m  [33m"node_modules/@mantine/core/esm/components/AppShell/AppShellMediaStyles/get-variables/get-variables.mjs"[39m
[90m│[39m  [33mwas ignored.[39m
[90m│[39m
[33m▲[39m  [43mVite[49m
[90m│[39m  [33mnode_modules/@mantine/core/esm/utils/InlineInput/InlineInput.module.css.mjs[39m
[90m│[39m  [33m(1:0): Module level directives cause errors when bundled, "use client"[39m
[90m│[39m  [33min[39m
[90m│[39m  [33m"node_modules/@mantine/core/esm/utils/InlineInput/InlineInput.module.css.mjs"[39m
[90m│[39m  [33mwas ignored.[39m
[90m│[39m
[33m▲[39m  [43mVite[49m
[90m│[39m  [33mnode_modules/@mantine/core/esm/components/RingProgress/Curve/get-curve-props.mjs[39m
[90m│[39m  [33m(1:0): Module level directives cause errors when bundled, "use client"[39m
[90m│[39m  [33min[39m
[90m│[39m  [33m"node_modules/@mantine/core/esm/components/RingProgress/Curve/get-curve-props.mjs"[39m
[90m│[39m  [33mwas ignored.[39m
[90m│[39m
[33m▲[39m  [43mVite[49m
[90m│[39m  [33mnode_modules/@mantine/core/esm/components/ColorPicker/Thumb/Thumb.mjs[39m
[90m│[39m  [33m(1:0): Module level directives cause errors when bundled, "use client"[39m
[90m│[39m  [33min[39m
[90m│[39m  [33m"node_modules/@mantine/core/esm/components/ColorPicker/Thumb/Thumb.mjs"[39m
[90m│[39m  [33mwas ignored.[39m
[90m│[39m
[33m▲[39m  [43mVite[49m [33mnode_modules/@mantine/core/esm/components/Slider/Marks/Marks.mjs[39m
[90m│[39m  [33m(1:0): Module level directives cause errors when bundled, "use client"[39m
[90m│[39m  [33min "node_modules/@mantine/core/esm/components/Slider/Marks/Marks.mjs"[39m
[90m│[39m  [33mwas ignored.[39m
[90m│[39m
[33m▲[39m  [43mVite[49m
[90m│[39m  [33mnode_modules/@mantine/core/esm/components/Rating/StarSymbol/StarSymbol.mjs[39m
[90m│[39m  [33m(1:0): Module level directives cause errors when bundled, "use client"[39m
[90m│[39m  [33min[39m
[90m│[39m  [33m"node_modules/@mantine/core/esm/components/Rating/StarSymbol/StarSymbol.mjs"[39m
[90m│[39m  [33mwas ignored.[39m
[90m│[39m
[33m▲[39m  [43mVite[49m
[90m│[39m  [33mnode_modules/@mantine/hooks/esm/use-input-state/use-input-state.mjs[39m
[90m│[39m  [33m(1:0): Module level directives cause errors when bundled, "use client"[39m
[90m│[39m  [33min[39m
[90m│[39m  [33m"node_modules/@mantine/hooks/esm/use-input-state/use-input-state.mjs"[39m
[90m│[39m  [33mwas ignored.[39m
[90m│[39m
[33m▲[39m  [43mVite[49m [33msrc/modules/listings/components/ListingBackButton.tsx (1:0):[39m
[90m│[39m  [33mError when using sourcemap for reporting an error: Can't resolve[39m
[90m│[39m  [33moriginal location of error.[39m
[90m│[39m
[33m▲[39m  [43mVite[49m [33msrc/modules/listings/components/ListingBackButton.tsx (1:0):[39m
[90m│[39m  [33mModule level directives cause errors when bundled, "use client" in[39m
[90m│[39m  [33m"src/modules/listings/components/ListingBackButton.tsx" was ignored.[39m
[90m│[39m
[33m▲[39m  [43mVite[49m [33msrc/components/shared/PropertyTypeCombobox.tsx (1:0): Error when[39m
[90m│[39m  [33musing sourcemap for reporting an error: Can't resolve original[39m
[90m│[39m  [33mlocation of error.[39m
[90m│[39m
[33m▲[39m  [43mVite[49m [33msrc/components/shared/PropertyTypeCombobox.tsx (1:0): Module[39m
[90m│[39m  [33mlevel directives cause errors when bundled, "use client" in[39m
[90m│[39m  [33m"src/components/shared/PropertyTypeCombobox.tsx" was ignored.[39m
[90m│[39m
[33m▲[39m  [43mVite[49m [33msrc/modules/listings/components/RecentlyViewedTracker.tsx (1:0):[39m
[90m│[39m  [33mError when using sourcemap for reporting an error: Can't resolve[39m
[90m│[39m  [33moriginal location of error.[39m
[90m│[39m
[33m▲[39m  [43mVite[49m [33msrc/modules/listings/components/RecentlyViewedTracker.tsx (1:0):[39m
[90m│[39m  [33mModule level directives cause errors when bundled, "use client" in[39m
[90m│[39m  [33m"src/modules/listings/components/RecentlyViewedTracker.tsx" was[39m
[90m│[39m  [33mignored.[39m
[90m│[39m
[33m▲[39m  [43mVite[49m [33msrc/modules/listings/components/form/DynamicFieldSection.tsx[39m
[90m│[39m  [33m(1:0): Error when using sourcemap for reporting an error: Can't[39m
[90m│[39m  [33mresolve original location of error.[39m
[90m│[39m
[33m▲[39m  [43mVite[49m [33msrc/modules/listings/components/form/DynamicFieldSection.tsx[39m
[90m│[39m  [33m(1:0): Module level directives cause errors when bundled, "use client"[39m
[90m│[39m  [33min "src/modules/listings/components/form/DynamicFieldSection.tsx" was[39m
[90m│[39m  [33mignored.[39m
[90m│[39m
[33m▲[39m  [43mVite[49m [33msrc/modules/listings/components/ImageUpload.tsx (1:0): Error when[39m
[90m│[39m  [33musing sourcemap for reporting an error: Can't resolve original[39m
[90m│[39m  [33mlocation of error.[39m
[90m│[39m
[33m▲[39m  [43mVite[49m [33msrc/modules/listings/components/ImageUpload.tsx (1:0): Module[39m
[90m│[39m  [33mlevel directives cause errors when bundled, "use client" in[39m
[90m│[39m  [33m"src/modules/listings/components/ImageUpload.tsx" was ignored.[39m
[90m│[39m
[33m▲[39m  [43mVite[49m [33msrc/components/shared/YearCombobox.tsx (1:0): Error when using[39m
[90m│[39m  [33msourcemap for reporting an error: Can't resolve original location of[39m
[90m│[39m  [33merror.[39m
[90m│[39m
[33m▲[39m  [43mVite[49m [33msrc/components/shared/YearCombobox.tsx (1:0): Module level[39m
[90m│[39m  [33mdirectives cause errors when bundled, "use client" in[39m
[90m│[39m  [33m"src/components/shared/YearCombobox.tsx" was ignored.[39m
[90m│[39m
[33m▲[39m  [43mVite[49m [33msrc/components/ui/input-group.tsx (1:0): Error when using[39m
[90m│[39m  [33msourcemap for reporting an error: Can't resolve original location of[39m
[90m│[39m  [33merror.[39m
[90m│[39m
[33m▲[39m  [43mVite[49m [33msrc/components/ui/input-group.tsx (1:0): Module level directives[39m
[90m│[39m  [33mcause errors when bundled, "use client" in[39m
[90m│[39m  [33m"src/components/ui/input-group.tsx" was ignored.[39m
[90m│[39m
[33m▲[39m  [43mVite[49m [33msrc/components/shared/AvatarCropModal.tsx (1:0): Error when using[39m
[90m│[39m  [33msourcemap for reporting an error: Can't resolve original location of[39m
[90m│[39m  [33merror.[39m
[90m│[39m
[33m▲[39m  [43mVite[49m [33msrc/components/shared/AvatarCropModal.tsx (1:0): Module level[39m
[90m│[39m  [33mdirectives cause errors when bundled, "use client" in[39m
[90m│[39m  [33m"src/components/shared/AvatarCropModal.tsx" was ignored.[39m
[90m│[39m
[33m▲[39m  [43mVite[49m [33msrc/design-system/mantine/patterns/MantinePagination.tsx (1:0):[39m
[90m│[39m  [33mError when using sourcemap for reporting an error: Can't resolve[39m
[90m│[39m  [33moriginal location of error.[39m
[90m│[39m
[33m▲[39m  [43mVite[49m [33msrc/design-system/mantine/patterns/MantinePagination.tsx (1:0):[39m
[90m│[39m  [33mModule level directives cause errors when bundled, "use client" in[39m
[90m│[39m  [33m"src/design-system/mantine/patterns/MantinePagination.tsx" was[39m
[90m│[39m  [33mignored.[39m
[90m│[39m
[33m▲[39m  [43mVite[49m [33msrc/modules/listings/components/ViewTracker.tsx (1:0): Error when[39m
[90m│[39m  [33musing sourcemap for reporting an error: Can't resolve original[39m
[90m│[39m  [33mlocation of error.[39m
[90m│[39m
[33m▲[39m  [43mVite[49m [33msrc/modules/listings/components/ViewTracker.tsx (1:0): Module[39m
[90m│[39m  [33mlevel directives cause errors when bundled, "use client" in[39m
[90m│[39m  [33m"src/modules/listings/components/ViewTracker.tsx" was ignored.[39m
[90m│[39m
[33m▲[39m  [43mVite[49m [33msrc/modules/listings/components/ListingReportDialog.tsx (1:0):[39m
[90m│[39m  [33mError when using sourcemap for reporting an error: Can't resolve[39m
[90m│[39m  [33moriginal location of error.[39m
[90m│[39m
[33m▲[39m  [43mVite[49m [33msrc/modules/listings/components/ListingReportDialog.tsx (1:0):[39m
[90m│[39m  [33mModule level directives cause errors when bundled, "use client" in[39m
[90m│[39m  [33m"src/modules/listings/components/ListingReportDialog.tsx" was ignored.[39m
[90m│[39m
[33m▲[39m  [43mVite[49m [33msrc/components/shared/ViewAllLink.tsx (1:0): Error when using[39m
[90m│[39m  [33msourcemap for reporting an error: Can't resolve original location of[39m
[90m│[39m  [33merror.[39m
[90m│[39m
[33m▲[39m  [43mVite[49m [33msrc/components/shared/ViewAllLink.tsx (1:0): Module level[39m
[90m│[39m  [33mdirectives cause errors when bundled, "use client" in[39m
[90m│[39m  [33m"src/components/shared/ViewAllLink.tsx" was ignored.[39m
[90m│[39m
[33m▲[39m  [43mVite[49m [33msrc/components/shared/useHomepageFilters.ts (1:0): Error when[39m
[90m│[39m  [33musing sourcemap for reporting an error: Can't resolve original[39m
[90m│[39m  [33mlocation of error.[39m
[90m│[39m
[33m▲[39m  [43mVite[49m [33msrc/components/shared/useHomepageFilters.ts (1:0): Module level[39m
[90m│[39m  [33mdirectives cause errors when bundled, "use client" in[39m
[90m│[39m  [33m"src/components/shared/useHomepageFilters.ts" was ignored.[39m
[90m│[39m
[33m▲[39m  [43mVite[49m [33msrc/components/admin/AdminSearchInput.tsx (1:0): Error when using[39m
[90m│[39m  [33msourcemap for reporting an error: Can't resolve original location of[39m
[90m│[39m  [33merror.[39m
[90m│[39m
[33m▲[39m  [43mVite[49m [33msrc/components/admin/AdminSearchInput.tsx (1:0): Module level[39m
[90m│[39m  [33mdirectives cause errors when bundled, "use client" in[39m
[90m│[39m  [33m"src/components/admin/AdminSearchInput.tsx" was ignored.[39m
[90m│[39m
[33m▲[39m  [43mVite[49m [33msrc/components/ui/switch.tsx (1:0): Error when using sourcemap[39m
[90m│[39m  [33mfor reporting an error: Can't resolve original location of error.[39m
[90m│[39m
[33m▲[39m  [43mVite[49m [33msrc/components/ui/switch.tsx (1:0): Module level directives cause[39m
[90m│[39m  [33merrors when bundled, "use client" in "src/components/ui/switch.tsx"[39m
[90m│[39m  [33mwas ignored.[39m
[90m│[39m
[33m▲[39m  [43mVite[49m [33msrc/components/ui/AppImage.tsx (1:0): Error when using sourcemap[39m
[90m│[39m  [33mfor reporting an error: Can't resolve original location of error.[39m
[90m│[39m
[33m▲[39m  [43mVite[49m [33msrc/components/ui/AppImage.tsx (1:0): Module level directives[39m
[90m│[39m  [33mcause errors when bundled, "use client" in[39m
[90m│[39m  [33m"src/components/ui/AppImage.tsx" was ignored.[39m
[90m│[39m
[33m▲[39m  [43mVite[49m [33msrc/modules/notifications/components/NotificationCenter.tsx[39m
[90m│[39m  [33m(1:0): Error when using sourcemap for reporting an error: Can't[39m
[90m│[39m  [33mresolve original location of error.[39m
[90m│[39m
[33m▲[39m  [43mVite[49m [33msrc/modules/notifications/components/NotificationCenter.tsx[39m
[90m│[39m  [33m(1:0): Module level directives cause errors when bundled, "use client"[39m
[90m│[39m  [33min "src/modules/notifications/components/NotificationCenter.tsx" was[39m
[90m│[39m  [33mignored.[39m
[90m│[39m
[33m▲[39m  [43mVite[49m [33msrc/modules/listings/components/ListingContact.tsx (1:0): Error[39m
[90m│[39m  [33mwhen using sourcemap for reporting an error: Can't resolve original[39m
[90m│[39m  [33mlocation of error.[39m
[90m│[39m
[33m▲[39m  [43mVite[49m [33msrc/modules/listings/components/ListingContact.tsx (1:0): Module[39m
[90m│[39m  [33mlevel directives cause errors when bundled, "use client" in[39m
[90m│[39m  [33m"src/modules/listings/components/ListingContact.tsx" was ignored.[39m
[90m│[39m
[33m▲[39m  [43mVite[49m [33msrc/design-system/mantine/patterns/MantineAppShellFoundation.tsx[39m
[90m│[39m  [33m(1:0): Error when using sourcemap for reporting an error: Can't[39m
[90m│[39m  [33mresolve original location of error.[39m
[90m│[39m
[33m▲[39m  [43mVite[49m [33msrc/design-system/mantine/patterns/MantineAppShellFoundation.tsx[39m
[90m│[39m  [33m(1:0): Module level directives cause errors when bundled, "use client"[39m
[90m│[39m  [33min "src/design-system/mantine/patterns/MantineAppShellFoundation.tsx"[39m
[90m│[39m  [33mwas ignored.[39m
[90m│[39m
[33m▲[39m  [43mVite[49m [33msrc/components/shared/DatePicker.tsx (1:0): Error when using[39m
[90m│[39m  [33msourcemap for reporting an error: Can't resolve original location of[39m
[90m│[39m  [33merror.[39m
[90m│[39m
[33m▲[39m  [43mVite[49m [33msrc/components/shared/DatePicker.tsx (1:0): Module level[39m
[90m│[39m  [33mdirectives cause errors when bundled, "use client" in[39m
[90m│[39m  [33m"src/components/shared/DatePicker.tsx" was ignored.[39m
[90m│[39m
[33m▲[39m  [43mVite[49m
[90m│[39m  [33msrc/design-system/mantine/patterns/MantineResponsiveActionFooter.tsx[39m
[90m│[39m  [33m(1:0): Error when using sourcemap for reporting an error: Can't[39m
[90m│[39m  [33mresolve original location of error.[39m
[90m│[39m
[33m▲[39m  [43mVite[49m
[90m│[39m  [33msrc/design-system/mantine/patterns/MantineResponsiveActionFooter.tsx[39m
[90m│[39m  [33m(1:0): Module level directives cause errors when bundled, "use client"[39m
[90m│[39m  [33min[39m
[90m│[39m  [33m"src/design-system/mantine/patterns/MantineResponsiveActionFooter.tsx"[39m
[90m│[39m  [33mwas ignored.[39m
[90m│[39m
[33m▲[39m  [43mVite[49m
[90m│[39m  [33msrc/design-system/mantine/patterns/MantinePageHeaderWithActions.tsx[39m
[90m│[39m  [33m(1:0): Error when using sourcemap for reporting an error: Can't[39m
[90m│[39m  [33mresolve original location of error.[39m
[90m│[39m
[33m▲[39m  [43mVite[49m
[90m│[39m  [33msrc/design-system/mantine/patterns/MantinePageHeaderWithActions.tsx[39m
[90m│[39m  [33m(1:0): Module level directives cause errors when bundled, "use client"[39m
[90m│[39m  [33min[39m
[90m│[39m  [33m"src/design-system/mantine/patterns/MantinePageHeaderWithActions.tsx"[39m
[90m│[39m  [33mwas ignored.[39m
[90m│[39m
[33m▲[39m  [43mVite[49m [33msrc/design-system/mantine/patterns/MantineFormSectionStack.tsx[39m
[90m│[39m  [33m(1:0): Error when using sourcemap for reporting an error: Can't[39m
[90m│[39m  [33mresolve original location of error.[39m
[90m│[39m
[33m▲[39m  [43mVite[49m [33msrc/design-system/mantine/patterns/MantineFormSectionStack.tsx[39m
[90m│[39m  [33m(1:0): Module level directives cause errors when bundled, "use client"[39m
[90m│[39m  [33min "src/design-system/mantine/patterns/MantineFormSectionStack.tsx"[39m
[90m│[39m  [33mwas ignored.[39m
[90m│[39m
[33m▲[39m  [43mVite[49m [33msrc/design-system/mantine/patterns/MantineSelect.tsx (1:0): Error[39m
[90m│[39m  [33mwhen using sourcemap for reporting an error: Can't resolve original[39m
[90m│[39m  [33mlocation of error.[39m
[90m│[39m
[33m▲[39m  [43mVite[49m [33msrc/design-system/mantine/patterns/MantineSelect.tsx (1:0):[39m
[90m│[39m  [33mModule level directives cause errors when bundled, "use client" in[39m
[90m│[39m  [33m"src/design-system/mantine/patterns/MantineSelect.tsx" was ignored.[39m
[90m│[39m
[33m▲[39m  [43mVite[49m [33msrc/modules/companies/actions.ts (1:0): Error when using[39m
[90m│[39m  [33msourcemap for reporting an error: Can't resolve original location of[39m
[90m│[39m  [33merror.[39m
[90m│[39m
[33m▲[39m  [43mVite[49m [33msrc/modules/companies/actions.ts (1:0): Module level directives[39m
[90m│[39m  [33mcause errors when bundled, "use server" in[39m
[90m│[39m  [33m"src/modules/companies/actions.ts" was ignored.[39m
[90m│[39m
[33m▲[39m  [43mVite[49m [33msrc/hooks/usePropertyTypes.ts (1:0): Error when using sourcemap[39m
[90m│[39m  [33mfor reporting an error: Can't resolve original location of error.[39m
[90m│[39m
[33m▲[39m  [43mVite[49m [33msrc/hooks/usePropertyTypes.ts (1:0): Module level directives[39m
[90m│[39m  [33mcause errors when bundled, "use client" in[39m
[90m│[39m  [33m"src/hooks/usePropertyTypes.ts" was ignored.[39m
[90m│[39m
[33m▲[39m  [43mVite[49m [33msrc/design-system/mantine/patterns/MantinePopover.tsx (1:0):[39m
[90m│[39m  [33mError when using sourcemap for reporting an error: Can't resolve[39m
[90m│[39m  [33moriginal location of error.[39m
[90m│[39m
[33m▲[39m  [43mVite[49m [33msrc/design-system/mantine/patterns/MantinePopover.tsx (1:0):[39m
[90m│[39m  [33mModule level directives cause errors when bundled, "use client" in[39m
[90m│[39m  [33m"src/design-system/mantine/patterns/MantinePopover.tsx" was ignored.[39m
[90m│[39m
[33m▲[39m  [43mVite[49m [33msrc/modules/notifications/lib/mutations.ts (1:0): Error when[39m
[90m│[39m  [33musing sourcemap for reporting an error: Can't resolve original[39m
[90m│[39m  [33mlocation of error.[39m
[90m│[39m
[33m▲[39m  [43mVite[49m [33msrc/modules/notifications/lib/mutations.ts (1:0): Module level[39m
[90m│[39m  [33mdirectives cause errors when bundled, "use server" in[39m
[90m│[39m  [33m"src/modules/notifications/lib/mutations.ts" was ignored.[39m
[90m│[39m
[33m▲[39m  [43mVite[49m [33msrc/design-system/mantine/patterns/MantineDropdownMenu.tsx (1:0):[39m
[90m│[39m  [33mError when using sourcemap for reporting an error: Can't resolve[39m
[90m│[39m  [33moriginal location of error.[39m
[90m│[39m
[33m▲[39m  [43mVite[49m [33msrc/design-system/mantine/patterns/MantineDropdownMenu.tsx (1:0):[39m
[90m│[39m  [33mModule level directives cause errors when bundled, "use client" in[39m
[90m│[39m  [33m"src/design-system/mantine/patterns/MantineDropdownMenu.tsx" was[39m
[90m│[39m  [33mignored.[39m
[90m│[39m
[33m▲[39m  [43mVite[49m [33msrc/design-system/mantine/patterns/MantineModal.tsx (1:0): Error[39m
[90m│[39m  [33mwhen using sourcemap for reporting an error: Can't resolve original[39m
[90m│[39m  [33mlocation of error.[39m
[90m│[39m
[33m▲[39m  [43mVite[49m [33msrc/design-system/mantine/patterns/MantineModal.tsx (1:0): Module[39m
[90m│[39m  [33mlevel directives cause errors when bundled, "use client" in[39m
[90m│[39m  [33m"src/design-system/mantine/patterns/MantineModal.tsx" was ignored.[39m
[90m│[39m
[33m▲[39m  [43mVite[49m [33msrc/design-system/mantine/patterns/responsiveBottomSheet.tsx[39m
[90m│[39m  [33m(1:0): Error when using sourcemap for reporting an error: Can't[39m
[90m│[39m  [33mresolve original location of error.[39m
[90m│[39m
[33m▲[39m  [43mVite[49m [33msrc/design-system/mantine/patterns/responsiveBottomSheet.tsx[39m
[90m│[39m  [33m(1:0): Module level directives cause errors when bundled, "use client"[39m
[90m│[39m  [33min "src/design-system/mantine/patterns/responsiveBottomSheet.tsx" was[39m
[90m│[39m  [33mignored.[39m
[90m│[39m
[33m▲[39m  [43mVite[49m [33msrc/modules/listings/actions/reportListing.ts (1:0): Error when[39m
[90m│[39m  [33musing sourcemap for reporting an error: Can't resolve original[39m
[90m│[39m  [33mlocation of error.[39m
[90m│[39m
[33m▲[39m  [43mVite[49m [33msrc/modules/listings/actions/reportListing.ts (1:0): Module level[39m
[90m│[39m  [33mdirectives cause errors when bundled, "use server" in[39m
[90m│[39m  [33m"src/modules/listings/actions/reportListing.ts" was ignored.[39m
[90m│[39m
[33m▲[39m  [43mVite[49m [33msrc/design-system/mantine/patterns/MantineNavigationMenu.tsx[39m
[90m│[39m  [33m(1:0): Error when using sourcemap for reporting an error: Can't[39m
[90m│[39m  [33mresolve original location of error.[39m
[90m│[39m
[33m▲[39m  [43mVite[49m [33msrc/design-system/mantine/patterns/MantineNavigationMenu.tsx[39m
[90m│[39m  [33m(1:0): Module level directives cause errors when bundled, "use client"[39m
[90m│[39m  [33min "src/design-system/mantine/patterns/MantineNavigationMenu.tsx" was[39m
[90m│[39m  [33mignored.[39m
[90m│[39m
[33m▲[39m  [43mVite[49m [33msrc/hooks/useUnsavedChangesGuard.ts (1:0): Error when using[39m
[90m│[39m  [33msourcemap for reporting an error: Can't resolve original location of[39m
[90m│[39m  [33merror.[39m
[90m│[39m
[33m▲[39m  [43mVite[49m [33msrc/hooks/useUnsavedChangesGuard.ts (1:0): Module level[39m
[90m│[39m  [33mdirectives cause errors when bundled, "use client" in[39m
[90m│[39m  [33m"src/hooks/useUnsavedChangesGuard.ts" was ignored.[39m
[90m│[39m
[33m▲[39m  [43mVite[49m [33msrc/design-system/mantine/patterns/MantineDataTableToCards.tsx[39m
[90m│[39m  [33m(1:0): Error when using sourcemap for reporting an error: Can't[39m
[90m│[39m  [33mresolve original location of error.[39m
[90m│[39m
[33m▲[39m  [43mVite[49m [33msrc/design-system/mantine/patterns/MantineDataTableToCards.tsx[39m
[90m│[39m  [33m(1:0): Module level directives cause errors when bundled, "use client"[39m
[90m│[39m  [33min "src/design-system/mantine/patterns/MantineDataTableToCards.tsx"[39m
[90m│[39m  [33mwas ignored.[39m
[90m│[39m
[33m▲[39m  [43mVite[49m
[90m│[39m  [33msrc/design-system/mantine/patterns/MantineEmptyLoadingErrorState.tsx[39m
[90m│[39m  [33m(1:0): Error when using sourcemap for reporting an error: Can't[39m
[90m│[39m  [33mresolve original location of error.[39m
[90m│[39m
[33m▲[39m  [43mVite[49m
[90m│[39m  [33msrc/design-system/mantine/patterns/MantineEmptyLoadingErrorState.tsx[39m
[90m│[39m  [33m(1:0): Module level directives cause errors when bundled, "use client"[39m
[90m│[39m  [33min[39m
[90m│[39m  [33m"src/design-system/mantine/patterns/MantineEmptyLoadingErrorState.tsx"[39m
[90m│[39m  [33mwas ignored.[39m
[90m│[39m
[33m▲[39m  [43mVite[49m [33msrc/modules/listings/actions/favoriteActions.ts (1:0): Error when[39m
[90m│[39m  [33musing sourcemap for reporting an error: Can't resolve original[39m
[90m│[39m  [33mlocation of error.[39m
[90m│[39m
[33m▲[39m  [43mVite[49m [33msrc/modules/listings/actions/favoriteActions.ts (1:0): Module[39m
[90m│[39m  [33mlevel directives cause errors when bundled, "use server" in[39m
[90m│[39m  [33m"src/modules/listings/actions/favoriteActions.ts" was ignored.[39m
[90m│[39m
[33m▲[39m  [43mVite[49m [33msrc/modules/listings/actions/recentlyViewedActions.ts (1:0):[39m
[90m│[39m  [33mError when using sourcemap for reporting an error: Can't resolve[39m
[90m│[39m  [33moriginal location of error.[39m
[90m│[39m
[33m▲[39m  [43mVite[49m [33msrc/modules/listings/actions/recentlyViewedActions.ts (1:0):[39m
[90m│[39m  [33mModule level directives cause errors when bundled, "use server" in[39m
[90m│[39m  [33m"src/modules/listings/actions/recentlyViewedActions.ts" was ignored.[39m
[90m│[39m
[33m▲[39m  [43mVite[49m [33msrc/design-system/mantine/patterns/MantineNotificationPattern.tsx[39m
[90m│[39m  [33m(1:0): Error when using sourcemap for reporting an error: Can't[39m
[90m│[39m  [33mresolve original location of error.[39m
[90m│[39m
[33m▲[39m  [43mVite[49m [33msrc/design-system/mantine/patterns/MantineNotificationPattern.tsx[39m
[90m│[39m  [33m(1:0): Module level directives cause errors when bundled, "use client"[39m
[90m│[39m  [33min "src/design-system/mantine/patterns/MantineNotificationPattern.tsx"[39m
[90m│[39m  [33mwas ignored.[39m
[90m│[39m
[33m▲[39m  [43mVite[49m [33msrc/modules/listings/hooks/useListingsUrlFilters.ts (1:0): Error[39m
[90m│[39m  [33mwhen using sourcemap for reporting an error: Can't resolve original[39m
[90m│[39m  [33mlocation of error.[39m
[90m│[39m
[33m▲[39m  [43mVite[49m [33msrc/modules/listings/hooks/useListingsUrlFilters.ts (1:0): Module[39m
[90m│[39m  [33mlevel directives cause errors when bundled, "use client" in[39m
[90m│[39m  [33m"src/modules/listings/hooks/useListingsUrlFilters.ts" was ignored.[39m
[90m│[39m
[33m▲[39m  [43mVite[49m [33msrc/design-system/mantine/patterns/MantineAuthFormPattern.tsx[39m
[90m│[39m  [33m(1:0): Error when using sourcemap for reporting an error: Can't[39m
[90m│[39m  [33mresolve original location of error.[39m
[90m│[39m
[33m▲[39m  [43mVite[49m [33msrc/design-system/mantine/patterns/MantineAuthFormPattern.tsx[39m
[90m│[39m  [33m(1:0): Module level directives cause errors when bundled, "use client"[39m
[90m│[39m  [33min "src/design-system/mantine/patterns/MantineAuthFormPattern.tsx" was[39m
[90m│[39m  [33mignored.[39m
[90m│[39m
[33m▲[39m  [43mVite[49m
[90m│[39m  [33msrc/design-system/mantine/patterns/MantineListingGalleryPattern.tsx[39m
[90m│[39m  [33m(1:0): Error when using sourcemap for reporting an error: Can't[39m
[90m│[39m  [33mresolve original location of error.[39m
[90m│[39m
[33m▲[39m  [43mVite[49m
[90m│[39m  [33msrc/design-system/mantine/patterns/MantineListingGalleryPattern.tsx[39m
[90m│[39m  [33m(1:0): Module level directives cause errors when bundled, "use client"[39m
[90m│[39m  [33min[39m
[90m│[39m  [33m"src/design-system/mantine/patterns/MantineListingGalleryPattern.tsx"[39m
[90m│[39m  [33mwas ignored.[39m
[90m│[39m
[33m▲[39m  [43mVite[49m [33msrc/modules/auth/components/AuthRedirect.tsx (1:0): Error when[39m
[90m│[39m  [33musing sourcemap for reporting an error: Can't resolve original[39m
[90m│[39m  [33mlocation of error.[39m
[90m│[39m
[33m▲[39m  [43mVite[49m [33msrc/modules/auth/components/AuthRedirect.tsx (1:0): Module level[39m
[90m│[39m  [33mdirectives cause errors when bundled, "use client" in[39m
[90m│[39m  [33m"src/modules/auth/components/AuthRedirect.tsx" was ignored.[39m
[90m│[39m
[33m▲[39m  [43mVite[49m [33msrc/design-system/mantine/patterns/MantineAdminSurfacePattern.tsx[39m
[90m│[39m  [33m(1:0): Error when using sourcemap for reporting an error: Can't[39m
[90m│[39m  [33mresolve original location of error.[39m
[90m│[39m
[33m▲[39m  [43mVite[49m [33msrc/design-system/mantine/patterns/MantineAdminSurfacePattern.tsx[39m
[90m│[39m  [33m(1:0): Module level directives cause errors when bundled, "use client"[39m
[90m│[39m  [33min "src/design-system/mantine/patterns/MantineAdminSurfacePattern.tsx"[39m
[90m│[39m  [33mwas ignored.[39m
[90m│[39m
[33m▲[39m  [43mVite[49m
[90m│[39m  [33msrc/design-system/mantine/patterns/MantineListingDetailPattern.tsx[39m
[90m│[39m  [33m(1:0): Error when using sourcemap for reporting an error: Can't[39m
[90m│[39m  [33mresolve original location of error.[39m
[90m│[39m
[33m▲[39m  [43mVite[49m
[90m│[39m  [33msrc/design-system/mantine/patterns/MantineListingDetailPattern.tsx[39m
[90m│[39m  [33m(1:0): Module level directives cause errors when bundled, "use client"[39m
[90m│[39m  [33min[39m
[90m│[39m  [33m"src/design-system/mantine/patterns/MantineListingDetailPattern.tsx"[39m
[90m│[39m  [33mwas ignored.[39m
[90m│[39m
[33m▲[39m  [43mVite[49m [33msrc/design-system/mantine/patterns/MantineCopyIdButton.tsx (1:0):[39m
[90m│[39m  [33mError when using sourcemap for reporting an error: Can't resolve[39m
[90m│[39m  [33moriginal location of error.[39m
[90m│[39m
[33m▲[39m  [43mVite[49m [33msrc/design-system/mantine/patterns/MantineCopyIdButton.tsx (1:0):[39m
[90m│[39m  [33mModule level directives cause errors when bundled, "use client" in[39m
[90m│[39m  [33m"src/design-system/mantine/patterns/MantineCopyIdButton.tsx" was[39m
[90m│[39m  [33mignored.[39m
[90m│[39m
[33m▲[39m  [43mVite[49m [33msrc/lib/auth/controller.ts (1:0): Error when using sourcemap for[39m
[90m│[39m  [33mreporting an error: Can't resolve original location of error.[39m
[90m│[39m
[33m▲[39m  [43mVite[49m [33msrc/lib/auth/controller.ts (1:0): Module level directives cause[39m
[90m│[39m  [33merrors when bundled, "use client" in "src/lib/auth/controller.ts" was[39m
[90m│[39m  [33mignored.[39m
[90m│[39m
[33m▲[39m  [43mVite[49m [33msrc/design-system/mantine/patterns/MantineCombobox.tsx (1:0):[39m
[90m│[39m  [33mError when using sourcemap for reporting an error: Can't resolve[39m
[90m│[39m  [33moriginal location of error.[39m
[90m│[39m
[33m▲[39m  [43mVite[49m [33msrc/design-system/mantine/patterns/MantineCombobox.tsx (1:0):[39m
[90m│[39m  [33mModule level directives cause errors when bundled, "use client" in[39m
[90m│[39m  [33m"src/design-system/mantine/patterns/MantineCombobox.tsx" was ignored.[39m
[90m│[39m
[33m▲[39m  [43mVite[49m [33msrc/design-system/mantine/patterns/MantineCountButton.tsx (1:0):[39m
[90m│[39m  [33mError when using sourcemap for reporting an error: Can't resolve[39m
[90m│[39m  [33moriginal location of error.[39m
[90m│[39m
[33m▲[39m  [43mVite[49m [33msrc/design-system/mantine/patterns/MantineCountButton.tsx (1:0):[39m
[90m│[39m  [33mModule level directives cause errors when bundled, "use client" in[39m
[90m│[39m  [33m"src/design-system/mantine/patterns/MantineCountButton.tsx" was[39m
[90m│[39m  [33mignored.[39m
[90m│[39m
[33m▲[39m  [43mVite[49m [33msrc/modules/listings/actions/collectionActions.ts (1:0): Error[39m
[90m│[39m  [33mwhen using sourcemap for reporting an error: Can't resolve original[39m
[90m│[39m  [33mlocation of error.[39m
[90m│[39m
[33m▲[39m  [43mVite[49m [33msrc/modules/listings/actions/collectionActions.ts (1:0): Module[39m
[90m│[39m  [33mlevel directives cause errors when bundled, "use server" in[39m
[90m│[39m  [33m"src/modules/listings/actions/collectionActions.ts" was ignored.[39m
[90m│[39m
[33m▲[39m  [43mVite[49m [33msrc/design-system/mantine/patterns/MantineDialogDrawerPattern.tsx[39m
[90m│[39m  [33m(1:0): Error when using sourcemap for reporting an error: Can't[39m
[90m│[39m  [33mresolve original location of error.[39m
[90m│[39m
[33m▲[39m  [43mVite[49m [33msrc/design-system/mantine/patterns/MantineDialogDrawerPattern.tsx[39m
[90m│[39m  [33m(1:0): Module level directives cause errors when bundled, "use client"[39m
[90m│[39m  [33min "src/design-system/mantine/patterns/MantineDialogDrawerPattern.tsx"[39m
[90m│[39m  [33mwas ignored.[39m
[90m│[39m
[33m▲[39m  [43mVite[49m [33msrc/modules/notifications/actions/emailTemplates.ts (1:0): Error[39m
[90m│[39m  [33mwhen using sourcemap for reporting an error: Can't resolve original[39m
[90m│[39m  [33mlocation of error.[39m
[90m│[39m
[33m▲[39m  [43mVite[49m [33msrc/modules/notifications/actions/emailTemplates.ts (1:0): Module[39m
[90m│[39m  [33mlevel directives cause errors when bundled, "use server" in[39m
[90m│[39m  [33m"src/modules/notifications/actions/emailTemplates.ts" was ignored.[39m
[90m│[39m
[33m▲[39m  [43mVite[49m
[90m│[39m  [33msrc/design-system/mantine/patterns/MantineListingContactPattern.tsx[39m
[90m│[39m  [33m(1:0): Error when using sourcemap for reporting an error: Can't[39m
[90m│[39m  [33mresolve original location of error.[39m
[90m│[39m
[33m▲[39m  [43mVite[49m
[90m│[39m  [33msrc/design-system/mantine/patterns/MantineListingContactPattern.tsx[39m
[90m│[39m  [33m(1:0): Module level directives cause errors when bundled, "use client"[39m
[90m│[39m  [33min[39m
[90m│[39m  [33m"src/design-system/mantine/patterns/MantineListingContactPattern.tsx"[39m
[90m│[39m  [33mwas ignored.[39m
[90m│[39m
[33m▲[39m  [43mVite[49m [33msrc/design-system/mantine/patterns/MantineListingCardPattern.tsx[39m
[90m│[39m  [33m(1:0): Error when using sourcemap for reporting an error: Can't[39m
[90m│[39m  [33mresolve original location of error.[39m
[90m│[39m
[33m▲[39m  [43mVite[49m [33msrc/design-system/mantine/patterns/MantineListingCardPattern.tsx[39m
[90m│[39m  [33m(1:0): Module level directives cause errors when bundled, "use client"[39m
[90m│[39m  [33min "src/design-system/mantine/patterns/MantineListingCardPattern.tsx"[39m
[90m│[39m  [33mwas ignored.[39m
[90m│[39m
[33m▲[39m  [43mVite[49m [33msrc/design-system/mantine/patterns/MantineProgress.tsx (1:0):[39m
[90m│[39m  [33mError when using sourcemap for reporting an error: Can't resolve[39m
[90m│[39m  [33moriginal location of error.[39m
[90m│[39m
[33m▲[39m  [43mVite[49m [33msrc/design-system/mantine/patterns/MantineProgress.tsx (1:0):[39m
[90m│[39m  [33mModule level directives cause errors when bundled, "use client" in[39m
[90m│[39m  [33m"src/design-system/mantine/patterns/MantineProgress.tsx" was ignored.[39m
[90m│[39m
[33m▲[39m  [43mVite[49m [33msrc/design-system/mantine/patterns/MantineDrawer.tsx (1:0): Error[39m
[90m│[39m  [33mwhen using sourcemap for reporting an error: Can't resolve original[39m
[90m│[39m  [33mlocation of error.[39m
[90m│[39m
[33m▲[39m  [43mVite[49m [33msrc/design-system/mantine/patterns/MantineDrawer.tsx (1:0):[39m
[90m│[39m  [33mModule level directives cause errors when bundled, "use client" in[39m
[90m│[39m  [33m"src/design-system/mantine/patterns/MantineDrawer.tsx" was ignored.[39m
[90m│[39m
[33m▲[39m  [43mVite[49m [33msrc/design-system/mantine/patterns/MantineTooltip.tsx (1:0):[39m
[90m│[39m  [33mError when using sourcemap for reporting an error: Can't resolve[39m
[90m│[39m  [33moriginal location of error.[39m
[90m│[39m
[33m▲[39m  [43mVite[49m [33msrc/design-system/mantine/patterns/MantineTooltip.tsx (1:0):[39m
[90m│[39m  [33mModule level directives cause errors when bundled, "use client" in[39m
[90m│[39m  [33m"src/design-system/mantine/patterns/MantineTooltip.tsx" was ignored.[39m
[90m│[39m
[33m▲[39m  [43mVite[49m [33msrc/design-system/mantine/patterns/MantineTwoColumnForm.tsx[39m
[90m│[39m  [33m(1:0): Error when using sourcemap for reporting an error: Can't[39m
[90m│[39m  [33mresolve original location of error.[39m
[90m│[39m
[33m▲[39m  [43mVite[49m [33msrc/design-system/mantine/patterns/MantineTwoColumnForm.tsx[39m
[90m│[39m  [33m(1:0): Module level directives cause errors when bundled, "use client"[39m
[90m│[39m  [33min "src/design-system/mantine/patterns/MantineTwoColumnForm.tsx" was[39m
[90m│[39m  [33mignored.[39m
[90m│[39m
[33m▲[39m  [43mVite[49m [33mnode_modules/@base-ui/react/esm/input/Input.js (1:0): Module[39m
[90m│[39m  [33mlevel directives cause errors when bundled, "use client" in[39m
[90m│[39m  [33m"node_modules/@base-ui/react/esm/input/Input.js" was ignored.[39m
[90m│[39m
[33m▲[39m  [43mVite[49m [33msrc/design-system/mantine/patterns/RangeDatePicker.tsx (1:0):[39m
[90m│[39m  [33mError when using sourcemap for reporting an error: Can't resolve[39m
[90m│[39m  [33moriginal location of error.[39m
[90m│[39m
[33m▲[39m  [43mVite[49m [33msrc/design-system/mantine/patterns/RangeDatePicker.tsx (1:0):[39m
[90m│[39m  [33mModule level directives cause errors when bundled, "use client" in[39m
[90m│[39m  [33m"src/design-system/mantine/patterns/RangeDatePicker.tsx" was ignored.[39m
[90m│[39m
[33m▲[39m  [43mVite[49m [33msrc/modules/admin/actions/exchangeProviders.ts (1:0): Error when[39m
[90m│[39m  [33musing sourcemap for reporting an error: Can't resolve original[39m
[90m│[39m  [33mlocation of error.[39m
[90m│[39m
[33m▲[39m  [43mVite[49m [33msrc/modules/admin/actions/exchangeProviders.ts (1:0): Module[39m
[90m│[39m  [33mlevel directives cause errors when bundled, "use server" in[39m
[90m│[39m  [33m"src/modules/admin/actions/exchangeProviders.ts" was ignored.[39m
[90m│[39m
[33m▲[39m  [43mVite[49m [33msrc/modules/admin/actions/currencies.ts (1:0): Error when using[39m
[90m│[39m  [33msourcemap for reporting an error: Can't resolve original location of[39m
[90m│[39m  [33merror.[39m
[90m│[39m
[33m▲[39m  [43mVite[49m [33msrc/modules/admin/actions/currencies.ts (1:0): Module level[39m
[90m│[39m  [33mdirectives cause errors when bundled, "use server" in[39m
[90m│[39m  [33m"src/modules/admin/actions/currencies.ts" was ignored.[39m
[90m│[39m
[33m▲[39m  [43mVite[49m [33msrc/modules/admin/actions/clearHistory.ts (1:0): Error when using[39m
[90m│[39m  [33msourcemap for reporting an error: Can't resolve original location of[39m
[90m│[39m  [33merror.[39m
[90m│[39m
[33m▲[39m  [43mVite[49m [33msrc/modules/admin/actions/clearHistory.ts (1:0): Module level[39m
[90m│[39m  [33mdirectives cause errors when bundled, "use server" in[39m
[90m│[39m  [33m"src/modules/admin/actions/clearHistory.ts" was ignored.[39m
[90m│[39m
[33m▲[39m  [43mVite[49m [33msrc/modules/admin/actions/locale.ts (1:0): Error when using[39m
[90m│[39m  [33msourcemap for reporting an error: Can't resolve original location of[39m
[90m│[39m  [33merror.[39m
[90m│[39m
[33m▲[39m  [43mVite[49m [33msrc/modules/admin/actions/locale.ts (1:0): Module level[39m
[90m│[39m  [33mdirectives cause errors when bundled, "use server" in[39m
[90m│[39m  [33m"src/modules/admin/actions/locale.ts" was ignored.[39m
[90m│[39m
[33m▲[39m  [43mVite[49m [33mnode_modules/@base-ui/react/esm/button/Button.js (1:0): Module[39m
[90m│[39m  [33mlevel directives cause errors when bundled, "use client" in[39m
[90m│[39m  [33m"node_modules/@base-ui/react/esm/button/Button.js" was ignored.[39m
[90m│[39m
[33m▲[39m  [43mVite[49m [33mnode_modules/@mantine/hooks/esm/use-focus-trap/use-focus-trap.mjs[39m
[90m│[39m  [33m(1:0): Module level directives cause errors when bundled, "use client"[39m
[90m│[39m  [33min "node_modules/@mantine/hooks/esm/use-focus-trap/use-focus-trap.mjs"[39m
[90m│[39m  [33mwas ignored.[39m
[90m│[39m
[33m▲[39m  [43mVite[49m [33msrc/modules/admin/actions/permissions.ts (1:0): Error when using[39m
[90m│[39m  [33msourcemap for reporting an error: Can't resolve original location of[39m
[90m│[39m  [33merror.[39m
[90m│[39m
[33m▲[39m  [43mVite[49m [33msrc/modules/admin/actions/permissions.ts (1:0): Module level[39m
[90m│[39m  [33mdirectives cause errors when bundled, "use server" in[39m
[90m│[39m  [33m"src/modules/admin/actions/permissions.ts" was ignored.[39m
[90m│[39m
[33m▲[39m  [43mVite[49m [33msrc/modules/auth/actions/captcha.ts (1:0): Error when using[39m
[90m│[39m  [33msourcemap for reporting an error: Can't resolve original location of[39m
[90m│[39m  [33merror.[39m
[90m│[39m
[33m▲[39m  [43mVite[49m [33msrc/modules/auth/actions/captcha.ts (1:0): Module level[39m
[90m│[39m  [33mdirectives cause errors when bundled, "use server" in[39m
[90m│[39m  [33m"src/modules/auth/actions/captcha.ts" was ignored.[39m
[90m│[39m
[33m▲[39m  [43mVite[49m [33msrc/modules/companies/hooks/useCompanies.ts (1:0): Error when[39m
[90m│[39m  [33musing sourcemap for reporting an error: Can't resolve original[39m
[90m│[39m  [33mlocation of error.[39m
[90m│[39m
[33m▲[39m  [43mVite[49m [33msrc/modules/companies/hooks/useCompanies.ts (1:0): Module level[39m
[90m│[39m  [33mdirectives cause errors when bundled, "use client" in[39m
[90m│[39m  [33m"src/modules/companies/hooks/useCompanies.ts" was ignored.[39m
[90m│[39m
[33m▲[39m  [43mVite[49m [33msrc/modules/admin/actions/propertyTypes.ts (1:0): Error when[39m
[90m│[39m  [33musing sourcemap for reporting an error: Can't resolve original[39m
[90m│[39m  [33mlocation of error.[39m
[90m│[39m
[33m▲[39m  [43mVite[49m [33msrc/modules/admin/actions/propertyTypes.ts (1:0): Module level[39m
[90m│[39m  [33mdirectives cause errors when bundled, "use server" in[39m
[90m│[39m  [33m"src/modules/admin/actions/propertyTypes.ts" was ignored.[39m
[90m│[39m
[33m▲[39m  [43mVite[49m [33msrc/modules/locations/hooks/useLocations.ts (1:0): Error when[39m
[90m│[39m  [33musing sourcemap for reporting an error: Can't resolve original[39m
[90m│[39m  [33mlocation of error.[39m
[90m│[39m
[33m▲[39m  [43mVite[49m [33msrc/modules/locations/hooks/useLocations.ts (1:0): Module level[39m
[90m│[39m  [33mdirectives cause errors when bundled, "use client" in[39m
[90m│[39m  [33m"src/modules/locations/hooks/useLocations.ts" was ignored.[39m
[90m│[39m
[33m▲[39m  [43mVite[49m [33msrc/modules/admin/actions/index.ts (1:0): Error when using[39m
[90m│[39m  [33msourcemap for reporting an error: Can't resolve original location of[39m
[90m│[39m  [33merror.[39m
[90m│[39m
[33m▲[39m  [43mVite[49m [33msrc/modules/admin/actions/index.ts (1:0): Module level directives[39m
[90m│[39m  [33mcause errors when bundled, "use server" in[39m
[90m│[39m  [33m"src/modules/admin/actions/index.ts" was ignored.[39m
[90m│[39m
[33m▲[39m  [43mVite[49m [33msrc/components/auth/CaptchaWidget.tsx (1:0): Error when using[39m
[90m│[39m  [33msourcemap for reporting an error: Can't resolve original location of[39m
[90m│[39m  [33merror.[39m
[90m│[39m
[33m▲[39m  [43mVite[49m [33msrc/components/auth/CaptchaWidget.tsx (1:0): Module level[39m
[90m│[39m  [33mdirectives cause errors when bundled, "use client" in[39m
[90m│[39m  [33m"src/components/auth/CaptchaWidget.tsx" was ignored.[39m
[90m│[39m
[33m▲[39m  [43mVite[49m [33msrc/lib/performance/store.ts (1:0): Error when using sourcemap[39m
[90m│[39m  [33mfor reporting an error: Can't resolve original location of error.[39m
[90m│[39m
[33m▲[39m  [43mVite[49m [33msrc/lib/performance/store.ts (1:0): Module level directives cause[39m
[90m│[39m  [33merrors when bundled, "use client" in "src/lib/performance/store.ts"[39m
[90m│[39m  [33mwas ignored.[39m
[90m│[39m
[33m▲[39m  [43mVite[49m [33msrc/modules/auth/actions/recovery.ts (1:0): Error when using[39m
[90m│[39m  [33msourcemap for reporting an error: Can't resolve original location of[39m
[90m│[39m  [33merror.[39m
[90m│[39m
[33m▲[39m  [43mVite[49m [33msrc/modules/auth/actions/recovery.ts (1:0): Module level[39m
[90m│[39m  [33mdirectives cause errors when bundled, "use server" in[39m
[90m│[39m  [33m"src/modules/auth/actions/recovery.ts" was ignored.[39m
[90m│[39m
[33m▲[39m  [43mVite[49m [33mnode_modules/@mantine/store/esm/store.mjs (1:0): Module level[39m
[90m│[39m  [33mdirectives cause errors when bundled, "use client" in[39m
[90m│[39m  [33m"node_modules/@mantine/store/esm/store.mjs" was ignored.[39m
[90m│[39m
[33m▲[39m  [43mVite[49m
[90m│[39m  [33mnode_modules/@mantine/notifications/esm/get-auto-close/get-auto-close.mjs[39m
[90m│[39m  [33m(1:0): Module level directives cause errors when bundled, "use client"[39m
[90m│[39m  [33min[39m
[90m│[39m  [33m"node_modules/@mantine/notifications/esm/get-auto-close/get-auto-close.mjs"[39m
[90m│[39m  [33mwas ignored.[39m
[90m│[39m
[33m▲[39m  [43mVite[49m [33mnode_modules/@radix-ui/react-dismissable-layer/dist/index.mjs[39m
[90m│[39m  [33m(1:0): Module level directives cause errors when bundled, "use client"[39m
[90m│[39m  [33min "node_modules/@radix-ui/react-dismissable-layer/dist/index.mjs" was[39m
[90m│[39m  [33mignored.[39m
[90m│[39m
[33m▲[39m  [43mVite[49m [33mnode_modules/@radix-ui/react-portal/dist/index.mjs (1:0): Module[39m
[90m│[39m  [33mlevel directives cause errors when bundled, "use client" in[39m
[90m│[39m  [33m"node_modules/@radix-ui/react-portal/dist/index.mjs" was ignored.[39m
[90m│[39m
[33m▲[39m  [43mVite[49m [33mnode_modules/@radix-ui/react-focus-scope/dist/index.mjs (1:0):[39m
[90m│[39m  [33mModule level directives cause errors when bundled, "use client" in[39m
[90m│[39m  [33m"node_modules/@radix-ui/react-focus-scope/dist/index.mjs" was ignored.[39m
[90m│[39m
[33m▲[39m  [43mVite[49m [33mnode_modules/@radix-ui/react-presence/dist/index.mjs (1:0):[39m
[90m│[39m  [33mModule level directives cause errors when bundled, "use client" in[39m
[90m│[39m  [33m"node_modules/@radix-ui/react-presence/dist/index.mjs" was ignored.[39m
[90m│[39m
[33m▲[39m  [43mVite[49m [33mnode_modules/@radix-ui/react-focus-guards/dist/index.mjs (1:0):[39m
[90m│[39m  [33mModule level directives cause errors when bundled, "use client" in[39m
[90m│[39m  [33m"node_modules/@radix-ui/react-focus-guards/dist/index.mjs" was[39m
[90m│[39m  [33mignored.[39m
[90m│[39m
[33m▲[39m  [43mVite[49m
[90m│[39m  [33mnode_modules/@base-ui/react/esm/menu/submenu-root/MenuSubmenuRoot.js[39m
[90m│[39m  [33m(1:0): Module level directives cause errors when bundled, "use client"[39m
[90m│[39m  [33min[39m
[90m│[39m  [33m"node_modules/@base-ui/react/esm/menu/submenu-root/MenuSubmenuRoot.js"[39m
[90m│[39m  [33mwas ignored.[39m
[90m│[39m
[33m▲[39m  [43mVite[49m [33mnode_modules/@base-ui/react/esm/select/root/SelectRoot.js (1:0):[39m
[90m│[39m  [33mModule level directives cause errors when bundled, "use client" in[39m
[90m│[39m  [33m"node_modules/@base-ui/react/esm/select/root/SelectRoot.js" was[39m
[90m│[39m  [33mignored.[39m
[90m│[39m
[33m▲[39m  [43mVite[49m [33mnode_modules/@base-ui/react/esm/popover/root/PopoverRoot.js[39m
[90m│[39m  [33m(1:0): Module level directives cause errors when bundled, "use client"[39m
[90m│[39m  [33min "node_modules/@base-ui/react/esm/popover/root/PopoverRoot.js" was[39m
[90m│[39m  [33mignored.[39m
[90m│[39m
[33m▲[39m  [43mVite[49m [33mnode_modules/@mantine/hooks/esm/use-id/use-react-id.mjs (1:0):[39m
[90m│[39m  [33mModule level directives cause errors when bundled, "use client" in[39m
[90m│[39m  [33m"node_modules/@mantine/hooks/esm/use-id/use-react-id.mjs" was ignored.[39m
[90m│[39m
[33m▲[39m  [43mVite[49m
[90m│[39m  [33mnode_modules/@mantine/hooks/esm/use-local-storage/create-storage.mjs[39m
[90m│[39m  [33m(1:0): Module level directives cause errors when bundled, "use client"[39m
[90m│[39m  [33min[39m
[90m│[39m  [33m"node_modules/@mantine/hooks/esm/use-local-storage/create-storage.mjs"[39m
[90m│[39m  [33mwas ignored.[39m
[90m│[39m
[33m▲[39m  [43mVite[49m
[90m│[39m  [33mnode_modules/@mantine/core/esm/core/styles-api/use-styles/get-style/resolve-vars/merge-vars.mjs[39m
[90m│[39m  [33m(1:0): Module level directives cause errors when bundled, "use client"[39m
[90m│[39m  [33min[39m
[90m│[39m  [33m"node_modules/@mantine/core/esm/core/styles-api/use-styles/get-style/resolve-vars/merge-vars.mjs"[39m
[90m│[39m  [33mwas ignored.[39m
[90m│[39m
[33m▲[39m  [43mVite[49m
[90m│[39m  [33mnode_modules/@mantine/core/esm/components/ScrollArea/utils/get-thumb-offset-from-scroll.mjs[39m
[90m│[39m  [33m(1:0): Module level directives cause errors when bundled, "use client"[39m
[90m│[39m  [33min[39m
[90m│[39m  [33m"node_modules/@mantine/core/esm/components/ScrollArea/utils/get-thumb-offset-from-scroll.mjs"[39m
[90m│[39m  [33mwas ignored.[39m
[90m│[39m
[33m▲[39m  [43mVite[49m
[90m│[39m  [33mnode_modules/@mantine/core/esm/components/ScrollArea/ScrollAreaScrollbar/ScrollbarX.mjs[39m
[90m│[39m  [33m(1:0): Module level directives cause errors when bundled, "use client"[39m
[90m│[39m  [33min[39m
[90m│[39m  [33m"node_modules/@mantine/core/esm/components/ScrollArea/ScrollAreaScrollbar/ScrollbarX.mjs"[39m
[90m│[39m  [33mwas ignored.[39m
[90m│[39m
[33m▲[39m  [43mVite[49m
[90m│[39m  [33mnode_modules/@mantine/core/esm/components/ScrollArea/utils/get-thumb-ratio.mjs[39m
[90m│[39m  [33m(1:0): Module level directives cause errors when bundled, "use client"[39m
[90m│[39m  [33min[39m
[90m│[39m  [33m"node_modules/@mantine/core/esm/components/ScrollArea/utils/get-thumb-ratio.mjs"[39m
[90m│[39m  [33mwas ignored.[39m
[90m│[39m
[33m▲[39m  [43mVite[49m
[90m│[39m  [33mnode_modules/@mantine/core/esm/components/ScrollArea/utils/get-scroll-position-from-pointer.mjs[39m
[90m│[39m  [33m(1:0): Module level directives cause errors when bundled, "use client"[39m
[90m│[39m  [33min[39m
[90m│[39m  [33m"node_modules/@mantine/core/esm/components/ScrollArea/utils/get-scroll-position-from-pointer.mjs"[39m
[90m│[39m  [33mwas ignored.[39m
[90m│[39m
[33m▲[39m  [43mVite[49m
[90m│[39m  [33mnode_modules/@mantine/core/esm/components/ScrollArea/ScrollAreaScrollbar/ScrollbarY.mjs[39m
[90m│[39m  [33m(1:0): Module level directives cause errors when bundled, "use client"[39m
[90m│[39m  [33min[39m
[90m│[39m  [33m"node_modules/@mantine/core/esm/components/ScrollArea/ScrollAreaScrollbar/ScrollbarY.mjs"[39m
[90m│[39m  [33mwas ignored.[39m
[90m│[39m
[33m▲[39m  [43mVite[49m
[90m│[39m  [33mnode_modules/@mantine/core/esm/components/AppShell/AppShellMediaStyles/assign-navbar-variables/assign-navbar-variables.mjs[39m
[90m│[39m  [33m(1:0): Module level directives cause errors when bundled, "use client"[39m
[90m│[39m  [33min[39m
[90m│[39m  [33m"node_modules/@mantine/core/esm/components/AppShell/AppShellMediaStyles/assign-navbar-variables/assign-navbar-variables.mjs"[39m
[90m│[39m  [33mwas ignored.[39m
[90m│[39m
[33m▲[39m  [43mVite[49m
[90m│[39m  [33mnode_modules/@mantine/core/esm/components/AppShell/AppShellMediaStyles/assign-footer-variables/assign-footer-variables.mjs[39m
[90m│[39m  [33m(1:0): Module level directives cause errors when bundled, "use client"[39m
[90m│[39m  [33min[39m
[90m│[39m  [33m"node_modules/@mantine/core/esm/components/AppShell/AppShellMediaStyles/assign-footer-variables/assign-footer-variables.mjs"[39m
[90m│[39m  [33mwas ignored.[39m
[90m│[39m
[33m▲[39m  [43mVite[49m
[90m│[39m  [33mnode_modules/@mantine/core/esm/components/AppShell/AppShellMediaStyles/assign-header-variables/assign-header-variables.mjs[39m
[90m│[39m  [33m(1:0): Module level directives cause errors when bundled, "use client"[39m
[90m│[39m  [33min[39m
[90m│[39m  [33m"node_modules/@mantine/core/esm/components/AppShell/AppShellMediaStyles/assign-header-variables/assign-header-variables.mjs"[39m
[90m│[39m  [33mwas ignored.[39m
[90m│[39m
[33m▲[39m  [43mVite[49m
[90m│[39m  [33mnode_modules/@mantine/core/esm/components/Slider/Marks/is-mark-filled.mjs[39m
[90m│[39m  [33m(1:0): Module level directives cause errors when bundled, "use client"[39m
[90m│[39m  [33min[39m
[90m│[39m  [33m"node_modules/@mantine/core/esm/components/Slider/Marks/is-mark-filled.mjs"[39m
[90m│[39m  [33mwas ignored.[39m
[90m│[39m
[33m▲[39m  [43mVite[49m
[90m│[39m  [33mnode_modules/@mantine/core/esm/components/AppShell/AppShellMediaStyles/assign-aside-variables/assign-aside-variables.mjs[39m
[90m│[39m  [33m(1:0): Module level directives cause errors when bundled, "use client"[39m
[90m│[39m  [33min[39m
[90m│[39m  [33m"node_modules/@mantine/core/esm/components/AppShell/AppShellMediaStyles/assign-aside-variables/assign-aside-variables.mjs"[39m
[90m│[39m  [33mwas ignored.[39m
[90m│[39m
[33m▲[39m  [43mVite[49m
[90m│[39m  [33mnode_modules/@mantine/core/esm/components/AppShell/AppShellMediaStyles/assign-padding-variables/assign-padding-variables.mjs[39m
[90m│[39m  [33m(1:0): Module level directives cause errors when bundled, "use client"[39m
[90m│[39m  [33min[39m
[90m│[39m  [33m"node_modules/@mantine/core/esm/components/AppShell/AppShellMediaStyles/assign-padding-variables/assign-padding-variables.mjs"[39m
[90m│[39m  [33mwas ignored.[39m
[90m│[39m
[33m▲[39m  [43mVite[49m
[90m│[39m  [33mnode_modules/@mantine/core/esm/components/Rating/StarSymbol/StarIcon.mjs[39m
[90m│[39m  [33m(1:0): Module level directives cause errors when bundled, "use client"[39m
[90m│[39m  [33min[39m
[90m│[39m  [33m"node_modules/@mantine/core/esm/components/Rating/StarSymbol/StarIcon.mjs"[39m
[90m│[39m  [33mwas ignored.[39m
[90m│[39m
[33m▲[39m  [43mVite[49m [33mnode_modules/@mantine/hooks/esm/use-focus-trap/scope-tab.mjs[39m
[90m│[39m  [33m(1:0): Module level directives cause errors when bundled, "use client"[39m
[90m│[39m  [33min "node_modules/@mantine/hooks/esm/use-focus-trap/scope-tab.mjs" was[39m
[90m│[39m  [33mignored.[39m
[90m│[39m
[33m▲[39m  [43mVite[49m
[90m│[39m  [33mnode_modules/@base-ui/react/esm/navigation-menu/backdrop/NavigationMenuBackdrop.js[39m
[90m│[39m  [33m(1:0): Module level directives cause errors when bundled, "use client"[39m
[90m│[39m  [33min[39m
[90m│[39m  [33m"node_modules/@base-ui/react/esm/navigation-menu/backdrop/NavigationMenuBackdrop.js"[39m
[90m│[39m  [33mwas ignored.[39m
[90m│[39m
[33m▲[39m  [43mVite[49m
[90m│[39m  [33mnode_modules/@base-ui/react/esm/navigation-menu/popup/NavigationMenuPopup.js[39m
[90m│[39m  [33m(1:0): Module level directives cause errors when bundled, "use client"[39m
[90m│[39m  [33min[39m
[90m│[39m  [33m"node_modules/@base-ui/react/esm/navigation-menu/popup/NavigationMenuPopup.js"[39m
[90m│[39m  [33mwas ignored.[39m
[90m│[39m
[33m▲[39m  [43mVite[49m
[90m│[39m  [33mnode_modules/@base-ui/react/esm/navigation-menu/root/NavigationMenuRoot.js[39m
[90m│[39m  [33m(1:0): Module level directives cause errors when bundled, "use client"[39m
[90m│[39m  [33min[39m
[90m│[39m  [33m"node_modules/@base-ui/react/esm/navigation-menu/root/NavigationMenuRoot.js"[39m
[90m│[39m  [33mwas ignored.[39m
[90m│[39m
[33m▲[39m  [43mVite[49m
[90m│[39m  [33mnode_modules/@base-ui/react/esm/dialog/description/DialogDescription.js[39m
[90m│[39m  [33m(1:0): Module level directives cause errors when bundled, "use client"[39m
[90m│[39m  [33min[39m
[90m│[39m  [33m"node_modules/@base-ui/react/esm/dialog/description/DialogDescription.js"[39m
[90m│[39m  [33mwas ignored.[39m
[90m│[39m
[33m▲[39m  [43mVite[49m [33mnode_modules/@base-ui/react/esm/dialog/backdrop/DialogBackdrop.js[39m
[90m│[39m  [33m(1:0): Module level directives cause errors when bundled, "use client"[39m
[90m│[39m  [33min "node_modules/@base-ui/react/esm/dialog/backdrop/DialogBackdrop.js"[39m
[90m│[39m  [33mwas ignored.[39m
[90m│[39m
[33m▲[39m  [43mVite[49m [33mnode_modules/@base-ui/react/esm/dialog/portal/DialogPortal.js[39m
[90m│[39m  [33m(1:0): Module level directives cause errors when bundled, "use client"[39m
[90m│[39m  [33min "node_modules/@base-ui/react/esm/dialog/portal/DialogPortal.js" was[39m
[90m│[39m  [33mignored.[39m
[90m│[39m
[33m▲[39m  [43mVite[49m [33mnode_modules/@base-ui/react/esm/dialog/close/DialogClose.js[39m
[90m│[39m  [33m(1:0): Module level directives cause errors when bundled, "use client"[39m
[90m│[39m  [33min "node_modules/@base-ui/react/esm/dialog/close/DialogClose.js" was[39m
[90m│[39m  [33mignored.[39m
[90m│[39m
[33m▲[39m  [43mVite[49m
[90m│[39m  [33mnode_modules/@base-ui/react/esm/navigation-menu/portal/NavigationMenuPortal.js[39m
[90m│[39m  [33m(1:0): Module level directives cause errors when bundled, "use client"[39m
[90m│[39m  [33min[39m
[90m│[39m  [33m"node_modules/@base-ui/react/esm/navigation-menu/portal/NavigationMenuPortal.js"[39m
[90m│[39m  [33mwas ignored.[39m
[90m│[39m
[33m▲[39m  [43mVite[49m
[90m│[39m  [33mnode_modules/@base-ui/react/esm/navigation-menu/item/NavigationMenuItem.js[39m
[90m│[39m  [33m(1:0): Module level directives cause errors when bundled, "use client"[39m
[90m│[39m  [33min[39m
[90m│[39m  [33m"node_modules/@base-ui/react/esm/navigation-menu/item/NavigationMenuItem.js"[39m
[90m│[39m  [33mwas ignored.[39m
[90m│[39m
[33m▲[39m  [43mVite[49m
[90m│[39m  [33mnode_modules/@base-ui/react/esm/navigation-menu/arrow/NavigationMenuArrow.js[39m
[90m│[39m  [33m(1:0): Module level directives cause errors when bundled, "use client"[39m
[90m│[39m  [33min[39m
[90m│[39m  [33m"node_modules/@base-ui/react/esm/navigation-menu/arrow/NavigationMenuArrow.js"[39m
[90m│[39m  [33mwas ignored.[39m
[90m│[39m
[33m▲[39m  [43mVite[49m [33mnode_modules/@base-ui/react/esm/dialog/root/DialogRoot.js (1:0):[39m
[90m│[39m  [33mModule level directives cause errors when bundled, "use client" in[39m
[90m│[39m  [33m"node_modules/@base-ui/react/esm/dialog/root/DialogRoot.js" was[39m
[90m│[39m  [33mignored.[39m
[90m│[39m
[33m▲[39m  [43mVite[49m [33mnode_modules/@base-ui/react/esm/menu/positioner/MenuPositioner.js[39m
[90m│[39m  [33m(1:0): Module level directives cause errors when bundled, "use client"[39m
[90m│[39m  [33min "node_modules/@base-ui/react/esm/menu/positioner/MenuPositioner.js"[39m
[90m│[39m  [33mwas ignored.[39m
[90m│[39m
[33m▲[39m  [43mVite[49m
[90m│[39m  [33mnode_modules/@base-ui/react/esm/navigation-menu/link/NavigationMenuLink.js[39m
[90m│[39m  [33m(1:0): Module level directives cause errors when bundled, "use client"[39m
[90m│[39m  [33min[39m
[90m│[39m  [33m"node_modules/@base-ui/react/esm/navigation-menu/link/NavigationMenuLink.js"[39m
[90m│[39m  [33mwas ignored.[39m
[90m│[39m
[33m▲[39m  [43mVite[49m
[90m│[39m  [33mnode_modules/@base-ui/react/esm/menu/checkbox-item/MenuCheckboxItem.js[39m
[90m│[39m  [33m(1:0): Module level directives cause errors when bundled, "use client"[39m
[90m│[39m  [33min[39m
[90m│[39m  [33m"node_modules/@base-ui/react/esm/menu/checkbox-item/MenuCheckboxItem.js"[39m
[90m│[39m  [33mwas ignored.[39m
[90m│[39m
[33m▲[39m  [43mVite[49m [33mnode_modules/@base-ui/react/esm/menu/link-item/MenuLinkItem.js[39m
[90m│[39m  [33m(1:0): Module level directives cause errors when bundled, "use client"[39m
[90m│[39m  [33min "node_modules/@base-ui/react/esm/menu/link-item/MenuLinkItem.js"[39m
[90m│[39m  [33mwas ignored.[39m
[90m│[39m
[33m▲[39m  [43mVite[49m [33mnode_modules/@base-ui/react/esm/dialog/viewport/DialogViewport.js[39m
[90m│[39m  [33m(1:0): Module level directives cause errors when bundled, "use client"[39m
[90m│[39m  [33min "node_modules/@base-ui/react/esm/dialog/viewport/DialogViewport.js"[39m
[90m│[39m  [33mwas ignored.[39m
[90m│[39m
[33m▲[39m  [43mVite[49m [33mnode_modules/@base-ui/react/esm/menu/backdrop/MenuBackdrop.js[39m
[90m│[39m  [33m(1:0): Module level directives cause errors when bundled, "use client"[39m
[90m│[39m  [33min "node_modules/@base-ui/react/esm/menu/backdrop/MenuBackdrop.js" was[39m
[90m│[39m  [33mignored.[39m
[90m│[39m
[33m▲[39m  [43mVite[49m
[90m│[39m  [33mnode_modules/@base-ui/react/esm/menu/radio-group/MenuRadioGroup.js[39m
[90m│[39m  [33m(1:0): Module level directives cause errors when bundled, "use client"[39m
[90m│[39m  [33min[39m
[90m│[39m  [33m"node_modules/@base-ui/react/esm/menu/radio-group/MenuRadioGroup.js"[39m
[90m│[39m  [33mwas ignored.[39m
[90m│[39m
[33m▲[39m  [43mVite[49m [33mnode_modules/@base-ui/react/esm/menu/group/MenuGroup.js (1:0):[39m
[90m│[39m  [33mModule level directives cause errors when bundled, "use client" in[39m
[90m│[39m  [33m"node_modules/@base-ui/react/esm/menu/group/MenuGroup.js" was ignored.[39m
[90m│[39m
[33m▲[39m  [43mVite[49m [33mnode_modules/@base-ui/react/esm/menu/item/MenuItem.js (1:0):[39m
[90m│[39m  [33mModule level directives cause errors when bundled, "use client" in[39m
[90m│[39m  [33m"node_modules/@base-ui/react/esm/menu/item/MenuItem.js" was ignored.[39m
[90m│[39m
[33m▲[39m  [43mVite[49m
[90m│[39m  [33mnode_modules/@base-ui/react/esm/navigation-menu/positioner/NavigationMenuPositioner.js[39m
[90m│[39m  [33m(1:0): Module level directives cause errors when bundled, "use client"[39m
[90m│[39m  [33min[39m
[90m│[39m  [33m"node_modules/@base-ui/react/esm/navigation-menu/positioner/NavigationMenuPositioner.js"[39m
[90m│[39m  [33mwas ignored.[39m
[90m│[39m
[33m▲[39m  [43mVite[49m
[90m│[39m  [33mnode_modules/@base-ui/react/esm/navigation-menu/trigger/NavigationMenuTrigger.js[39m
[90m│[39m  [33m(1:0): Module level directives cause errors when bundled, "use client"[39m
[90m│[39m  [33min[39m
[90m│[39m  [33m"node_modules/@base-ui/react/esm/navigation-menu/trigger/NavigationMenuTrigger.js"[39m
[90m│[39m  [33mwas ignored.[39m
[90m│[39m
[33m▲[39m  [43mVite[49m [33mnode_modules/@base-ui/react/esm/menu/portal/MenuPortal.js (1:0):[39m
[90m│[39m  [33mModule level directives cause errors when bundled, "use client" in[39m
[90m│[39m  [33m"node_modules/@base-ui/react/esm/menu/portal/MenuPortal.js" was[39m
[90m│[39m  [33mignored.[39m
[90m│[39m
[33m▲[39m  [43mVite[49m [33mnode_modules/@base-ui/react/esm/select/value/SelectValue.js[39m
[90m│[39m  [33m(1:0): Module level directives cause errors when bundled, "use client"[39m
[90m│[39m  [33min "node_modules/@base-ui/react/esm/select/value/SelectValue.js" was[39m
[90m│[39m  [33mignored.[39m
[90m│[39m
[33m▲[39m  [43mVite[49m
[90m│[39m  [33mnode_modules/@base-ui/react/esm/menu/checkbox-item-indicator/MenuCheckboxItemIndicator.js[39m
[90m│[39m  [33m(1:0): Module level directives cause errors when bundled, "use client"[39m
[90m│[39m  [33min[39m
[90m│[39m  [33m"node_modules/@base-ui/react/esm/menu/checkbox-item-indicator/MenuCheckboxItemIndicator.js"[39m
[90m│[39m  [33mwas ignored.[39m
[90m│[39m
[33m▲[39m  [43mVite[49m
[90m│[39m  [33mnode_modules/@base-ui/react/esm/menu/submenu-trigger/MenuSubmenuTrigger.js[39m
[90m│[39m  [33m(1:0): Module level directives cause errors when bundled, "use client"[39m
[90m│[39m  [33min[39m
[90m│[39m  [33m"node_modules/@base-ui/react/esm/menu/submenu-trigger/MenuSubmenuTrigger.js"[39m
[90m│[39m  [33mwas ignored.[39m
[90m│[39m
[33m▲[39m  [43mVite[49m
[90m│[39m  [33mnode_modules/@base-ui/react/esm/checkbox/indicator/CheckboxIndicator.js[39m
[90m│[39m  [33m(1:0): Module level directives cause errors when bundled, "use client"[39m
[90m│[39m  [33min[39m
[90m│[39m  [33m"node_modules/@base-ui/react/esm/checkbox/indicator/CheckboxIndicator.js"[39m
[90m│[39m  [33mwas ignored.[39m
[90m│[39m
[33m▲[39m  [43mVite[49m [33mnode_modules/@base-ui/react/esm/dialog/title/DialogTitle.js[39m
[90m│[39m  [33m(1:0): Module level directives cause errors when bundled, "use client"[39m
[90m│[39m  [33min "node_modules/@base-ui/react/esm/dialog/title/DialogTitle.js" was[39m
[90m│[39m  [33mignored.[39m
[90m│[39m
[33m▲[39m  [43mVite[49m [33mnode_modules/@base-ui/react/esm/menu/trigger/MenuTrigger.js[39m
[90m│[39m  [33m(1:0): Module level directives cause errors when bundled, "use client"[39m
[90m│[39m  [33min "node_modules/@base-ui/react/esm/menu/trigger/MenuTrigger.js" was[39m
[90m│[39m  [33mignored.[39m
[90m│[39m
[33m▲[39m  [43mVite[49m
[90m│[39m  [33mnode_modules/@base-ui/react/esm/navigation-menu/content/NavigationMenuContent.js[39m
[90m│[39m  [33m(1:0): Module level directives cause errors when bundled, "use client"[39m
[90m│[39m  [33min[39m
[90m│[39m  [33m"node_modules/@base-ui/react/esm/navigation-menu/content/NavigationMenuContent.js"[39m
[90m│[39m  [33mwas ignored.[39m
[90m│[39m
[33m▲[39m  [43mVite[49m [33mnode_modules/@base-ui/react/esm/menu/viewport/MenuViewport.js[39m
[90m│[39m  [33m(1:0): Module level directives cause errors when bundled, "use client"[39m
[90m│[39m  [33min "node_modules/@base-ui/react/esm/menu/viewport/MenuViewport.js" was[39m
[90m│[39m  [33mignored.[39m
[90m│[39m
[33m▲[39m  [43mVite[49m [33mnode_modules/@base-ui/react/esm/select/label/SelectLabel.js[39m
[90m│[39m  [33m(1:0): Module level directives cause errors when bundled, "use client"[39m
[90m│[39m  [33min "node_modules/@base-ui/react/esm/select/label/SelectLabel.js" was[39m
[90m│[39m  [33mignored.[39m
[90m│[39m
[33m▲[39m  [43mVite[49m
[90m│[39m  [33mnode_modules/@base-ui/react/esm/navigation-menu/icon/NavigationMenuIcon.js[39m
[90m│[39m  [33m(1:0): Module level directives cause errors when bundled, "use client"[39m
[90m│[39m  [33min[39m
[90m│[39m  [33m"node_modules/@base-ui/react/esm/navigation-menu/icon/NavigationMenuIcon.js"[39m
[90m│[39m  [33mwas ignored.[39m
[90m│[39m
[33m▲[39m  [43mVite[49m
[90m│[39m  [33mnode_modules/@base-ui/react/esm/navigation-menu/viewport/NavigationMenuViewport.js[39m
[90m│[39m  [33m(1:0): Module level directives cause errors when bundled, "use client"[39m
[90m│[39m  [33min[39m
[90m│[39m  [33m"node_modules/@base-ui/react/esm/navigation-menu/viewport/NavigationMenuViewport.js"[39m
[90m│[39m  [33mwas ignored.[39m
[90m│[39m
[33m▲[39m  [43mVite[49m [33mnode_modules/@base-ui/react/esm/select/item/SelectItem.js (1:0):[39m
[90m│[39m  [33mModule level directives cause errors when bundled, "use client" in[39m
[90m│[39m  [33m"node_modules/@base-ui/react/esm/select/item/SelectItem.js" was[39m
[90m│[39m  [33mignored.[39m
[90m│[39m
[33m▲[39m  [43mVite[49m [33mnode_modules/@base-ui/react/esm/menu/root/MenuRoot.js (1:0):[39m
[90m│[39m  [33mModule level directives cause errors when bundled, "use client" in[39m
[90m│[39m  [33m"node_modules/@base-ui/react/esm/menu/root/MenuRoot.js" was ignored.[39m
[90m│[39m
[33m▲[39m  [43mVite[49m [33mnode_modules/@base-ui/react/esm/menu/arrow/MenuArrow.js (1:0):[39m
[90m│[39m  [33mModule level directives cause errors when bundled, "use client" in[39m
[90m│[39m  [33m"node_modules/@base-ui/react/esm/menu/arrow/MenuArrow.js" was ignored.[39m
[90m│[39m
[33m▲[39m  [43mVite[49m
[90m│[39m  [33mnode_modules/@base-ui/react/esm/menu/group-label/MenuGroupLabel.js[39m
[90m│[39m  [33m(1:0): Module level directives cause errors when bundled, "use client"[39m
[90m│[39m  [33min[39m
[90m│[39m  [33m"node_modules/@base-ui/react/esm/menu/group-label/MenuGroupLabel.js"[39m
[90m│[39m  [33mwas ignored.[39m
[90m│[39m
[33m▲[39m  [43mVite[49m [33mnode_modules/@base-ui/react/esm/menu/radio-item/MenuRadioItem.js[39m
[90m│[39m  [33m(1:0): Module level directives cause errors when bundled, "use client"[39m
[90m│[39m  [33min "node_modules/@base-ui/react/esm/menu/radio-item/MenuRadioItem.js"[39m
[90m│[39m  [33mwas ignored.[39m
[90m│[39m
[33m▲[39m  [43mVite[49m
[90m│[39m  [33mnode_modules/@base-ui/react/esm/menu/radio-item-indicator/MenuRadioItemIndicator.js[39m
[90m│[39m  [33m(1:0): Module level directives cause errors when bundled, "use client"[39m
[90m│[39m  [33min[39m
[90m│[39m  [33m"node_modules/@base-ui/react/esm/menu/radio-item-indicator/MenuRadioItemIndicator.js"[39m
[90m│[39m  [33mwas ignored.[39m
[90m│[39m
[33m▲[39m  [43mVite[49m
[90m│[39m  [33mnode_modules/@base-ui/react/esm/select/positioner/SelectPositioner.js[39m
[90m│[39m  [33m(1:0): Module level directives cause errors when bundled, "use client"[39m
[90m│[39m  [33min[39m
[90m│[39m  [33m"node_modules/@base-ui/react/esm/select/positioner/SelectPositioner.js"[39m
[90m│[39m  [33mwas ignored.[39m
[90m│[39m
[33m▲[39m  [43mVite[49m
[90m│[39m  [33mnode_modules/@base-ui/react/esm/navigation-menu/list/NavigationMenuList.js[39m
[90m│[39m  [33m(1:0): Module level directives cause errors when bundled, "use client"[39m
[90m│[39m  [33min[39m
[90m│[39m  [33m"node_modules/@base-ui/react/esm/navigation-menu/list/NavigationMenuList.js"[39m
[90m│[39m  [33mwas ignored.[39m
[90m│[39m
[33m▲[39m  [43mVite[49m [33mnode_modules/@base-ui/react/esm/dialog/popup/DialogPopup.js[39m
[90m│[39m  [33m(1:0): Module level directives cause errors when bundled, "use client"[39m
[90m│[39m  [33min "node_modules/@base-ui/react/esm/dialog/popup/DialogPopup.js" was[39m
[90m│[39m  [33mignored.[39m
[90m│[39m
[33m▲[39m  [43mVite[49m [33mnode_modules/@base-ui/react/esm/separator/Separator.js (1:0):[39m
[90m│[39m  [33mModule level directives cause errors when bundled, "use client" in[39m
[90m│[39m  [33m"node_modules/@base-ui/react/esm/separator/Separator.js" was ignored.[39m
[90m│[39m
[33m▲[39m  [43mVite[49m [33mnode_modules/@base-ui/react/esm/dialog/trigger/DialogTrigger.js[39m
[90m│[39m  [33m(1:0): Module level directives cause errors when bundled, "use client"[39m
[90m│[39m  [33min "node_modules/@base-ui/react/esm/dialog/trigger/DialogTrigger.js"[39m
[90m│[39m  [33mwas ignored.[39m
[90m│[39m
[33m▲[39m  [43mVite[49m [33mnode_modules/@base-ui/react/esm/select/group/SelectGroup.js[39m
[90m│[39m  [33m(1:0): Module level directives cause errors when bundled, "use client"[39m
[90m│[39m  [33min "node_modules/@base-ui/react/esm/select/group/SelectGroup.js" was[39m
[90m│[39m  [33mignored.[39m
[90m│[39m
[33m▲[39m  [43mVite[49m [33mnode_modules/@base-ui/react/esm/select/popup/SelectPopup.js[39m
[90m│[39m  [33m(1:0): Module level directives cause errors when bundled, "use client"[39m
[90m│[39m  [33min "node_modules/@base-ui/react/esm/select/popup/SelectPopup.js" was[39m
[90m│[39m  [33mignored.[39m
[90m│[39m
[33m▲[39m  [43mVite[49m [33mnode_modules/@base-ui/react/esm/select/icon/SelectIcon.js (1:0):[39m
[90m│[39m  [33mModule level directives cause errors when bundled, "use client" in[39m
[90m│[39m  [33m"node_modules/@base-ui/react/esm/select/icon/SelectIcon.js" was[39m
[90m│[39m  [33mignored.[39m
[90m│[39m
[33m▲[39m  [43mVite[49m
[90m│[39m  [33mnode_modules/@base-ui/react/esm/popover/backdrop/PopoverBackdrop.js[39m
[90m│[39m  [33m(1:0): Module level directives cause errors when bundled, "use client"[39m
[90m│[39m  [33min[39m
[90m│[39m  [33m"node_modules/@base-ui/react/esm/popover/backdrop/PopoverBackdrop.js"[39m
[90m│[39m  [33mwas ignored.[39m
[90m│[39m
[33m▲[39m  [43mVite[49m
[90m│[39m  [33mnode_modules/@base-ui/react/esm/select/item-text/SelectItemText.js[39m
[90m│[39m  [33m(1:0): Module level directives cause errors when bundled, "use client"[39m
[90m│[39m  [33min[39m
[90m│[39m  [33m"node_modules/@base-ui/react/esm/select/item-text/SelectItemText.js"[39m
[90m│[39m  [33mwas ignored.[39m
[90m│[39m
[33m▲[39m  [43mVite[49m [33mnode_modules/@base-ui/react/esm/select/trigger/SelectTrigger.js[39m
[90m│[39m  [33m(1:0): Module level directives cause errors when bundled, "use client"[39m
[90m│[39m  [33min "node_modules/@base-ui/react/esm/select/trigger/SelectTrigger.js"[39m
[90m│[39m  [33mwas ignored.[39m
[90m│[39m
[33m▲[39m  [43mVite[49m [33mnode_modules/@base-ui/react/esm/checkbox/root/CheckboxRoot.js[39m
[90m│[39m  [33m(1:0): Module level directives cause errors when bundled, "use client"[39m
[90m│[39m  [33min "node_modules/@base-ui/react/esm/checkbox/root/CheckboxRoot.js" was[39m
[90m│[39m  [33mignored.[39m
[90m│[39m
[33m▲[39m  [43mVite[49m [33mnode_modules/@base-ui/react/esm/popover/close/PopoverClose.js[39m
[90m│[39m  [33m(1:0): Module level directives cause errors when bundled, "use client"[39m
[90m│[39m  [33min "node_modules/@base-ui/react/esm/popover/close/PopoverClose.js" was[39m
[90m│[39m  [33mignored.[39m
[90m│[39m
[33m▲[39m  [43mVite[49m
[90m│[39m  [33mnode_modules/@base-ui/react/esm/popover/positioner/PopoverPositioner.js[39m
[90m│[39m  [33m(1:0): Module level directives cause errors when bundled, "use client"[39m
[90m│[39m  [33min[39m
[90m│[39m  [33m"node_modules/@base-ui/react/esm/popover/positioner/PopoverPositioner.js"[39m
[90m│[39m  [33mwas ignored.[39m
[90m│[39m
[33m▲[39m  [43mVite[49m [33mnode_modules/@base-ui/react/esm/tabs/list/TabsList.js (1:0):[39m
[90m│[39m  [33mModule level directives cause errors when bundled, "use client" in[39m
[90m│[39m  [33m"node_modules/@base-ui/react/esm/tabs/list/TabsList.js" was ignored.[39m
[90m│[39m
[33m▲[39m  [43mVite[49m [33mnode_modules/@base-ui/react/esm/select/portal/SelectPortal.js[39m
[90m│[39m  [33m(1:0): Module level directives cause errors when bundled, "use client"[39m
[90m│[39m  [33min "node_modules/@base-ui/react/esm/select/portal/SelectPortal.js" was[39m
[90m│[39m  [33mignored.[39m
[90m│[39m
[33m▲[39m  [43mVite[49m [33mnode_modules/@base-ui/react/esm/select/arrow/SelectArrow.js[39m
[90m│[39m  [33m(1:0): Module level directives cause errors when bundled, "use client"[39m
[90m│[39m  [33min "node_modules/@base-ui/react/esm/select/arrow/SelectArrow.js" was[39m
[90m│[39m  [33mignored.[39m
[90m│[39m
[33m▲[39m  [43mVite[49m [33mnode_modules/@base-ui/react/esm/tabs/root/TabsRoot.js (1:0):[39m
[90m│[39m  [33mModule level directives cause errors when bundled, "use client" in[39m
[90m│[39m  [33m"node_modules/@base-ui/react/esm/tabs/root/TabsRoot.js" was ignored.[39m
[90m│[39m
[33m▲[39m  [43mVite[49m [33mnode_modules/@base-ui/react/esm/tabs/tab/TabsTab.js (1:0): Module[39m
[90m│[39m  [33mlevel directives cause errors when bundled, "use client" in[39m
[90m│[39m  [33m"node_modules/@base-ui/react/esm/tabs/tab/TabsTab.js" was ignored.[39m
[90m│[39m
[33m▲[39m  [43mVite[49m [33mnode_modules/@base-ui/react/esm/popover/popup/PopoverPopup.js[39m
[90m│[39m  [33m(1:0): Module level directives cause errors when bundled, "use client"[39m
[90m│[39m  [33min "node_modules/@base-ui/react/esm/popover/popup/PopoverPopup.js" was[39m
[90m│[39m  [33mignored.[39m
[90m│[39m
[33m▲[39m  [43mVite[49m [33mnode_modules/@base-ui/react/esm/internals/use-button/useButton.js[39m
[90m│[39m  [33m(1:0): Module level directives cause errors when bundled, "use client"[39m
[90m│[39m  [33min "node_modules/@base-ui/react/esm/internals/use-button/useButton.js"[39m
[90m│[39m  [33mwas ignored.[39m
[90m│[39m
[33m▲[39m  [43mVite[49m
[90m│[39m  [33mnode_modules/@base-ui/react/esm/popover/description/PopoverDescription.js[39m
[90m│[39m  [33m(1:0): Module level directives cause errors when bundled, "use client"[39m
[90m│[39m  [33min[39m
[90m│[39m  [33m"node_modules/@base-ui/react/esm/popover/description/PopoverDescription.js"[39m
[90m│[39m  [33mwas ignored.[39m
[90m│[39m
[33m▲[39m  [43mVite[49m [33mnode_modules/@base-ui/react/esm/menu/popup/MenuPopup.js (1:0):[39m
[90m│[39m  [33mModule level directives cause errors when bundled, "use client" in[39m
[90m│[39m  [33m"node_modules/@base-ui/react/esm/menu/popup/MenuPopup.js" was ignored.[39m
[90m│[39m
[33m▲[39m  [43mVite[49m [33mnode_modules/@base-ui/react/esm/popover/portal/PopoverPortal.js[39m
[90m│[39m  [33m(1:0): Module level directives cause errors when bundled, "use client"[39m
[90m│[39m  [33min "node_modules/@base-ui/react/esm/popover/portal/PopoverPortal.js"[39m
[90m│[39m  [33mwas ignored.[39m
[90m│[39m
[33m▲[39m  [43mVite[49m
[90m│[39m  [33mnode_modules/@base-ui/react/esm/select/scroll-down-arrow/SelectScrollDownArrow.js[39m
[90m│[39m  [33m(1:0): Module level directives cause errors when bundled, "use client"[39m
[90m│[39m  [33min[39m
[90m│[39m  [33m"node_modules/@base-ui/react/esm/select/scroll-down-arrow/SelectScrollDownArrow.js"[39m
[90m│[39m  [33mwas ignored.[39m
[90m│[39m
[33m▲[39m  [43mVite[49m
[90m│[39m  [33mnode_modules/@base-ui/react/esm/select/scroll-up-arrow/SelectScrollUpArrow.js[39m
[90m│[39m  [33m(1:0): Module level directives cause errors when bundled, "use client"[39m
[90m│[39m  [33min[39m
[90m│[39m  [33m"node_modules/@base-ui/react/esm/select/scroll-up-arrow/SelectScrollUpArrow.js"[39m
[90m│[39m  [33mwas ignored.[39m
[90m│[39m
[33m▲[39m  [43mVite[49m [33mnode_modules/@base-ui/react/esm/popover/trigger/PopoverTrigger.js[39m
[90m│[39m  [33m(1:0): Module level directives cause errors when bundled, "use client"[39m
[90m│[39m  [33min "node_modules/@base-ui/react/esm/popover/trigger/PopoverTrigger.js"[39m
[90m│[39m  [33mwas ignored.[39m
[90m│[39m
[33m▲[39m  [43mVite[49m [33mnode_modules/@base-ui/react/esm/select/list/SelectList.js (1:0):[39m
[90m│[39m  [33mModule level directives cause errors when bundled, "use client" in[39m
[90m│[39m  [33m"node_modules/@base-ui/react/esm/select/list/SelectList.js" was[39m
[90m│[39m  [33mignored.[39m
[90m│[39m
[33m▲[39m  [43mVite[49m
[90m│[39m  [33mnode_modules/@base-ui/react/esm/select/group-label/SelectGroupLabel.js[39m
[90m│[39m  [33m(1:0): Module level directives cause errors when bundled, "use client"[39m
[90m│[39m  [33min[39m
[90m│[39m  [33m"node_modules/@base-ui/react/esm/select/group-label/SelectGroupLabel.js"[39m
[90m│[39m  [33mwas ignored.[39m
[90m│[39m
[33m▲[39m  [43mVite[49m [33mnode_modules/@base-ui/react/esm/popover/arrow/PopoverArrow.js[39m
[90m│[39m  [33m(1:0): Module level directives cause errors when bundled, "use client"[39m
[90m│[39m  [33min "node_modules/@base-ui/react/esm/popover/arrow/PopoverArrow.js" was[39m
[90m│[39m  [33mignored.[39m
[90m│[39m
[33m▲[39m  [43mVite[49m
[90m│[39m  [33mnode_modules/@base-ui/react/esm/select/item-indicator/SelectItemIndicator.js[39m
[90m│[39m  [33m(1:0): Module level directives cause errors when bundled, "use client"[39m
[90m│[39m  [33min[39m
[90m│[39m  [33m"node_modules/@base-ui/react/esm/select/item-indicator/SelectItemIndicator.js"[39m
[90m│[39m  [33mwas ignored.[39m
[90m│[39m
[33m▲[39m  [43mVite[49m
[90m│[39m  [33mnode_modules/@base-ui/react/esm/popover/viewport/PopoverViewport.js[39m
[90m│[39m  [33m(1:0): Module level directives cause errors when bundled, "use client"[39m
[90m│[39m  [33min[39m
[90m│[39m  [33m"node_modules/@base-ui/react/esm/popover/viewport/PopoverViewport.js"[39m
[90m│[39m  [33mwas ignored.[39m
[90m│[39m
[33m▲[39m  [43mVite[49m [33mnode_modules/@base-ui/react/esm/popover/title/PopoverTitle.js[39m
[90m│[39m  [33m(1:0): Module level directives cause errors when bundled, "use client"[39m
[90m│[39m  [33min "node_modules/@base-ui/react/esm/popover/title/PopoverTitle.js" was[39m
[90m│[39m  [33mignored.[39m
[90m│[39m
[33m▲[39m  [43mVite[49m [33mnode_modules/@mantine/hooks/esm/use-focus-trap/tabbable.mjs[39m
[90m│[39m  [33m(1:0): Module level directives cause errors when bundled, "use client"[39m
[90m│[39m  [33min "node_modules/@mantine/hooks/esm/use-focus-trap/tabbable.mjs" was[39m
[90m│[39m  [33mignored.[39m
[90m│[39m
[33m▲[39m  [43mVite[49m [33mnode_modules/@base-ui/react/esm/select/backdrop/SelectBackdrop.js[39m
[90m│[39m  [33m(1:0): Module level directives cause errors when bundled, "use client"[39m
[90m│[39m  [33min "node_modules/@base-ui/react/esm/select/backdrop/SelectBackdrop.js"[39m
[90m│[39m  [33mwas ignored.[39m
[90m│[39m
[33m▲[39m  [43mVite[49m [33mnode_modules/@base-ui/react/esm/tabs/indicator/TabsIndicator.js[39m
[90m│[39m  [33m(1:0): Module level directives cause errors when bundled, "use client"[39m
[90m│[39m  [33min "node_modules/@base-ui/react/esm/tabs/indicator/TabsIndicator.js"[39m
[90m│[39m  [33mwas ignored.[39m
[90m│[39m
[33m▲[39m  [43mVite[49m [33mnode_modules/@base-ui/react/esm/tabs/panel/TabsPanel.js (1:0):[39m
[90m│[39m  [33mModule level directives cause errors when bundled, "use client" in[39m
[90m│[39m  [33m"node_modules/@base-ui/react/esm/tabs/panel/TabsPanel.js" was ignored.[39m
[90m│[39m
[33m▲[39m  [43mVite[49m [33mnode_modules/@marsidev/react-turnstile/dist/index.js (1:0):[39m
[90m│[39m  [33mModule level directives cause errors when bundled, "use client" in[39m
[90m│[39m  [33m"node_modules/@marsidev/react-turnstile/dist/index.js" was ignored.[39m
[90m│[39m
[33m▲[39m  [43mVite[49m [33msrc/modules/listings/components/RecentlyViewedGrid.tsx (1:0):[39m
[90m│[39m  [33mError when using sourcemap for reporting an error: Can't resolve[39m
[90m│[39m  [33moriginal location of error.[39m
[90m│[39m
[33m▲[39m  [43mVite[49m [33msrc/modules/listings/components/RecentlyViewedGrid.tsx (1:0):[39m
[90m│[39m  [33mModule level directives cause errors when bundled, "use client" in[39m
[90m│[39m  [33m"src/modules/listings/components/RecentlyViewedGrid.tsx" was ignored.[39m
[90m│[39m
[33m▲[39m  [43mVite[49m [33msrc/hooks/useExchangeRate.ts (1:0): Error when using sourcemap[39m
[90m│[39m  [33mfor reporting an error: Can't resolve original location of error.[39m
[90m│[39m
[33m▲[39m  [43mVite[49m [33msrc/hooks/useExchangeRate.ts (1:0): Module level directives cause[39m
[90m│[39m  [33merrors when bundled, "use client" in "src/hooks/useExchangeRate.ts"[39m
[90m│[39m  [33mwas ignored.[39m
[90m│[39m
[33m▲[39m  [43mVite[49m [33msrc/components/ui/useAdaptiveImageConfig.ts (1:0): Error when[39m
[90m│[39m  [33musing sourcemap for reporting an error: Can't resolve original[39m
[90m│[39m  [33mlocation of error.[39m
[90m│[39m
[33m▲[39m  [43mVite[49m [33msrc/components/ui/useAdaptiveImageConfig.ts (1:0): Module level[39m
[90m│[39m  [33mdirectives cause errors when bundled, "use client" in[39m
[90m│[39m  [33m"src/components/ui/useAdaptiveImageConfig.ts" was ignored.[39m
[90m│[39m
[33m▲[39m  [43mVite[49m [33msrc/modules/listings/actions/getListingOwnerContact.ts (1:0):[39m
[90m│[39m  [33mError when using sourcemap for reporting an error: Can't resolve[39m
[90m│[39m  [33moriginal location of error.[39m
[90m│[39m
[33m▲[39m  [43mVite[49m [33msrc/modules/listings/actions/getListingOwnerContact.ts (1:0):[39m
[90m│[39m  [33mModule level directives cause errors when bundled, "use server" in[39m
[90m│[39m  [33m"src/modules/listings/actions/getListingOwnerContact.ts" was ignored.[39m
[90m│[39m
[33m▲[39m  [43mVite[49m [33msrc/modules/listings/components/ListingInquiryDialog.tsx (1:0):[39m
[90m│[39m  [33mError when using sourcemap for reporting an error: Can't resolve[39m
[90m│[39m  [33moriginal location of error.[39m
[90m│[39m
[33m▲[39m  [43mVite[49m [33msrc/modules/listings/components/ListingInquiryDialog.tsx (1:0):[39m
[90m│[39m  [33mModule level directives cause errors when bundled, "use client" in[39m
[90m│[39m  [33m"src/modules/listings/components/ListingInquiryDialog.tsx" was[39m
[90m│[39m  [33mignored.[39m
[90m│[39m
[33m▲[39m  [43mVite[49m [33mnode_modules/@base-ui/utils/esm/useRefWithInit.js (1:0): Module[39m
[90m│[39m  [33mlevel directives cause errors when bundled, "use client" in[39m
[90m│[39m  [33m"node_modules/@base-ui/utils/esm/useRefWithInit.js" was ignored.[39m
[90m│[39m
[33m▲[39m  [43mVite[49m [33mnode_modules/@base-ui/utils/esm/useOnFirstRender.js (1:0): Module[39m
[90m│[39m  [33mlevel directives cause errors when bundled, "use client" in[39m
[90m│[39m  [33m"node_modules/@base-ui/utils/esm/useOnFirstRender.js" was ignored.[39m
[90m│[39m
[33m▲[39m  [43mVite[49m [33mnode_modules/@base-ui/utils/esm/usePreviousValue.js (1:0): Module[39m
[90m│[39m  [33mlevel directives cause errors when bundled, "use client" in[39m
[90m│[39m  [33m"node_modules/@base-ui/utils/esm/usePreviousValue.js" was ignored.[39m
[90m│[39m
[33m▲[39m  [43mVite[49m [33mnode_modules/@base-ui/utils/esm/useIsoLayoutEffect.js (1:0):[39m
[90m│[39m  [33mModule level directives cause errors when bundled, "use client" in[39m
[90m│[39m  [33m"node_modules/@base-ui/utils/esm/useIsoLayoutEffect.js" was ignored.[39m
[90m│[39m
[33m▲[39m  [43mVite[49m [33mnode_modules/@base-ui/utils/esm/useValueAsRef.js (1:0): Module[39m
[90m│[39m  [33mlevel directives cause errors when bundled, "use client" in[39m
[90m│[39m  [33m"node_modules/@base-ui/utils/esm/useValueAsRef.js" was ignored.[39m
[90m│[39m
[33m▲[39m  [43mVite[49m
[90m│[39m  [33mnode_modules/@base-ui/react/esm/internals/field-register-control/useRegisterFieldControl.js[39m
[90m│[39m  [33m(1:0): Module level directives cause errors when bundled, "use client"[39m
[90m│[39m  [33min[39m
[90m│[39m  [33m"node_modules/@base-ui/react/esm/internals/field-register-control/useRegisterFieldControl.js"[39m
[90m│[39m  [33mwas ignored.[39m
[90m│[39m
[33m▲[39m  [43mVite[49m
[90m│[39m  [33mnode_modules/@base-ui/react/esm/internals/labelable-provider/useLabelableId.js[39m
[90m│[39m  [33m(1:0): Module level directives cause errors when bundled, "use client"[39m
[90m│[39m  [33min[39m
[90m│[39m  [33m"node_modules/@base-ui/react/esm/internals/labelable-provider/useLabelableId.js"[39m
[90m│[39m  [33mwas ignored.[39m
[90m│[39m
[33m▲[39m  [43mVite[49m [33mnode_modules/@base-ui/react/esm/internals/useTransitionStatus.js[39m
[90m│[39m  [33m(1:0): Module level directives cause errors when bundled, "use client"[39m
[90m│[39m  [33min "node_modules/@base-ui/react/esm/internals/useTransitionStatus.js"[39m
[90m│[39m  [33mwas ignored.[39m
[90m│[39m
[33m▲[39m  [43mVite[49m
[90m│[39m  [33mnode_modules/@base-ui/react/esm/internals/useOpenChangeComplete.js[39m
[90m│[39m  [33m(1:0): Module level directives cause errors when bundled, "use client"[39m
[90m│[39m  [33min[39m
[90m│[39m  [33m"node_modules/@base-ui/react/esm/internals/useOpenChangeComplete.js"[39m
[90m│[39m  [33mwas ignored.[39m
[90m│[39m
[33m▲[39m  [43mVite[49m [33mnode_modules/@base-ui/react/esm/internals/resolveValueLabel.js[39m
[90m│[39m  [33m(1:0): Module level directives cause errors when bundled, "use client"[39m
[90m│[39m  [33min "node_modules/@base-ui/react/esm/internals/resolveValueLabel.js"[39m
[90m│[39m  [33mwas ignored.[39m
[90m│[39m
[33m▲[39m  [43mVite[49m [33mnode_modules/@base-ui/react/esm/internals/useValueChanged.js[39m
[90m│[39m  [33m(1:0): Module level directives cause errors when bundled, "use client"[39m
[90m│[39m  [33min "node_modules/@base-ui/react/esm/internals/useValueChanged.js" was[39m
[90m│[39m  [33mignored.[39m
[90m│[39m
[33m▲[39m  [43mVite[49m [33mnode_modules/@base-ui/react/esm/utils/useOpenInteractionType.js[39m
[90m│[39m  [33m(1:0): Module level directives cause errors when bundled, "use client"[39m
[90m│[39m  [33min "node_modules/@base-ui/react/esm/utils/useOpenInteractionType.js"[39m
[90m│[39m  [33mwas ignored.[39m
[90m│[39m
[33m▲[39m  [43mVite[49m
[90m│[39m  [33mnode_modules/@mantine/core/esm/components/ScrollArea/utils/linear-scale.mjs[39m
[90m│[39m  [33m(1:0): Module level directives cause errors when bundled, "use client"[39m
[90m│[39m  [33min[39m
[90m│[39m  [33m"node_modules/@mantine/core/esm/components/ScrollArea/utils/linear-scale.mjs"[39m
[90m│[39m  [33mwas ignored.[39m
[90m│[39m
[33m▲[39m  [43mVite[49m
[90m│[39m  [33mnode_modules/@mantine/core/esm/components/ScrollArea/utils/get-thumb-size.mjs[39m
[90m│[39m  [33m(1:0): Module level directives cause errors when bundled, "use client"[39m
[90m│[39m  [33min[39m
[90m│[39m  [33m"node_modules/@mantine/core/esm/components/ScrollArea/utils/get-thumb-size.mjs"[39m
[90m│[39m  [33mwas ignored.[39m
[90m│[39m
[33m▲[39m  [43mVite[49m
[90m│[39m  [33mnode_modules/@mantine/core/esm/components/ScrollArea/utils/is-scrolling-within-scrollbar-bounds.mjs[39m
[90m│[39m  [33m(1:0): Module level directives cause errors when bundled, "use client"[39m
[90m│[39m  [33min[39m
[90m│[39m  [33m"node_modules/@mantine/core/esm/components/ScrollArea/utils/is-scrolling-within-scrollbar-bounds.mjs"[39m
[90m│[39m  [33mwas ignored.[39m
[90m│[39m
[33m▲[39m  [43mVite[49m
[90m│[39m  [33mnode_modules/@mantine/core/esm/components/ScrollArea/ScrollAreaScrollbar/Scrollbar.mjs[39m
[90m│[39m  [33m(1:0): Module level directives cause errors when bundled, "use client"[39m
[90m│[39m  [33min[39m
[90m│[39m  [33m"node_modules/@mantine/core/esm/components/ScrollArea/ScrollAreaScrollbar/Scrollbar.mjs"[39m
[90m│[39m  [33mwas ignored.[39m
[90m│[39m
[33m▲[39m  [43mVite[49m
[90m│[39m  [33mnode_modules/@mantine/core/esm/components/AppShell/AppShellMediaStyles/is-responsive-size/is-responsive-size.mjs[39m
[90m│[39m  [33m(1:0): Module level directives cause errors when bundled, "use client"[39m
[90m│[39m  [33min[39m
[90m│[39m  [33m"node_modules/@mantine/core/esm/components/AppShell/AppShellMediaStyles/is-responsive-size/is-responsive-size.mjs"[39m
[90m│[39m  [33mwas ignored.[39m
[90m│[39m
[33m▲[39m  [43mVite[49m
[90m│[39m  [33mnode_modules/@mantine/core/esm/components/AppShell/AppShellMediaStyles/get-base-size/get-base-size.mjs[39m
[90m│[39m  [33m(1:0): Module level directives cause errors when bundled, "use client"[39m
[90m│[39m  [33min[39m
[90m│[39m  [33m"node_modules/@mantine/core/esm/components/AppShell/AppShellMediaStyles/get-base-size/get-base-size.mjs"[39m
[90m│[39m  [33mwas ignored.[39m
[90m│[39m
[33m▲[39m  [43mVite[49m
[90m│[39m  [33mnode_modules/@mantine/core/esm/components/AppShell/AppShellMediaStyles/is-primitive-size/is-primitive-size.mjs[39m
[90m│[39m  [33m(1:0): Module level directives cause errors when bundled, "use client"[39m
[90m│[39m  [33min[39m
[90m│[39m  [33m"node_modules/@mantine/core/esm/components/AppShell/AppShellMediaStyles/is-primitive-size/is-primitive-size.mjs"[39m
[90m│[39m  [33mwas ignored.[39m
[90m│[39m
[33m▲[39m  [43mVite[49m
[90m│[39m  [33mnode_modules/@mantine/core/esm/components/AppShell/AppShellMediaStyles/get-padding-value/get-padding-value.mjs[39m
[90m│[39m  [33m(1:0): Module level directives cause errors when bundled, "use client"[39m
[90m│[39m  [33min[39m
[90m│[39m  [33m"node_modules/@mantine/core/esm/components/AppShell/AppShellMediaStyles/get-padding-value/get-padding-value.mjs"[39m
[90m│[39m  [33mwas ignored.[39m
[90m│[39m
[33m▲[39m  [43mVite[49m [33mnode_modules/@mantine/form/esm/Form/Form.mjs (1:0): Module level[39m
[90m│[39m  [33mdirectives cause errors when bundled, "use client" in[39m
[90m│[39m  [33m"node_modules/@mantine/form/esm/Form/Form.mjs" was ignored.[39m
[90m│[39m
[33m▲[39m  [43mVite[49m [33mnode_modules/@mantine/form/esm/use-form.mjs (1:0): Module level[39m
[90m│[39m  [33mdirectives cause errors when bundled, "use client" in[39m
[90m│[39m  [33m"node_modules/@mantine/form/esm/use-form.mjs" was ignored.[39m
[90m│[39m
[33m▲[39m  [43mVite[49m [33mnode_modules/@mantine/form/esm/form-index.mjs (1:0): Module level[39m
[90m│[39m  [33mdirectives cause errors when bundled, "use client" in[39m
[90m│[39m  [33m"node_modules/@mantine/form/esm/form-index.mjs" was ignored.[39m
[90m│[39m
[33m▲[39m  [43mVite[49m [33mnode_modules/@mantine/form/esm/validators/matches/matches.mjs[39m
[90m│[39m  [33m(1:0): Module level directives cause errors when bundled, "use client"[39m
[90m│[39m  [33min "node_modules/@mantine/form/esm/validators/matches/matches.mjs" was[39m
[90m│[39m  [33mignored.[39m
[90m│[39m
[33m▲[39m  [43mVite[49m [33mnode_modules/@mantine/form/esm/FormProvider/FormProvider.mjs[39m
[90m│[39m  [33m(1:0): Module level directives cause errors when bundled, "use client"[39m
[90m│[39m  [33min "node_modules/@mantine/form/esm/FormProvider/FormProvider.mjs" was[39m
[90m│[39m  [33mignored.[39m
[90m│[39m
[33m▲[39m  [43mVite[49m [33mnode_modules/@mantine/form/esm/validators/is-email/is-email.mjs[39m
[90m│[39m  [33m(1:0): Module level directives cause errors when bundled, "use client"[39m
[90m│[39m  [33min "node_modules/@mantine/form/esm/validators/is-email/is-email.mjs"[39m
[90m│[39m  [33mwas ignored.[39m
[90m│[39m
[33m▲[39m  [43mVite[49m [33mnode_modules/@mantine/form/esm/actions/actions.mjs (1:0): Module[39m
[90m│[39m  [33mlevel directives cause errors when bundled, "use client" in[39m
[90m│[39m  [33m"node_modules/@mantine/form/esm/actions/actions.mjs" was ignored.[39m
[90m│[39m
[33m▲[39m  [43mVite[49m
[90m│[39m  [33mnode_modules/@mantine/form/esm/validators/has-length/has-length.mjs[39m
[90m│[39m  [33m(1:0): Module level directives cause errors when bundled, "use client"[39m
[90m│[39m  [33min[39m
[90m│[39m  [33m"node_modules/@mantine/form/esm/validators/has-length/has-length.mjs"[39m
[90m│[39m  [33mwas ignored.[39m
[90m│[39m
[33m▲[39m  [43mVite[49m
[90m│[39m  [33mnode_modules/@mantine/form/esm/validators/is-in-range/is-in-range.mjs[39m
[90m│[39m  [33m(1:0): Module level directives cause errors when bundled, "use client"[39m
[90m│[39m  [33min[39m
[90m│[39m  [33m"node_modules/@mantine/form/esm/validators/is-in-range/is-in-range.mjs"[39m
[90m│[39m  [33mwas ignored.[39m
[90m│[39m
[33m▲[39m  [43mVite[49m
[90m│[39m  [33mnode_modules/@mantine/form/esm/validators/matches-field/matches-field.mjs[39m
[90m│[39m  [33m(1:0): Module level directives cause errors when bundled, "use client"[39m
[90m│[39m  [33min[39m
[90m│[39m  [33m"node_modules/@mantine/form/esm/validators/matches-field/matches-field.mjs"[39m
[90m│[39m  [33mwas ignored.[39m
[90m│[39m
[33m▲[39m  [43mVite[49m
[90m│[39m  [33mnode_modules/@mantine/form/esm/validators/is-json-string/is-json-string.mjs[39m
[90m│[39m  [33m(1:0): Module level directives cause errors when bundled, "use client"[39m
[90m│[39m  [33min[39m
[90m│[39m  [33m"node_modules/@mantine/form/esm/validators/is-json-string/is-json-string.mjs"[39m
[90m│[39m  [33mwas ignored.[39m
[90m│[39m
[33m▲[39m  [43mVite[49m
[90m│[39m  [33mnode_modules/@mantine/form/esm/validators/is-not-empty-html/is-not-empty-html.mjs[39m
[90m│[39m  [33m(1:0): Module level directives cause errors when bundled, "use client"[39m
[90m│[39m  [33min[39m
[90m│[39m  [33m"node_modules/@mantine/form/esm/validators/is-not-empty-html/is-not-empty-html.mjs"[39m
[90m│[39m  [33mwas ignored.[39m
[90m│[39m
[33m▲[39m  [43mVite[49m [33mnode_modules/@mantine/form/esm/validate/validate-values.mjs[39m
[90m│[39m  [33m(1:0): Module level directives cause errors when bundled, "use client"[39m
[90m│[39m  [33min "node_modules/@mantine/form/esm/validate/validate-values.mjs" was[39m
[90m│[39m  [33mignored.[39m
[90m│[39m
[33m▲[39m  [43mVite[49m
[90m│[39m  [33mnode_modules/@mantine/form/esm/resolvers/zod-resolver/zod-resolver.mjs[39m
[90m│[39m  [33m(1:0): Module level directives cause errors when bundled, "use client"[39m
[90m│[39m  [33min[39m
[90m│[39m  [33m"node_modules/@mantine/form/esm/resolvers/zod-resolver/zod-resolver.mjs"[39m
[90m│[39m  [33mwas ignored.[39m
[90m│[39m
[33m▲[39m  [43mVite[49m [33mnode_modules/@mantine/form/esm/use-field.mjs (1:0): Module level[39m
[90m│[39m  [33mdirectives cause errors when bundled, "use client" in[39m
[90m│[39m  [33m"node_modules/@mantine/form/esm/use-field.mjs" was ignored.[39m
[90m│[39m
[33m▲[39m  [43mVite[49m
[90m│[39m  [33mnode_modules/@mantine/form/esm/resolvers/yup-resolver/yup-resolver.mjs[39m
[90m│[39m  [33m(1:0): Module level directives cause errors when bundled, "use client"[39m
[90m│[39m  [33min[39m
[90m│[39m  [33m"node_modules/@mantine/form/esm/resolvers/yup-resolver/yup-resolver.mjs"[39m
[90m│[39m  [33mwas ignored.[39m
[90m│[39m
[33m▲[39m  [43mVite[49m
[90m│[39m  [33mnode_modules/@mantine/form/esm/validators/is-not-empty/is-not-empty.mjs[39m
[90m│[39m  [33m(1:0): Module level directives cause errors when bundled, "use client"[39m
[90m│[39m  [33min[39m
[90m│[39m  [33m"node_modules/@mantine/form/esm/validators/is-not-empty/is-not-empty.mjs"[39m
[90m│[39m  [33mwas ignored.[39m
[90m│[39m
[33m▲[39m  [43mVite[49m
[90m│[39m  [33mnode_modules/@mantine/form/esm/resolvers/joi-resolver/joi-resolver.mjs[39m
[90m│[39m  [33m(1:0): Module level directives cause errors when bundled, "use client"[39m
[90m│[39m  [33min[39m
[90m│[39m  [33m"node_modules/@mantine/form/esm/resolvers/joi-resolver/joi-resolver.mjs"[39m
[90m│[39m  [33mwas ignored.[39m
[90m│[39m
[33m▲[39m  [43mVite[49m
[90m│[39m  [33mnode_modules/@mantine/form/esm/resolvers/superstruct-resolver/superstruct-resolver.mjs[39m
[90m│[39m  [33m(1:0): Module level directives cause errors when bundled, "use client"[39m
[90m│[39m  [33min[39m
[90m│[39m  [33m"node_modules/@mantine/form/esm/resolvers/superstruct-resolver/superstruct-resolver.mjs"[39m
[90m│[39m  [33mwas ignored.[39m
[90m│[39m
[33m▲[39m  [43mVite[49m [33msrc/modules/listings/components/ListingGallery.tsx (1:0): Error[39m
[90m│[39m  [33mwhen using sourcemap for reporting an error: Can't resolve original[39m
[90m│[39m  [33mlocation of error.[39m
[90m│[39m
[33m▲[39m  [43mVite[49m [33msrc/modules/listings/components/ListingGallery.tsx (1:0): Module[39m
[90m│[39m  [33mlevel directives cause errors when bundled, "use client" in[39m
[90m│[39m  [33m"src/modules/listings/components/ListingGallery.tsx" was ignored.[39m
[90m│[39m
[33m▲[39m  [43mVite[49m [33msrc/modules/listings/actions/contactEvents.ts (1:0): Error when[39m
[90m│[39m  [33musing sourcemap for reporting an error: Can't resolve original[39m
[90m│[39m  [33mlocation of error.[39m
[90m│[39m
[33m▲[39m  [43mVite[49m [33msrc/modules/listings/actions/contactEvents.ts (1:0): Module level[39m
[90m│[39m  [33mdirectives cause errors when bundled, "use server" in[39m
[90m│[39m  [33m"src/modules/listings/actions/contactEvents.ts" was ignored.[39m
[90m│[39m
[33m▲[39m  [43mVite[49m [33msrc/components/ui/avatar.tsx (1:0): Error when using sourcemap[39m
[90m│[39m  [33mfor reporting an error: Can't resolve original location of error.[39m
[90m│[39m
[33m▲[39m  [43mVite[49m [33msrc/components/ui/avatar.tsx (1:0): Module level directives cause[39m
[90m│[39m  [33merrors when bundled, "use client" in "src/components/ui/avatar.tsx"[39m
[90m│[39m  [33mwas ignored.[39m
[90m│[39m
[33m▲[39m  [43mVite[49m [33mnode_modules/@base-ui/utils/esm/useControlled.js (1:0): Module[39m
[90m│[39m  [33mlevel directives cause errors when bundled, "use client" in[39m
[90m│[39m  [33m"node_modules/@base-ui/utils/esm/useControlled.js" was ignored.[39m
[90m│[39m
[33m▲[39m  [43mVite[49m [33msrc/lib/performance/predictive.ts (1:0): Error when using[39m
[90m│[39m  [33msourcemap for reporting an error: Can't resolve original location of[39m
[90m│[39m  [33merror.[39m
[90m│[39m
[33m▲[39m  [43mVite[49m [33msrc/lib/performance/predictive.ts (1:0): Module level directives[39m
[90m│[39m  [33mcause errors when bundled, "use client" in[39m
[90m│[39m  [33m"src/lib/performance/predictive.ts" was ignored.[39m
[90m│[39m
[33m▲[39m  [43mVite[49m [33msrc/modules/listings/actions/applyListingTransition.ts (1:0):[39m
[90m│[39m  [33mError when using sourcemap for reporting an error: Can't resolve[39m
[90m│[39m  [33moriginal location of error.[39m
[90m│[39m
[33m▲[39m  [43mVite[49m [33msrc/modules/listings/actions/applyListingTransition.ts (1:0):[39m
[90m│[39m  [33mModule level directives cause errors when bundled, "use server" in[39m
[90m│[39m  [33m"src/modules/listings/actions/applyListingTransition.ts" was ignored.[39m
[90m│[39m
[33m▲[39m  [43mVite[49m [33mnode_modules/@base-ui/react/esm/internals/useBaseUiId.js (1:0):[39m
[90m│[39m  [33mModule level directives cause errors when bundled, "use client" in[39m
[90m│[39m  [33m"node_modules/@base-ui/react/esm/internals/useBaseUiId.js" was[39m
[90m│[39m  [33mignored.[39m
[90m│[39m
[33m▲[39m  [43mVite[49m [33mnode_modules/@base-ui/react/esm/dialog/root/useDialogRoot.js[39m
[90m│[39m  [33m(1:0): Module level directives cause errors when bundled, "use client"[39m
[90m│[39m  [33min "node_modules/@base-ui/react/esm/dialog/root/useDialogRoot.js" was[39m
[90m│[39m  [33mignored.[39m
[90m│[39m
[33m▲[39m  [43mVite[49m [33mnode_modules/@base-ui/utils/esm/useTimeout.js (1:0): Module level[39m
[90m│[39m  [33mdirectives cause errors when bundled, "use client" in[39m
[90m│[39m  [33m"node_modules/@base-ui/utils/esm/useTimeout.js" was ignored.[39m
[90m│[39m
[33m▲[39m  [43mVite[49m [33mnode_modules/@base-ui/react/esm/utils/useAnchorPositioning.js[39m
[90m│[39m  [33m(1:0): Module level directives cause errors when bundled, "use client"[39m
[90m│[39m  [33min "node_modules/@base-ui/react/esm/utils/useAnchorPositioning.js" was[39m
[90m│[39m  [33mignored.[39m
[90m│[39m
[33m▲[39m  [43mVite[49m
[90m│[39m  [33mnode_modules/@base-ui/react/esm/internals/composite/list/CompositeList.js[39m
[90m│[39m  [33m(2:0): Module level directives cause errors when bundled, "use client"[39m
[90m│[39m  [33min[39m
[90m│[39m  [33m"node_modules/@base-ui/react/esm/internals/composite/list/CompositeList.js"[39m
[90m│[39m  [33mwas ignored.[39m
[90m│[39m
[33m▲[39m  [43mVite[49m
[90m│[39m  [33mnode_modules/@base-ui/react/esm/internals/useAnimationsFinished.js[39m
[90m│[39m  [33m(1:0): Module level directives cause errors when bundled, "use client"[39m
[90m│[39m  [33min[39m
[90m│[39m  [33m"node_modules/@base-ui/react/esm/internals/useAnimationsFinished.js"[39m
[90m│[39m  [33mwas ignored.[39m
[90m│[39m
[33m▲[39m  [43mVite[49m [33mnode_modules/@base-ui/react/esm/utils/usePositioner.js (1:0):[39m
[90m│[39m  [33mModule level directives cause errors when bundled, "use client" in[39m
[90m│[39m  [33m"node_modules/@base-ui/react/esm/utils/usePositioner.js" was ignored.[39m
[90m│[39m
[33m▲[39m  [43mVite[49m
[90m│[39m  [33mnode_modules/@base-ui/react/esm/utils/useAnchoredPopupScrollLock.js[39m
[90m│[39m  [33m(1:0): Module level directives cause errors when bundled, "use client"[39m
[90m│[39m  [33min[39m
[90m│[39m  [33m"node_modules/@base-ui/react/esm/utils/useAnchoredPopupScrollLock.js"[39m
[90m│[39m  [33mwas ignored.[39m
[90m│[39m
[33m▲[39m  [43mVite[49m
[90m│[39m  [33mnode_modules/@base-ui/react/esm/internals/composite/item/CompositeItem.js[39m
[90m│[39m  [33m(1:0): Module level directives cause errors when bundled, "use client"[39m
[90m│[39m  [33min[39m
[90m│[39m  [33m"node_modules/@base-ui/react/esm/internals/composite/item/CompositeItem.js"[39m
[90m│[39m  [33mwas ignored.[39m
[90m│[39m
[33m▲[39m  [43mVite[49m [33mnode_modules/@base-ui/react/esm/menu/item/useMenuItem.js (1:0):[39m
[90m│[39m  [33mModule level directives cause errors when bundled, "use client" in[39m
[90m│[39m  [33m"node_modules/@base-ui/react/esm/menu/item/useMenuItem.js" was[39m
[90m│[39m  [33mignored.[39m
[90m│[39m
[33m▲[39m  [43mVite[49m
[90m│[39m  [33mnode_modules/@base-ui/react/esm/internals/composite/list/useCompositeListItem.js[39m
[90m│[39m  [33m(1:0): Module level directives cause errors when bundled, "use client"[39m
[90m│[39m  [33min[39m
[90m│[39m  [33m"node_modules/@base-ui/react/esm/internals/composite/list/useCompositeListItem.js"[39m
[90m│[39m  [33mwas ignored.[39m
[90m│[39m
[33m▲[39m  [43mVite[49m
[90m│[39m  [33mnode_modules/@base-ui/react/esm/menu/item/useMenuItemCommonProps.js[39m
[90m│[39m  [33m(1:0): Module level directives cause errors when bundled, "use client"[39m
[90m│[39m  [33min[39m
[90m│[39m  [33m"node_modules/@base-ui/react/esm/menu/item/useMenuItemCommonProps.js"[39m
[90m│[39m  [33mwas ignored.[39m
[90m│[39m
[33m▲[39m  [43mVite[49m
[90m│[39m  [33mnode_modules/@base-ui/react/esm/floating-ui-react/hooks/useHoverInteractionSharedState.js[39m
[90m│[39m  [33m(1:0): Module level directives cause errors when bundled, "use client"[39m
[90m│[39m  [33min[39m
[90m│[39m  [33m"node_modules/@base-ui/react/esm/floating-ui-react/hooks/useHoverInteractionSharedState.js"[39m
[90m│[39m  [33mwas ignored.[39m
[90m│[39m
[33m▲[39m  [43mVite[49m
[90m│[39m  [33mnode_modules/@base-ui/react/esm/checkbox/utils/useStateAttributesMapping.js[39m
[90m│[39m  [33m(1:0): Module level directives cause errors when bundled, "use client"[39m
[90m│[39m  [33min[39m
[90m│[39m  [33m"node_modules/@base-ui/react/esm/checkbox/utils/useStateAttributesMapping.js"[39m
[90m│[39m  [33mwas ignored.[39m
[90m│[39m
[33m▲[39m  [43mVite[49m
[90m│[39m  [33mnode_modules/@base-ui/react/esm/utils/popups/useTriggerFocusGuards.js[39m
[90m│[39m  [33m(1:0): Module level directives cause errors when bundled, "use client"[39m
[90m│[39m  [33min[39m
[90m│[39m  [33m"node_modules/@base-ui/react/esm/utils/popups/useTriggerFocusGuards.js"[39m
[90m│[39m  [33mwas ignored.[39m
[90m│[39m
[33m▲[39m  [43mVite[49m
[90m│[39m  [33mnode_modules/@base-ui/react/esm/utils/useMixedToggleClickHandler.js[39m
[90m│[39m  [33m(1:0): Module level directives cause errors when bundled, "use client"[39m
[90m│[39m  [33min[39m
[90m│[39m  [33m"node_modules/@base-ui/react/esm/utils/useMixedToggleClickHandler.js"[39m
[90m│[39m  [33mwas ignored.[39m
[90m│[39m
[33m▲[39m  [43mVite[49m [33mnode_modules/@base-ui/react/esm/utils/usePopupViewport.js (1:0):[39m
[90m│[39m  [33mModule level directives cause errors when bundled, "use client" in[39m
[90m│[39m  [33m"node_modules/@base-ui/react/esm/utils/usePopupViewport.js" was[39m
[90m│[39m  [33mignored.[39m
[90m│[39m
[33m▲[39m  [43mVite[49m
[90m│[39m  [33mnode_modules/@base-ui/react/esm/internals/composite/root/CompositeRoot.js[39m
[90m│[39m  [33m(1:0): Module level directives cause errors when bundled, "use client"[39m
[90m│[39m  [33min[39m
[90m│[39m  [33m"node_modules/@base-ui/react/esm/internals/composite/root/CompositeRoot.js"[39m
[90m│[39m  [33mwas ignored.[39m
[90m│[39m
[33m▲[39m  [43mVite[49m
[90m│[39m  [33mnode_modules/@base-ui/react/esm/internals/labelable-provider/useLabel.js[39m
[90m│[39m  [33m(1:0): Module level directives cause errors when bundled, "use client"[39m
[90m│[39m  [33min[39m
[90m│[39m  [33m"node_modules/@base-ui/react/esm/internals/labelable-provider/useLabel.js"[39m
[90m│[39m  [33mwas ignored.[39m
[90m│[39m
[33m▲[39m  [43mVite[49m [33mnode_modules/@base-ui/react/esm/utils/resolveAriaLabelledBy.js[39m
[90m│[39m  [33m(1:0): Module level directives cause errors when bundled, "use client"[39m
[90m│[39m  [33min "node_modules/@base-ui/react/esm/utils/resolveAriaLabelledBy.js"[39m
[90m│[39m  [33mwas ignored.[39m
[90m│[39m
[33m▲[39m  [43mVite[49m [33mnode_modules/@base-ui/utils/esm/useId.js (1:0): Module level[39m
[90m│[39m  [33mdirectives cause errors when bundled, "use client" in[39m
[90m│[39m  [33m"node_modules/@base-ui/utils/esm/useId.js" was ignored.[39m
[90m│[39m
[33m▲[39m  [43mVite[49m
[90m│[39m  [33mnode_modules/@base-ui/react/esm/internals/labelable-provider/useAriaLabelledBy.js[39m
[90m│[39m  [33m(1:0): Module level directives cause errors when bundled, "use client"[39m
[90m│[39m  [33min[39m
[90m│[39m  [33m"node_modules/@base-ui/react/esm/internals/labelable-provider/useAriaLabelledBy.js"[39m
[90m│[39m  [33mwas ignored.[39m
[90m│[39m
[33m▲[39m  [43mVite[49m
[90m│[39m  [33mnode_modules/@base-ui/react/esm/internals/composite/item/useCompositeItem.js[39m
[90m│[39m  [33m(1:0): Module level directives cause errors when bundled, "use client"[39m
[90m│[39m  [33min[39m
[90m│[39m  [33m"node_modules/@base-ui/react/esm/internals/composite/item/useCompositeItem.js"[39m
[90m│[39m  [33mwas ignored.[39m
[90m│[39m
[33m▲[39m  [43mVite[49m [33mnode_modules/@base-ui/react/esm/utils/useFocusableWhenDisabled.js[39m
[90m│[39m  [33m(1:0): Module level directives cause errors when bundled, "use client"[39m
[90m│[39m  [33min "node_modules/@base-ui/react/esm/utils/useFocusableWhenDisabled.js"[39m
[90m│[39m  [33mwas ignored.[39m
[90m│[39m
[33m▲[39m  [43mVite[49m [33mnode_modules/@base-ui/utils/esm/useForcedRerendering.js (1:0):[39m
[90m│[39m  [33mModule level directives cause errors when bundled, "use client" in[39m
[90m│[39m  [33m"node_modules/@base-ui/utils/esm/useForcedRerendering.js" was ignored.[39m
[90m│[39m
[33m▲[39m  [43mVite[49m
[90m│[39m  [33mnode_modules/@base-ui/react/esm/internals/form-context/FormContext.js[39m
[90m│[39m  [33m(1:0): Module level directives cause errors when bundled, "use client"[39m
[90m│[39m  [33min[39m
[90m│[39m  [33m"node_modules/@base-ui/react/esm/internals/form-context/FormContext.js"[39m
[90m│[39m  [33mwas ignored.[39m
[90m│[39m
[33m▲[39m  [43mVite[49m [33mnode_modules/@base-ui/react/esm/select/root/SelectRootContext.js[39m
[90m│[39m  [33m(1:0): Module level directives cause errors when bundled, "use client"[39m
[90m│[39m  [33min "node_modules/@base-ui/react/esm/select/root/SelectRootContext.js"[39m
[90m│[39m  [33mwas ignored.[39m
[90m│[39m
[33m▲[39m  [43mVite[49m [33mnode_modules/@base-ui/react/esm/menu/root/MenuRootContext.js[39m
[90m│[39m  [33m(1:0): Module level directives cause errors when bundled, "use client"[39m
[90m│[39m  [33min "node_modules/@base-ui/react/esm/menu/root/MenuRootContext.js" was[39m
[90m│[39m  [33mignored.[39m
[90m│[39m
[33m▲[39m  [43mVite[49m
[90m│[39m  [33mnode_modules/@base-ui/react/esm/popover/root/PopoverRootContext.js[39m
[90m│[39m  [33m(1:0): Module level directives cause errors when bundled, "use client"[39m
[90m│[39m  [33min[39m
[90m│[39m  [33m"node_modules/@base-ui/react/esm/popover/root/PopoverRootContext.js"[39m
[90m│[39m  [33mwas ignored.[39m
[90m│[39m
[33m▲[39m  [43mVite[49m [33mnode_modules/@base-ui/utils/esm/useStableCallback.js (1:0):[39m
[90m│[39m  [33mModule level directives cause errors when bundled, "use client" in[39m
[90m│[39m  [33m"node_modules/@base-ui/utils/esm/useStableCallback.js" was ignored.[39m
[90m│[39m
[33m▲[39m  [43mVite[49m
[90m│[39m  [33mnode_modules/@base-ui/react/esm/internals/field-root-context/FieldRootContext.js[39m
[90m│[39m  [33m(1:0): Module level directives cause errors when bundled, "use client"[39m
[90m│[39m  [33min[39m
[90m│[39m  [33m"node_modules/@base-ui/react/esm/internals/field-root-context/FieldRootContext.js"[39m
[90m│[39m  [33mwas ignored.[39m
[90m│[39m
[33m▲[39m  [43mVite[49m
[90m│[39m  [33mnode_modules/@base-ui/react/esm/menu/submenu-root/MenuSubmenuRootContext.js[39m
[90m│[39m  [33m(1:0): Module level directives cause errors when bundled, "use client"[39m
[90m│[39m  [33min[39m
[90m│[39m  [33m"node_modules/@base-ui/react/esm/menu/submenu-root/MenuSubmenuRootContext.js"[39m
[90m│[39m  [33mwas ignored.[39m
[90m│[39m
[33m▲[39m  [43mVite[49m [33msrc/modules/currency/hooks/useCurrencies.ts (1:0): Error when[39m
[90m│[39m  [33musing sourcemap for reporting an error: Can't resolve original[39m
[90m│[39m  [33mlocation of error.[39m
[90m│[39m
[33m▲[39m  [43mVite[49m [33msrc/modules/currency/hooks/useCurrencies.ts (1:0): Module level[39m
[90m│[39m  [33mdirectives cause errors when bundled, "use client" in[39m
[90m│[39m  [33m"src/modules/currency/hooks/useCurrencies.ts" was ignored.[39m
[90m│[39m
[33m▲[39m  [43mVite[49m
[90m│[39m  [33mnode_modules/@base-ui/react/esm/menu/checkbox-item/MenuCheckboxItemContext.js[39m
[90m│[39m  [33m(1:0): Module level directives cause errors when bundled, "use client"[39m
[90m│[39m  [33min[39m
[90m│[39m  [33m"node_modules/@base-ui/react/esm/menu/checkbox-item/MenuCheckboxItemContext.js"[39m
[90m│[39m  [33mwas ignored.[39m
[90m│[39m
[33m▲[39m  [43mVite[49m
[90m│[39m  [33mnode_modules/@base-ui/react/esm/navigation-menu/root/NavigationMenuRootContext.js[39m
[90m│[39m  [33m(1:0): Module level directives cause errors when bundled, "use client"[39m
[90m│[39m  [33min[39m
[90m│[39m  [33m"node_modules/@base-ui/react/esm/navigation-menu/root/NavigationMenuRootContext.js"[39m
[90m│[39m  [33mwas ignored.[39m
[90m│[39m
[33m▲[39m  [43mVite[49m
[90m│[39m  [33mnode_modules/@base-ui/react/esm/toolbar/root/ToolbarRootContext.js[39m
[90m│[39m  [33m(1:0): Module level directives cause errors when bundled, "use client"[39m
[90m│[39m  [33min[39m
[90m│[39m  [33m"node_modules/@base-ui/react/esm/toolbar/root/ToolbarRootContext.js"[39m
[90m│[39m  [33mwas ignored.[39m
[90m│[39m
[33m▲[39m  [43mVite[49m
[90m│[39m  [33mnode_modules/@base-ui/react/esm/checkbox-group/CheckboxGroupContext.js[39m
[90m│[39m  [33m(1:0): Module level directives cause errors when bundled, "use client"[39m
[90m│[39m  [33min[39m
[90m│[39m  [33m"node_modules/@base-ui/react/esm/checkbox-group/CheckboxGroupContext.js"[39m
[90m│[39m  [33mwas ignored.[39m
[90m│[39m
[33m▲[39m  [43mVite[49m [33mnode_modules/@base-ui/react/esm/tabs/list/TabsListContext.js[39m
[90m│[39m  [33m(1:0): Module level directives cause errors when bundled, "use client"[39m
[90m│[39m  [33min "node_modules/@base-ui/react/esm/tabs/list/TabsListContext.js" was[39m
[90m│[39m  [33mignored.[39m
[90m│[39m
[33m▲[39m  [43mVite[49m
[90m│[39m  [33mnode_modules/@base-ui/react/esm/select/portal/SelectPortalContext.js[39m
[90m│[39m  [33m(1:0): Module level directives cause errors when bundled, "use client"[39m
[90m│[39m  [33min[39m
[90m│[39m  [33m"node_modules/@base-ui/react/esm/select/portal/SelectPortalContext.js"[39m
[90m│[39m  [33mwas ignored.[39m
[90m│[39m
[33m▲[39m  [43mVite[49m
[90m│[39m  [33mnode_modules/@base-ui/react/esm/select/positioner/SelectPositionerContext.js[39m
[90m│[39m  [33m(1:0): Module level directives cause errors when bundled, "use client"[39m
[90m│[39m  [33min[39m
[90m│[39m  [33m"node_modules/@base-ui/react/esm/select/positioner/SelectPositionerContext.js"[39m
[90m│[39m  [33mwas ignored.[39m
[90m│[39m
[33m▲[39m  [43mVite[49m [33mnode_modules/@base-ui/react/esm/select/item/SelectItemContext.js[39m
[90m│[39m  [33m(1:0): Module level directives cause errors when bundled, "use client"[39m
[90m│[39m  [33min "node_modules/@base-ui/react/esm/select/item/SelectItemContext.js"[39m
[90m│[39m  [33mwas ignored.[39m
[90m│[39m
[33m▲[39m  [43mVite[49m
[90m│[39m  [33mnode_modules/@base-ui/react/esm/context-menu/root/ContextMenuRootContext.js[39m
[90m│[39m  [33m(1:0): Module level directives cause errors when bundled, "use client"[39m
[90m│[39m  [33min[39m
[90m│[39m  [33m"node_modules/@base-ui/react/esm/context-menu/root/ContextMenuRootContext.js"[39m
[90m│[39m  [33mwas ignored.[39m
[90m│[39m
[33m▲[39m  [43mVite[49m [33msrc/lib/performance/imageGuard.ts (1:0): Error when using[39m
[90m│[39m  [33msourcemap for reporting an error: Can't resolve original location of[39m
[90m│[39m  [33merror.[39m
[90m│[39m
[33m▲[39m  [43mVite[49m [33msrc/lib/performance/imageGuard.ts (1:0): Module level directives[39m
[90m│[39m  [33mcause errors when bundled, "use client" in[39m
[90m│[39m  [33m"src/lib/performance/imageGuard.ts" was ignored.[39m
[90m│[39m
[33m▲[39m  [43mVite[49m
[90m│[39m  [33mnode_modules/@base-ui/react/esm/internals/composite/root/CompositeRootContext.js[39m
[90m│[39m  [33m(1:0): Module level directives cause errors when bundled, "use client"[39m
[90m│[39m  [33min[39m
[90m│[39m  [33m"node_modules/@base-ui/react/esm/internals/composite/root/CompositeRootContext.js"[39m
[90m│[39m  [33mwas ignored.[39m
[90m│[39m
[33m▲[39m  [43mVite[49m [33mnode_modules/@base-ui/react/esm/csp-provider/CSPContext.js (1:0):[39m
[90m│[39m  [33mModule level directives cause errors when bundled, "use client" in[39m
[90m│[39m  [33m"node_modules/@base-ui/react/esm/csp-provider/CSPContext.js" was[39m
[90m│[39m  [33mignored.[39m
[90m│[39m
[33m▲[39m  [43mVite[49m [33mnode_modules/@base-ui/utils/esm/useAnimationFrame.js (1:0):[39m
[90m│[39m  [33mModule level directives cause errors when bundled, "use client" in[39m
[90m│[39m  [33m"node_modules/@base-ui/utils/esm/useAnimationFrame.js" was ignored.[39m
[90m│[39m
[33m▲[39m  [43mVite[49m
[90m│[39m  [33mnode_modules/@base-ui/react/esm/navigation-menu/portal/NavigationMenuPortalContext.js[39m
[90m│[39m  [33m(1:0): Module level directives cause errors when bundled, "use client"[39m
[90m│[39m  [33min[39m
[90m│[39m  [33m"node_modules/@base-ui/react/esm/navigation-menu/portal/NavigationMenuPortalContext.js"[39m
[90m│[39m  [33mwas ignored.[39m
[90m│[39m
[33m▲[39m  [43mVite[49m
[90m│[39m  [33mnode_modules/@base-ui/react/esm/checkbox/root/CheckboxRootContext.js[39m
[90m│[39m  [33m(1:0): Module level directives cause errors when bundled, "use client"[39m
[90m│[39m  [33min[39m
[90m│[39m  [33m"node_modules/@base-ui/react/esm/checkbox/root/CheckboxRootContext.js"[39m
[90m│[39m  [33mwas ignored.[39m
[90m│[39m
[33m▲[39m  [43mVite[49m
[90m│[39m  [33mnode_modules/@base-ui/react/esm/select/scroll-arrow/SelectScrollArrow.js[39m
[90m│[39m  [33m(1:0): Module level directives cause errors when bundled, "use client"[39m
[90m│[39m  [33min[39m
[90m│[39m  [33m"node_modules/@base-ui/react/esm/select/scroll-arrow/SelectScrollArrow.js"[39m
[90m│[39m  [33mwas ignored.[39m
[90m│[39m
[33m▲[39m  [43mVite[49m
[90m│[39m  [33mnode_modules/@base-ui/react/esm/menu/radio-group/MenuRadioGroupContext.js[39m
[90m│[39m  [33m(1:0): Module level directives cause errors when bundled, "use client"[39m
[90m│[39m  [33min[39m
[90m│[39m  [33m"node_modules/@base-ui/react/esm/menu/radio-group/MenuRadioGroupContext.js"[39m
[90m│[39m  [33mwas ignored.[39m
[90m│[39m
[33m▲[39m  [43mVite[49m [33mnode_modules/@base-ui/react/esm/menubar/MenubarContext.js (1:0):[39m
[90m│[39m  [33mModule level directives cause errors when bundled, "use client" in[39m
[90m│[39m  [33m"node_modules/@base-ui/react/esm/menubar/MenubarContext.js" was[39m
[90m│[39m  [33mignored.[39m
[90m│[39m
[33m▲[39m  [43mVite[49m [33mnode_modules/@base-ui/react/esm/tabs/root/TabsRootContext.js[39m
[90m│[39m  [33m(1:0): Module level directives cause errors when bundled, "use client"[39m
[90m│[39m  [33min "node_modules/@base-ui/react/esm/tabs/root/TabsRootContext.js" was[39m
[90m│[39m  [33mignored.[39m
[90m│[39m
[33m▲[39m  [43mVite[49m [33mnode_modules/@base-ui/react/esm/field/item/FieldItemContext.js[39m
[90m│[39m  [33m(1:0): Module level directives cause errors when bundled, "use client"[39m
[90m│[39m  [33min "node_modules/@base-ui/react/esm/field/item/FieldItemContext.js"[39m
[90m│[39m  [33mwas ignored.[39m
[90m│[39m
[33m▲[39m  [43mVite[49m [33mnode_modules/@base-ui/react/esm/utils/closePart.js (1:0): Module[39m
[90m│[39m  [33mlevel directives cause errors when bundled, "use client" in[39m
[90m│[39m  [33m"node_modules/@base-ui/react/esm/utils/closePart.js" was ignored.[39m
[90m│[39m
[33m▲[39m  [43mVite[49m
[90m│[39m  [33mnode_modules/@base-ui/react/esm/menu/positioner/MenuPositionerContext.js[39m
[90m│[39m  [33m(1:0): Module level directives cause errors when bundled, "use client"[39m
[90m│[39m  [33min[39m
[90m│[39m  [33m"node_modules/@base-ui/react/esm/menu/positioner/MenuPositionerContext.js"[39m
[90m│[39m  [33mwas ignored.[39m
[90m│[39m
[33m▲[39m  [43mVite[49m
[90m│[39m  [33mnode_modules/@base-ui/react/esm/navigation-menu/list/NavigationMenuDismissContext.js[39m
[90m│[39m  [33m(1:0): Module level directives cause errors when bundled, "use client"[39m
[90m│[39m  [33min[39m
[90m│[39m  [33m"node_modules/@base-ui/react/esm/navigation-menu/list/NavigationMenuDismissContext.js"[39m
[90m│[39m  [33mwas ignored.[39m
[90m│[39m
[33m▲[39m  [43mVite[49m
[90m│[39m  [33mnode_modules/@base-ui/react/esm/menu/radio-item/MenuRadioItemContext.js[39m
[90m│[39m  [33m(1:0): Module level directives cause errors when bundled, "use client"[39m
[90m│[39m  [33min[39m
[90m│[39m  [33m"node_modules/@base-ui/react/esm/menu/radio-item/MenuRadioItemContext.js"[39m
[90m│[39m  [33mwas ignored.[39m
[90m│[39m
[33m▲[39m  [43mVite[49m [33mnode_modules/@base-ui/react/esm/utils/FocusGuard.js (1:0): Module[39m
[90m│[39m  [33mlevel directives cause errors when bundled, "use client" in[39m
[90m│[39m  [33m"node_modules/@base-ui/react/esm/utils/FocusGuard.js" was ignored.[39m
[90m│[39m
[33m▲[39m  [43mVite[49m
[90m│[39m  [33mnode_modules/@base-ui/react/esm/popover/portal/PopoverPortalContext.js[39m
[90m│[39m  [33m(1:0): Module level directives cause errors when bundled, "use client"[39m
[90m│[39m  [33min[39m
[90m│[39m  [33m"node_modules/@base-ui/react/esm/popover/portal/PopoverPortalContext.js"[39m
[90m│[39m  [33mwas ignored.[39m
[90m│[39m
[33m▲[39m  [43mVite[49m
[90m│[39m  [33mnode_modules/@base-ui/react/esm/internals/labelable-provider/LabelableContext.js[39m
[90m│[39m  [33m(1:0): Module level directives cause errors when bundled, "use client"[39m
[90m│[39m  [33min[39m
[90m│[39m  [33m"node_modules/@base-ui/react/esm/internals/labelable-provider/LabelableContext.js"[39m
[90m│[39m  [33mwas ignored.[39m
[90m│[39m
[33m▲[39m  [43mVite[49m
[90m│[39m  [33mnode_modules/@base-ui/react/esm/internals/direction-context/DirectionContext.js[39m
[90m│[39m  [33m(1:0): Module level directives cause errors when bundled, "use client"[39m
[90m│[39m  [33min[39m
[90m│[39m  [33m"node_modules/@base-ui/react/esm/internals/direction-context/DirectionContext.js"[39m
[90m│[39m  [33mwas ignored.[39m
[90m│[39m
[33m▲[39m  [43mVite[49m
[90m│[39m  [33mnode_modules/@base-ui/react/esm/navigation-menu/positioner/NavigationMenuPositionerContext.js[39m
[90m│[39m  [33m(1:0): Module level directives cause errors when bundled, "use client"[39m
[90m│[39m  [33min[39m
[90m│[39m  [33m"node_modules/@base-ui/react/esm/navigation-menu/positioner/NavigationMenuPositionerContext.js"[39m
[90m│[39m  [33mwas ignored.[39m
[90m│[39m
[33m▲[39m  [43mVite[49m [33mnode_modules/@base-ui/react/esm/menu/portal/MenuPortalContext.js[39m
[90m│[39m  [33m(1:0): Module level directives cause errors when bundled, "use client"[39m
[90m│[39m  [33min "node_modules/@base-ui/react/esm/menu/portal/MenuPortalContext.js"[39m
[90m│[39m  [33mwas ignored.[39m
[90m│[39m
[33m▲[39m  [43mVite[49m
[90m│[39m  [33mnode_modules/@base-ui/react/esm/select/group/SelectGroupContext.js[39m
[90m│[39m  [33m(1:0): Module level directives cause errors when bundled, "use client"[39m
[90m│[39m  [33min[39m
[90m│[39m  [33m"node_modules/@base-ui/react/esm/select/group/SelectGroupContext.js"[39m
[90m│[39m  [33mwas ignored.[39m
[90m│[39m
[33m▲[39m  [43mVite[49m [33mnode_modules/@base-ui/react/esm/dialog/root/DialogRootContext.js[39m
[90m│[39m  [33m(1:0): Module level directives cause errors when bundled, "use client"[39m
[90m│[39m  [33min "node_modules/@base-ui/react/esm/dialog/root/DialogRootContext.js"[39m
[90m│[39m  [33mwas ignored.[39m
[90m│[39m
[33m▲[39m  [43mVite[49m
[90m│[39m  [33mnode_modules/@base-ui/react/esm/popover/positioner/PopoverPositionerContext.js[39m
[90m│[39m  [33m(1:0): Module level directives cause errors when bundled, "use client"[39m
[90m│[39m  [33min[39m
[90m│[39m  [33m"node_modules/@base-ui/react/esm/popover/positioner/PopoverPositionerContext.js"[39m
[90m│[39m  [33mwas ignored.[39m
[90m│[39m
[33m▲[39m  [43mVite[49m [33mnode_modules/@base-ui/react/esm/menu/group/MenuGroupContext.js[39m
[90m│[39m  [33m(1:0): Module level directives cause errors when bundled, "use client"[39m
[90m│[39m  [33min "node_modules/@base-ui/react/esm/menu/group/MenuGroupContext.js"[39m
[90m│[39m  [33mwas ignored.[39m
[90m│[39m
[33m▲[39m  [43mVite[49m
[90m│[39m  [33mnode_modules/@base-ui/react/esm/dialog/portal/DialogPortalContext.js[39m
[90m│[39m  [33m(1:0): Module level directives cause errors when bundled, "use client"[39m
[90m│[39m  [33min[39m
[90m│[39m  [33m"node_modules/@base-ui/react/esm/dialog/portal/DialogPortalContext.js"[39m
[90m│[39m  [33mwas ignored.[39m
[90m│[39m
[33m▲[39m  [43mVite[49m
[90m│[39m  [33mnode_modules/@base-ui/react/esm/navigation-menu/item/NavigationMenuItemContext.js[39m
[90m│[39m  [33m(1:0): Module level directives cause errors when bundled, "use client"[39m
[90m│[39m  [33min[39m
[90m│[39m  [33m"node_modules/@base-ui/react/esm/navigation-menu/item/NavigationMenuItemContext.js"[39m
[90m│[39m  [33mwas ignored.[39m
[90m│[39m
[33m▲[39m  [43mVite[49m [33mnode_modules/@base-ui/utils/esm/store/StoreInspector.js (1:0):[39m
[90m│[39m  [33mModule level directives cause errors when bundled, "use client" in[39m
[90m│[39m  [33m"node_modules/@base-ui/utils/esm/store/StoreInspector.js" was ignored.[39m
[90m│[39m
[33m▲[39m  [43mVite[49m
[90m│[39m  [33mnode_modules/@base-ui/react/esm/floating-ui-react/hooks/useClick.js[39m
[90m│[39m  [33m(1:0): Module level directives cause errors when bundled, "use client"[39m
[90m│[39m  [33min[39m
[90m│[39m  [33m"node_modules/@base-ui/react/esm/floating-ui-react/hooks/useClick.js"[39m
[90m│[39m  [33mwas ignored.[39m
[90m│[39m
[33m▲[39m  [43mVite[49m
[90m│[39m  [33mnode_modules/@base-ui/react/esm/floating-ui-react/hooks/useClientPoint.js[39m
[90m│[39m  [33m(1:0): Module level directives cause errors when bundled, "use client"[39m
[90m│[39m  [33min[39m
[90m│[39m  [33m"node_modules/@base-ui/react/esm/floating-ui-react/hooks/useClientPoint.js"[39m
[90m│[39m  [33mwas ignored.[39m
[90m│[39m
[33m▲[39m  [43mVite[49m
[90m│[39m  [33mnode_modules/@base-ui/react/esm/floating-ui-react/hooks/useDismiss.js[39m
[90m│[39m  [33m(1:0): Module level directives cause errors when bundled, "use client"[39m
[90m│[39m  [33min[39m
[90m│[39m  [33m"node_modules/@base-ui/react/esm/floating-ui-react/hooks/useDismiss.js"[39m
[90m│[39m  [33mwas ignored.[39m
[90m│[39m
[33m▲[39m  [43mVite[49m
[90m│[39m  [33mnode_modules/@base-ui/react/esm/floating-ui-react/hooks/useFloating.js[39m
[90m│[39m  [33m(1:0): Module level directives cause errors when bundled, "use client"[39m
[90m│[39m  [33min[39m
[90m│[39m  [33m"node_modules/@base-ui/react/esm/floating-ui-react/hooks/useFloating.js"[39m
[90m│[39m  [33mwas ignored.[39m
[90m│[39m
[33m▲[39m  [43mVite[49m
[90m│[39m  [33mnode_modules/@base-ui/react/esm/floating-ui-react/hooks/useSyncedFloatingRootContext.js[39m
[90m│[39m  [33m(1:0): Module level directives cause errors when bundled, "use client"[39m
[90m│[39m  [33min[39m
[90m│[39m  [33m"node_modules/@base-ui/react/esm/floating-ui-react/hooks/useSyncedFloatingRootContext.js"[39m
[90m│[39m  [33mwas ignored.[39m
[90m│[39m
[33m▲[39m  [43mVite[49m
[90m│[39m  [33mnode_modules/@base-ui/react/esm/floating-ui-react/hooks/useFocus.js[39m
[90m│[39m  [33m(1:0): Module level directives cause errors when bundled, "use client"[39m
[90m│[39m  [33min[39m
[90m│[39m  [33m"node_modules/@base-ui/react/esm/floating-ui-react/hooks/useFocus.js"[39m
[90m│[39m  [33mwas ignored.[39m
[90m│[39m
[33m▲[39m  [43mVite[49m
[90m│[39m  [33mnode_modules/@base-ui/react/esm/floating-ui-react/hooks/useHover.js[39m
[90m│[39m  [33m(1:0): Module level directives cause errors when bundled, "use client"[39m
[90m│[39m  [33min[39m
[90m│[39m  [33m"node_modules/@base-ui/react/esm/floating-ui-react/hooks/useHover.js"[39m
[90m│[39m  [33mwas ignored.[39m
[90m│[39m
[33m▲[39m  [43mVite[49m
[90m│[39m  [33mnode_modules/@base-ui/react/esm/floating-ui-react/hooks/useTypeahead.js[39m
[90m│[39m  [33m(1:0): Module level directives cause errors when bundled, "use client"[39m
[90m│[39m  [33min[39m
[90m│[39m  [33m"node_modules/@base-ui/react/esm/floating-ui-react/hooks/useTypeahead.js"[39m
[90m│[39m  [33mwas ignored.[39m
[90m│[39m
[33m▲[39m  [43mVite[49m [33mnode_modules/@base-ui/utils/esm/useEnhancedClickHandler.js (1:0):[39m
[90m│[39m  [33mModule level directives cause errors when bundled, "use client" in[39m
[90m│[39m  [33m"node_modules/@base-ui/utils/esm/useEnhancedClickHandler.js" was[39m
[90m│[39m  [33mignored.[39m
[90m│[39m
[33m▲[39m  [43mVite[49m
[90m│[39m  [33mnode_modules/@base-ui/react/esm/floating-ui-react/components/FloatingFocusManager.js[39m
[90m│[39m  [33m(1:0): Module level directives cause errors when bundled, "use client"[39m
[90m│[39m  [33min[39m
[90m│[39m  [33m"node_modules/@base-ui/react/esm/floating-ui-react/components/FloatingFocusManager.js"[39m
[90m│[39m  [33mwas ignored.[39m
[90m│[39m
[33m▲[39m  [43mVite[49m [33mnode_modules/@base-ui/react/esm/utils/popups/popupStoreUtils.js[39m
[90m│[39m  [33m(1:0): Module level directives cause errors when bundled, "use client"[39m
[90m│[39m  [33min "node_modules/@base-ui/react/esm/utils/popups/popupStoreUtils.js"[39m
[90m│[39m  [33mwas ignored.[39m
[90m│[39m
[33m▲[39m  [43mVite[49m [33mnode_modules/@base-ui/utils/esm/useOnMount.js (1:0): Module level[39m
[90m│[39m  [33mdirectives cause errors when bundled, "use client" in[39m
[90m│[39m  [33m"node_modules/@base-ui/utils/esm/useOnMount.js" was ignored.[39m
[90m│[39m
[33m▲[39m  [43mVite[49m
[90m│[39m  [33mnode_modules/@base-ui/react/esm/floating-ui-react/hooks/useHoverFloatingInteraction.js[39m
[90m│[39m  [33m(1:0): Module level directives cause errors when bundled, "use client"[39m
[90m│[39m  [33min[39m
[90m│[39m  [33m"node_modules/@base-ui/react/esm/floating-ui-react/hooks/useHoverFloatingInteraction.js"[39m
[90m│[39m  [33mwas ignored.[39m
[90m│[39m
[33m▲[39m  [43mVite[49m
[90m│[39m  [33mnode_modules/@base-ui/react/esm/floating-ui-react/hooks/useHoverReferenceInteraction.js[39m
[90m│[39m  [33m(1:0): Module level directives cause errors when bundled, "use client"[39m
[90m│[39m  [33min[39m
[90m│[39m  [33m"node_modules/@base-ui/react/esm/floating-ui-react/hooks/useHoverReferenceInteraction.js"[39m
[90m│[39m  [33mwas ignored.[39m
[90m│[39m
[33m▲[39m  [43mVite[49m
[90m│[39m  [33mnode_modules/@mantine/form/esm/get-input-on-change/get-input-on-change.mjs[39m
[90m│[39m  [33m(1:0): Module level directives cause errors when bundled, "use client"[39m
[90m│[39m  [33min[39m
[90m│[39m  [33m"node_modules/@mantine/form/esm/get-input-on-change/get-input-on-change.mjs"[39m
[90m│[39m  [33mwas ignored.[39m
[90m│[39m
[33m▲[39m  [43mVite[49m
[90m│[39m  [33mnode_modules/@mantine/form/esm/hooks/use-form-status/use-form-status.mjs[39m
[90m│[39m  [33m(1:0): Module level directives cause errors when bundled, "use client"[39m
[90m│[39m  [33min[39m
[90m│[39m  [33m"node_modules/@mantine/form/esm/hooks/use-form-status/use-form-status.mjs"[39m
[90m│[39m  [33mwas ignored.[39m
[90m│[39m
[33m▲[39m  [43mVite[49m
[90m│[39m  [33mnode_modules/@mantine/form/esm/hooks/use-form-errors/use-form-errors.mjs[39m
[90m│[39m  [33m(1:0): Module level directives cause errors when bundled, "use client"[39m
[90m│[39m  [33min[39m
[90m│[39m  [33m"node_modules/@mantine/form/esm/hooks/use-form-errors/use-form-errors.mjs"[39m
[90m│[39m  [33mwas ignored.[39m
[90m│[39m
[33m▲[39m  [43mVite[49m
[90m│[39m  [33mnode_modules/@mantine/form/esm/hooks/use-form-list/use-form-list.mjs[39m
[90m│[39m  [33m(1:0): Module level directives cause errors when bundled, "use client"[39m
[90m│[39m  [33min[39m
[90m│[39m  [33m"node_modules/@mantine/form/esm/hooks/use-form-list/use-form-list.mjs"[39m
[90m│[39m  [33mwas ignored.[39m
[90m│[39m
[33m▲[39m  [43mVite[49m [33mnode_modules/@mantine/form/esm/paths/get-data-path.mjs (1:0):[39m
[90m│[39m  [33mModule level directives cause errors when bundled, "use client" in[39m
[90m│[39m  [33m"node_modules/@mantine/form/esm/paths/get-data-path.mjs" was ignored.[39m
[90m│[39m
[33m▲[39m  [43mVite[49m
[90m│[39m  [33mnode_modules/@mantine/form/esm/hooks/use-form-watch/use-form-watch.mjs[39m
[90m│[39m  [33m(1:0): Module level directives cause errors when bundled, "use client"[39m
[90m│[39m  [33min[39m
[90m│[39m  [33m"node_modules/@mantine/form/esm/hooks/use-form-watch/use-form-watch.mjs"[39m
[90m│[39m  [33mwas ignored.[39m
[90m│[39m
[33m▲[39m  [43mVite[49m
[90m│[39m  [33mnode_modules/@mantine/form/esm/validate/should-validate-on-change.mjs[39m
[90m│[39m  [33m(1:0): Module level directives cause errors when bundled, "use client"[39m
[90m│[39m  [33min[39m
[90m│[39m  [33m"node_modules/@mantine/form/esm/validate/should-validate-on-change.mjs"[39m
[90m│[39m  [33mwas ignored.[39m
[90m│[39m
[33m▲[39m  [43mVite[49m
[90m│[39m  [33mnode_modules/@mantine/form/esm/hooks/use-form-values/use-form-values.mjs[39m
[90m│[39m  [33m(1:0): Module level directives cause errors when bundled, "use client"[39m
[90m│[39m  [33min[39m
[90m│[39m  [33m"node_modules/@mantine/form/esm/hooks/use-form-values/use-form-values.mjs"[39m
[90m│[39m  [33mwas ignored.[39m
[90m│[39m
[33m▲[39m  [43mVite[49m [33mnode_modules/@mantine/form/esm/paths/get-path.mjs (1:0): Module[39m
[90m│[39m  [33mlevel directives cause errors when bundled, "use client" in[39m
[90m│[39m  [33m"node_modules/@mantine/form/esm/paths/get-path.mjs" was ignored.[39m
[90m│[39m
[33m▲[39m  [43mVite[49m
[90m│[39m  [33mnode_modules/@mantine/form/esm/hooks/use-form-errors/filter-errors/filter-errors.mjs[39m
[90m│[39m  [33m(1:0): Module level directives cause errors when bundled, "use client"[39m
[90m│[39m  [33min[39m
[90m│[39m  [33m"node_modules/@mantine/form/esm/hooks/use-form-errors/filter-errors/filter-errors.mjs"[39m
[90m│[39m  [33mwas ignored.[39m
[90m│[39m
[33m▲[39m  [43mVite[49m [33mnode_modules/@mantine/form/esm/validate/validate-field-value.mjs[39m
[90m│[39m  [33m(1:0): Module level directives cause errors when bundled, "use client"[39m
[90m│[39m  [33min "node_modules/@mantine/form/esm/validate/validate-field-value.mjs"[39m
[90m│[39m  [33mwas ignored.[39m
[90m│[39m
[33m▲[39m  [43mVite[49m [33mnode_modules/@base-ui/utils/esm/useScrollLock.js (1:0): Module[39m
[90m│[39m  [33mlevel directives cause errors when bundled, "use client" in[39m
[90m│[39m  [33m"node_modules/@base-ui/utils/esm/useScrollLock.js" was ignored.[39m
[90m│[39m
[33m▲[39m  [43mVite[49m [33mnode_modules/@base-ui/react/esm/utils/useRegisteredLabelId.js[39m
[90m│[39m  [33m(1:0): Module level directives cause errors when bundled, "use client"[39m
[90m│[39m  [33min "node_modules/@base-ui/react/esm/utils/useRegisteredLabelId.js" was[39m
[90m│[39m  [33mignored.[39m
[90m│[39m
[33m▲[39m  [43mVite[49m
[90m│[39m  [33mnode_modules/@base-ui/react/esm/internals/composite/root/useCompositeRoot.js[39m
[90m│[39m  [33m(1:0): Module level directives cause errors when bundled, "use client"[39m
[90m│[39m  [33min[39m
[90m│[39m  [33m"node_modules/@base-ui/react/esm/internals/composite/root/useCompositeRoot.js"[39m
[90m│[39m  [33mwas ignored.[39m
[90m│[39m
[33m▲[39m  [43mVite[49m [33mnode_modules/@base-ui/react/esm/utils/usePopupAutoResize.js[39m
[90m│[39m  [33m(1:0): Module level directives cause errors when bundled, "use client"[39m
[90m│[39m  [33min "node_modules/@base-ui/react/esm/utils/usePopupAutoResize.js" was[39m
[90m│[39m  [33mignored.[39m
[90m│[39m
[33m▲[39m  [43mVite[49m [33mnode_modules/@base-ui/react/esm/field/control/FieldControl.js[39m
[90m│[39m  [33m(1:0): Module level directives cause errors when bundled, "use client"[39m
[90m│[39m  [33min "node_modules/@base-ui/react/esm/field/control/FieldControl.js" was[39m
[90m│[39m  [33mignored.[39m
[90m│[39m
[33m▲[39m  [43mVite[49m [33mnode_modules/@base-ui/react/esm/field/label/FieldLabel.js (1:0):[39m
[90m│[39m  [33mModule level directives cause errors when bundled, "use client" in[39m
[90m│[39m  [33m"node_modules/@base-ui/react/esm/field/label/FieldLabel.js" was[39m
[90m│[39m  [33mignored.[39m
[90m│[39m
[33m▲[39m  [43mVite[49m
[90m│[39m  [33mnode_modules/@base-ui/react/esm/floating-ui-react/components/FloatingDelayGroup.js[39m
[90m│[39m  [33m(1:0): Module level directives cause errors when bundled, "use client"[39m
[90m│[39m  [33min[39m
[90m│[39m  [33m"node_modules/@base-ui/react/esm/floating-ui-react/components/FloatingDelayGroup.js"[39m
[90m│[39m  [33mwas ignored.[39m
[90m│[39m
[33m▲[39m  [43mVite[49m
[90m│[39m  [33mnode_modules/@base-ui/react/esm/floating-ui-react/hooks/useFloatingRootContext.js[39m
[90m│[39m  [33m(1:0): Module level directives cause errors when bundled, "use client"[39m
[90m│[39m  [33min[39m
[90m│[39m  [33m"node_modules/@base-ui/react/esm/floating-ui-react/hooks/useFloatingRootContext.js"[39m
[90m│[39m  [33mwas ignored.[39m
[90m│[39m
[33m▲[39m  [43mVite[49m [33mnode_modules/@base-ui/react/esm/field/error/FieldError.js (1:0):[39m
[90m│[39m  [33mModule level directives cause errors when bundled, "use client" in[39m
[90m│[39m  [33m"node_modules/@base-ui/react/esm/field/error/FieldError.js" was[39m
[90m│[39m  [33mignored.[39m
[90m│[39m
[33m▲[39m  [43mVite[49m
[90m│[39m  [33mnode_modules/@base-ui/react/esm/floating-ui-react/components/FloatingPortal.js[39m
[90m│[39m  [33m(1:0): Module level directives cause errors when bundled, "use client"[39m
[90m│[39m  [33min[39m
[90m│[39m  [33m"node_modules/@base-ui/react/esm/floating-ui-react/components/FloatingPortal.js"[39m
[90m│[39m  [33mwas ignored.[39m
[90m│[39m
[33m▲[39m  [43mVite[49m [33mnode_modules/@base-ui/react/esm/switch/root/SwitchRoot.js (1:0):[39m
[90m│[39m  [33mModule level directives cause errors when bundled, "use client" in[39m
[90m│[39m  [33m"node_modules/@base-ui/react/esm/switch/root/SwitchRoot.js" was[39m
[90m│[39m  [33mignored.[39m
[90m│[39m
[33m▲[39m  [43mVite[49m
[90m│[39m  [33mnode_modules/@base-ui/react/esm/field/description/FieldDescription.js[39m
[90m│[39m  [33m(1:0): Module level directives cause errors when bundled, "use client"[39m
[90m│[39m  [33min[39m
[90m│[39m  [33m"node_modules/@base-ui/react/esm/field/description/FieldDescription.js"[39m
[90m│[39m  [33mwas ignored.[39m
[90m│[39m
[33m▲[39m  [43mVite[49m [33mnode_modules/@base-ui/react/esm/field/root/FieldRoot.js (1:0):[39m
[90m│[39m  [33mModule level directives cause errors when bundled, "use client" in[39m
[90m│[39m  [33m"node_modules/@base-ui/react/esm/field/root/FieldRoot.js" was ignored.[39m
[90m│[39m
[33m▲[39m  [43mVite[49m
[90m│[39m  [33mnode_modules/@base-ui/react/esm/floating-ui-react/hooks/useListNavigation.js[39m
[90m│[39m  [33m(1:0): Module level directives cause errors when bundled, "use client"[39m
[90m│[39m  [33min[39m
[90m│[39m  [33m"node_modules/@base-ui/react/esm/floating-ui-react/hooks/useListNavigation.js"[39m
[90m│[39m  [33mwas ignored.[39m
[90m│[39m
[33m▲[39m  [43mVite[49m [33mnode_modules/@base-ui/react/esm/field/validity/FieldValidity.js[39m
[90m│[39m  [33m(1:0): Module level directives cause errors when bundled, "use client"[39m
[90m│[39m  [33min "node_modules/@base-ui/react/esm/field/validity/FieldValidity.js"[39m
[90m│[39m  [33mwas ignored.[39m
[90m│[39m
[33m▲[39m  [43mVite[49m
[90m│[39m  [33mnode_modules/@base-ui/react/esm/floating-ui-react/components/FloatingTree.js[39m
[90m│[39m  [33m(1:0): Module level directives cause errors when bundled, "use client"[39m
[90m│[39m  [33min[39m
[90m│[39m  [33m"node_modules/@base-ui/react/esm/floating-ui-react/components/FloatingTree.js"[39m
[90m│[39m  [33mwas ignored.[39m
[90m│[39m
[33m▲[39m  [43mVite[49m [33mnode_modules/@base-ui/react/esm/field/item/FieldItem.js (1:0):[39m
[90m│[39m  [33mModule level directives cause errors when bundled, "use client" in[39m
[90m│[39m  [33m"node_modules/@base-ui/react/esm/field/item/FieldItem.js" was ignored.[39m
[90m│[39m
[33m▲[39m  [43mVite[49m [33mnode_modules/@base-ui/react/esm/switch/thumb/SwitchThumb.js[39m
[90m│[39m  [33m(1:0): Module level directives cause errors when bundled, "use client"[39m
[90m│[39m  [33min "node_modules/@base-ui/react/esm/switch/thumb/SwitchThumb.js" was[39m
[90m│[39m  [33mignored.[39m
[90m│[39m
[33m▲[39m  [43mVite[49m
[90m│[39m  [33mnode_modules/@base-ui/react/esm/internals/composite/list/CompositeListContext.js[39m
[90m│[39m  [33m(1:0): Module level directives cause errors when bundled, "use client"[39m
[90m│[39m  [33min[39m
[90m│[39m  [33m"node_modules/@base-ui/react/esm/internals/composite/list/CompositeListContext.js"[39m
[90m│[39m  [33mwas ignored.[39m
[90m│[39m
[33m▲[39m  [43mVite[49m [33mnode_modules/@base-ui/utils/esm/store/ReactStore.js (1:0): Module[39m
[90m│[39m  [33mlevel directives cause errors when bundled, "use client" in[39m
[90m│[39m  [33m"node_modules/@base-ui/utils/esm/store/ReactStore.js" was ignored.[39m
[90m│[39m
[33m▲[39m  [43mVite[49m [33msrc/modules/listings/components/form/AreaPairField.tsx (1:0):[39m
[90m│[39m  [33mError when using sourcemap for reporting an error: Can't resolve[39m
[90m│[39m  [33moriginal location of error.[39m
[90m│[39m
[33m▲[39m  [43mVite[49m [33msrc/modules/listings/components/form/AreaPairField.tsx (1:0):[39m
[90m│[39m  [33mModule level directives cause errors when bundled, "use client" in[39m
[90m│[39m  [33m"src/modules/listings/components/form/AreaPairField.tsx" was ignored.[39m
[90m│[39m
[33m▲[39m  [43mVite[49m [33msrc/modules/listings/components/form/BuildingFloorsField.tsx[39m
[90m│[39m  [33m(1:0): Error when using sourcemap for reporting an error: Can't[39m
[90m│[39m  [33mresolve original location of error.[39m
[90m│[39m
[33m▲[39m  [43mVite[49m [33msrc/modules/listings/components/form/BuildingFloorsField.tsx[39m
[90m│[39m  [33m(1:0): Module level directives cause errors when bundled, "use client"[39m
[90m│[39m  [33min "src/modules/listings/components/form/BuildingFloorsField.tsx" was[39m
[90m│[39m  [33mignored.[39m
[90m│[39m
[33m▲[39m  [43mVite[49m [33msrc/modules/listings/components/form/FloorGroupField.tsx (1:0):[39m
[90m│[39m  [33mError when using sourcemap for reporting an error: Can't resolve[39m
[90m│[39m  [33moriginal location of error.[39m
[90m│[39m
[33m▲[39m  [43mVite[49m [33msrc/modules/listings/components/form/FloorGroupField.tsx (1:0):[39m
[90m│[39m  [33mModule level directives cause errors when bundled, "use client" in[39m
[90m│[39m  [33m"src/modules/listings/components/form/FloorGroupField.tsx" was[39m
[90m│[39m  [33mignored.[39m
[90m│[39m
[33m▲[39m  [43mVite[49m [33msrc/modules/listings/components/form/EnumSelectorField.tsx (1:0):[39m
[90m│[39m  [33mError when using sourcemap for reporting an error: Can't resolve[39m
[90m│[39m  [33moriginal location of error.[39m
[90m│[39m
[33m▲[39m  [43mVite[49m [33msrc/modules/listings/components/form/EnumSelectorField.tsx (1:0):[39m
[90m│[39m  [33mModule level directives cause errors when bundled, "use client" in[39m
[90m│[39m  [33m"src/modules/listings/components/form/EnumSelectorField.tsx" was[39m
[90m│[39m  [33mignored.[39m
[90m│[39m
[33m▲[39m  [43mVite[49m [33msrc/modules/listings/actions/submitListingInquiry.ts (1:0): Error[39m
[90m│[39m  [33mwhen using sourcemap for reporting an error: Can't resolve original[39m
[90m│[39m  [33mlocation of error.[39m
[90m│[39m
[33m▲[39m  [43mVite[49m [33msrc/modules/listings/actions/submitListingInquiry.ts (1:0):[39m
[90m│[39m  [33mModule level directives cause errors when bundled, "use server" in[39m
[90m│[39m  [33m"src/modules/listings/actions/submitListingInquiry.ts" was ignored.[39m
[90m│[39m
[33m▲[39m  [43mVite[49m [33msrc/modules/listings/components/form/MultiToggleField.tsx (1:0):[39m
[90m│[39m  [33mError when using sourcemap for reporting an error: Can't resolve[39m
[90m│[39m  [33moriginal location of error.[39m
[90m│[39m
[33m▲[39m  [43mVite[49m [33msrc/modules/listings/components/form/MultiToggleField.tsx (1:0):[39m
[90m│[39m  [33mModule level directives cause errors when bundled, "use client" in[39m
[90m│[39m  [33m"src/modules/listings/components/form/MultiToggleField.tsx" was[39m
[90m│[39m  [33mignored.[39m
[90m│[39m
[33m▲[39m  [43mVite[49m [33msrc/modules/listings/components/form/RoomsSelectorField.tsx[39m
[90m│[39m  [33m(1:0): Error when using sourcemap for reporting an error: Can't[39m
[90m│[39m  [33mresolve original location of error.[39m
[90m│[39m
[33m▲[39m  [43mVite[49m [33msrc/modules/listings/components/form/RoomsSelectorField.tsx[39m
[90m│[39m  [33m(1:0): Module level directives cause errors when bundled, "use client"[39m
[90m│[39m  [33min "src/modules/listings/components/form/RoomsSelectorField.tsx" was[39m
[90m│[39m  [33mignored.[39m
[90m│[39m
[33m▲[39m  [43mVite[49m [33msrc/modules/listings/components/form/ButtonGroupField.tsx (1:0):[39m
[90m│[39m  [33mError when using sourcemap for reporting an error: Can't resolve[39m
[90m│[39m  [33moriginal location of error.[39m
[90m│[39m
[33m▲[39m  [43mVite[49m [33msrc/modules/listings/components/form/ButtonGroupField.tsx (1:0):[39m
[90m│[39m  [33mModule level directives cause errors when bundled, "use client" in[39m
[90m│[39m  [33m"src/modules/listings/components/form/ButtonGroupField.tsx" was[39m
[90m│[39m  [33mignored.[39m
[90m│[39m
[33m▲[39m  [43mVite[49m [33msrc/modules/listings/components/form/YearComboboxField.tsx (1:0):[39m
[90m│[39m  [33mError when using sourcemap for reporting an error: Can't resolve[39m
[90m│[39m  [33moriginal location of error.[39m
[90m│[39m
[33m▲[39m  [43mVite[49m [33msrc/modules/listings/components/form/YearComboboxField.tsx (1:0):[39m
[90m│[39m  [33mModule level directives cause errors when bundled, "use client" in[39m
[90m│[39m  [33m"src/modules/listings/components/form/YearComboboxField.tsx" was[39m
[90m│[39m  [33mignored.[39m
[90m│[39m
[33m▲[39m  [43mVite[49m [33mnode_modules/@mantine/form/esm/get-status/get-status.mjs (1:0):[39m
[90m│[39m  [33mModule level directives cause errors when bundled, "use client" in[39m
[90m│[39m  [33m"node_modules/@mantine/form/esm/get-status/get-status.mjs" was[39m
[90m│[39m  [33mignored.[39m
[90m│[39m
[33m▲[39m  [43mVite[49m [33mnode_modules/@mantine/form/esm/lists/reorder-errors.mjs (1:0):[39m
[90m│[39m  [33mModule level directives cause errors when bundled, "use client" in[39m
[90m│[39m  [33m"node_modules/@mantine/form/esm/lists/reorder-errors.mjs" was ignored.[39m
[90m│[39m
[33m▲[39m  [43mVite[49m [33mnode_modules/@mantine/form/esm/paths/reorder-path.mjs (1:0):[39m
[90m│[39m  [33mModule level directives cause errors when bundled, "use client" in[39m
[90m│[39m  [33m"node_modules/@mantine/form/esm/paths/reorder-path.mjs" was ignored.[39m
[90m│[39m
[33m▲[39m  [43mVite[49m [33mnode_modules/@mantine/form/esm/paths/remove-path.mjs (1:0):[39m
[90m│[39m  [33mModule level directives cause errors when bundled, "use client" in[39m
[90m│[39m  [33m"node_modules/@mantine/form/esm/paths/remove-path.mjs" was ignored.[39m
[90m│[39m
[33m▲[39m  [43mVite[49m [33mnode_modules/@mantine/form/esm/paths/insert-path.mjs (1:0):[39m
[90m│[39m  [33mModule level directives cause errors when bundled, "use client" in[39m
[90m│[39m  [33m"node_modules/@mantine/form/esm/paths/insert-path.mjs" was ignored.[39m
[90m│[39m
[33m▲[39m  [43mVite[49m [33mnode_modules/@mantine/form/esm/paths/replace-path.mjs (1:0):[39m
[90m│[39m  [33mModule level directives cause errors when bundled, "use client" in[39m
[90m│[39m  [33m"node_modules/@mantine/form/esm/paths/replace-path.mjs" was ignored.[39m
[90m│[39m
[33m▲[39m  [43mVite[49m [33mnode_modules/@mantine/form/esm/paths/set-path.mjs (1:0): Module[39m
[90m│[39m  [33mlevel directives cause errors when bundled, "use client" in[39m
[90m│[39m  [33m"node_modules/@mantine/form/esm/paths/set-path.mjs" was ignored.[39m
[90m│[39m
[33m▲[39m  [43mVite[49m [33mnode_modules/@mantine/form/esm/paths/get-splitted-path.mjs (1:0):[39m
[90m│[39m  [33mModule level directives cause errors when bundled, "use client" in[39m
[90m│[39m  [33m"node_modules/@mantine/form/esm/paths/get-splitted-path.mjs" was[39m
[90m│[39m  [33mignored.[39m
[90m│[39m
[33m▲[39m  [43mVite[49m [33mnode_modules/@mantine/form/esm/lists/clear-list-state.mjs (1:0):[39m
[90m│[39m  [33mModule level directives cause errors when bundled, "use client" in[39m
[90m│[39m  [33m"node_modules/@mantine/form/esm/lists/clear-list-state.mjs" was[39m
[90m│[39m  [33mignored.[39m
[90m│[39m
[33m▲[39m  [43mVite[49m [33mnode_modules/@mantine/form/esm/lists/change-error-indices.mjs[39m
[90m│[39m  [33m(1:0): Module level directives cause errors when bundled, "use client"[39m
[90m│[39m  [33min "node_modules/@mantine/form/esm/lists/change-error-indices.mjs" was[39m
[90m│[39m  [33mignored.[39m
[90m│[39m
[33m▲[39m  [43mVite[49m [33mnode_modules/@base-ui/react/esm/field/root/useFieldValidation.js[39m
[90m│[39m  [33m(1:0): Module level directives cause errors when bundled, "use client"[39m
[90m│[39m  [33min "node_modules/@base-ui/react/esm/field/root/useFieldValidation.js"[39m
[90m│[39m  [33mwas ignored.[39m
[90m│[39m
[33m▲[39m  [43mVite[49m
[90m│[39m  [33mnode_modules/@base-ui/react/esm/internals/field-register-control/useFieldControlRegistration.js[39m
[90m│[39m  [33m(1:0): Module level directives cause errors when bundled, "use client"[39m
[90m│[39m  [33min[39m
[90m│[39m  [33m"node_modules/@base-ui/react/esm/internals/field-register-control/useFieldControlRegistration.js"[39m
[90m│[39m  [33mwas ignored.[39m
[90m│[39m
[33m▲[39m  [43mVite[49m [33mnode_modules/@base-ui/react/esm/switch/root/SwitchRootContext.js[39m
[90m│[39m  [33m(1:0): Module level directives cause errors when bundled, "use client"[39m
[90m│[39m  [33min "node_modules/@base-ui/react/esm/switch/root/SwitchRootContext.js"[39m
[90m│[39m  [33mwas ignored.[39m
[90m│[39m
[33m▲[39m  [43mVite[49m
[90m│[39m  [33mnode_modules/@base-ui/react/esm/fieldset/root/FieldsetRootContext.js[39m
[90m│[39m  [33m(1:0): Module level directives cause errors when bundled, "use client"[39m
[90m│[39m  [33min[39m
[90m│[39m  [33m"node_modules/@base-ui/react/esm/fieldset/root/FieldsetRootContext.js"[39m
[90m│[39m  [33mwas ignored.[39m
[90m│[39m
[33m▲[39m  [43mVite[49m [33mnode_modules/@base-ui/react/esm/avatar/image/AvatarImage.js[39m
[90m│[39m  [33m(1:0): Module level directives cause errors when bundled, "use client"[39m
[90m│[39m  [33min "node_modules/@base-ui/react/esm/avatar/image/AvatarImage.js" was[39m
[90m│[39m  [33mignored.[39m
[90m│[39m
[33m▲[39m  [43mVite[49m
[90m│[39m  [33mnode_modules/@base-ui/react/esm/direction-provider/DirectionProvider.js[39m
[90m│[39m  [33m(1:0): Module level directives cause errors when bundled, "use client"[39m
[90m│[39m  [33min[39m
[90m│[39m  [33m"node_modules/@base-ui/react/esm/direction-provider/DirectionProvider.js"[39m
[90m│[39m  [33mwas ignored.[39m
[90m│[39m
[33m▲[39m  [43mVite[49m [33mnode_modules/@base-ui/react/esm/avatar/root/AvatarRoot.js (1:0):[39m
[90m│[39m  [33mModule level directives cause errors when bundled, "use client" in[39m
[90m│[39m  [33m"node_modules/@base-ui/react/esm/avatar/root/AvatarRoot.js" was[39m
[90m│[39m  [33mignored.[39m
[90m│[39m
[33m▲[39m  [43mVite[49m [33mnode_modules/@base-ui/react/esm/avatar/fallback/AvatarFallback.js[39m
[90m│[39m  [33m(1:0): Module level directives cause errors when bundled, "use client"[39m
[90m│[39m  [33min "node_modules/@base-ui/react/esm/avatar/fallback/AvatarFallback.js"[39m
[90m│[39m  [33mwas ignored.[39m
[90m│[39m
[33m▲[39m  [43mVite[49m
[90m│[39m  [33mnode_modules/@base-ui/react/esm/internals/labelable-provider/LabelableProvider.js[39m
[90m│[39m  [33m(1:0): Module level directives cause errors when bundled, "use client"[39m
[90m│[39m  [33min[39m
[90m│[39m  [33m"node_modules/@base-ui/react/esm/internals/labelable-provider/LabelableProvider.js"[39m
[90m│[39m  [33mwas ignored.[39m
[90m│[39m
[33m▲[39m  [43mVite[49m
[90m│[39m  [33mnode_modules/@base-ui/react/esm/avatar/image/useImageLoadingStatus.js[39m
[90m│[39m  [33m(1:0): Module level directives cause errors when bundled, "use client"[39m
[90m│[39m  [33min[39m
[90m│[39m  [33m"node_modules/@base-ui/react/esm/avatar/image/useImageLoadingStatus.js"[39m
[90m│[39m  [33mwas ignored.[39m
[90m│[39m
[33m▲[39m  [43mVite[49m [33mnode_modules/@base-ui/react/esm/avatar/root/AvatarRootContext.js[39m
[90m│[39m  [33m(1:0): Module level directives cause errors when bundled, "use client"[39m
[90m│[39m  [33min "node_modules/@base-ui/react/esm/avatar/root/AvatarRootContext.js"[39m
[90m│[39m  [33mwas ignored.[39m
[90m│[39m  [43mVite[49m [32m✓[39m 5770 modules transformed.
[90m│[39m  [43mVite[49m rendering chunks...
[90m│[39m
[33m▲[39m  [43mVite[49m [33m[plugin vite:reporter]
[90m│[39m  (!)
[90m│[39m  C:/Claude_Code_Projects/lero-al/src/modules/listings/lib/savedSearchCanonicalize.ts
[90m│[39m  is dynamically imported by
[90m│[39m  C:/Claude_Code_Projects/lero-al/src/modules/cabinet/actions/index.ts
[90m│[39m  but also statically imported by
[90m│[39m  C:/Claude_Code_Projects/lero-al/src/modules/listings/components/SaveSearchButton.tsx,
[90m│[39m  dynamic import will not move module into another chunk.
[90m│[39m  [39m
[90m│[39m  [43mVite[49m computing gzip size...
[90m│[39m  [43mVite[49m [2mstorybook-static/[22m[32miframe.html[39m[1m[2m[22m
[90m│[39m  [2m23.38 kB[22m[1m[22m[2m │ gzip:   7.10 kB[22m
[90m│[39m  [43mVite[49m [2mstorybook-static/[22m[35massets/NotificationBellView-NZOxNnwq.css[39m[1m[2m[22m
[90m│[39m  [2m0.07 kB[22m[1m[22m[2m │ gzip:   0.09 kB[22m
[90m│[39m  [43mVite[49m [2mstorybook-static/[22m[35massets/ListingsPageFrame-6S9-DLYz.css[39m[1m[2m[22m
[90m│[39m  [2m0.11 kB[22m[1m[22m[2m │ gzip:   0.12 kB[22m
[90m│[39m  [43mVite[49m [2mstorybook-static/[22m[35massets/LightboxView-BOp_tLBL.css[39m[1m[2m[22m
[90m│[39m  [2m0.17 kB[22m[1m[22m[2m │ gzip:   0.14 kB[22m
[90m│[39m  [43mVite[49m [2mstorybook-static/[22m[35massets/LocaleSwitcher-CpAej5y3.css[39m[1m[2m[22m
[90m│[39m  [2m0.18 kB[22m[1m[22m[2m │ gzip:   0.15 kB[22m
[90m│[39m  [43mVite[49m [2mstorybook-static/[22m[35massets/AdminUserAvatar-DJbjPlRL.css[39m[1m[2m[22m
[90m│[39m  [2m0.19 kB[22m[1m[22m[2m │ gzip:   0.14 kB[22m
[90m│[39m  [43mVite[49m [2mstorybook-static/[22m[35massets/SaveToCollectionButton-14Jsqep9.css[39m[1m[2m[22m
[90m│[39m  [2m0.23 kB[22m[1m[22m[2m │ gzip:   0.17 kB[22m
[90m│[39m  [43mVite[49m [2mstorybook-static/[22m[35massets/MantineHomeSection-Dt05W_zo.css[39m[1m[2m[22m
[90m│[39m  [2m0.30 kB[22m[1m[22m[2m │ gzip:   0.18 kB[22m
[90m│[39m  [43mVite[49m [2mstorybook-static/[22m[35massets/LatestListingsView-CUd800XV.css[39m[1m[2m[22m
[90m│[39m  [2m0.33 kB[22m[1m[22m[2m │ gzip:   0.22 kB[22m
[90m│[39m  [43mVite[49m [2mstorybook-static/[22m[35massets/ListingFormShellView-ubN6PSL8.css[39m[1m[2m[22m
[90m│[39m  [2m0.40 kB[22m[1m[22m[2m │ gzip:   0.18 kB[22m
[90m│[39m  [43mVite[49m [2mstorybook-static/[22m[35massets/MobileNavDrawer-DriUBQYw.css[39m[1m[2m[22m
[90m│[39m  [2m0.42 kB[22m[1m[22m[2m │ gzip:   0.25 kB[22m
[90m│[39m  [43mVite[49m [2mstorybook-static/[22m[35massets/FeaturedListingsView-DzSFFHPv.css[39m[1m[2m[22m
[90m│[39m  [2m0.44 kB[22m[1m[22m[2m │ gzip:   0.27 kB[22m
[90m│[39m  [43mVite[49m [2mstorybook-static/[22m[35massets/NotificationItem-Dfff_Yet.css[39m[1m[2m[22m
[90m│[39m  [2m0.45 kB[22m[1m[22m[2m │ gzip:   0.25 kB[22m
[90m│[39m  [43mVite[49m [2mstorybook-static/[22m[35massets/ListingGallery-C4AbFgTm.css[39m[1m[2m[22m
[90m│[39m  [2m0.73 kB[22m[1m[22m[2m │ gzip:   0.23 kB[22m
[90m│[39m  [43mVite[49m [2mstorybook-static/[22m[35massets/FavoriteButton-DYlzBDpI.css[39m[1m[2m[22m
[90m│[39m  [2m0.78 kB[22m[1m[22m[2m │ gzip:   0.28 kB[22m
[90m│[39m  [43mVite[49m [2mstorybook-static/[22m[35massets/ListingCard-D6r2r5WD.css[39m[1m[2m[22m
[90m│[39m  [2m1.08 kB[22m[1m[22m[2m │ gzip:   0.43 kB[22m
[90m│[39m  [43mVite[49m [2mstorybook-static/[22m[35massets/AppImage-CeLpzYgb.css[39m[1m[2m[22m
[90m│[39m  [2m1.11 kB[22m[1m[22m[2m │ gzip:   0.53 kB[22m
[90m│[39m  [43mVite[49m [2mstorybook-static/[22m[35massets/HeroSearch-DdrAV8DL.css[39m[1m[2m[22m
[90m│[39m  [2m1.11 kB[22m[1m[22m[2m │ gzip:   0.37 kB[22m
[90m│[39m  [43mVite[49m [2mstorybook-static/[22m[35massets/HeaderView-CqiCqkP4.css[39m[1m[2m[22m
[90m│[39m  [2m1.77 kB[22m[1m[22m[2m │ gzip:   0.62 kB[22m
[90m│[39m  [43mVite[49m [2mstorybook-static/[22m[35massets/PopularLocationsView-BtGjotlm.css[39m[1m[2m[22m
[90m│[39m  [2m1.79 kB[22m[1m[22m[2m │ gzip:   0.50 kB[22m
[90m│[39m  [43mVite[49m [2mstorybook-static/[22m[35massets/FooterView-C9jX3_Kd.css[39m[1m[2m[22m
[90m│[39m  [2m2.04 kB[22m[1m[22m[2m │ gzip:   0.59 kB[22m
[90m│[39m  [43mVite[49m [2mstorybook-static/[22m[35massets/MobileBottomNavView-dKSKsPEX.css[39m[1m[2m[22m
[90m│[39m  [2m2.32 kB[22m[1m[22m[2m │ gzip:   0.77 kB[22m
[90m│[39m  [43mVite[49m [2mstorybook-static/[22m[35massets/AuthSheet-xLLua6Tu.css[39m[1m[2m[22m
[90m│[39m  [2m2.63 kB[22m[1m[22m[2m │ gzip:   0.71 kB[22m
[90m│[39m  [43mVite[49m [2mstorybook-static/[22m[35massets/RangeDatePicker-xbKTcHbl.css[39m[1m[2m[22m
[90m│[39m  [2m6.29 kB[22m[1m[22m[2m │ gzip:   1.51 kB[22m
[90m│[39m  [43mVite[49m [2mstorybook-static/[22m[35massets/iframe-BeWoyTkG.css[39m[1m[2m[22m
[90m│[39m  [2m353.64 kB[22m[1m[22m[2m │ gzip:  52.51 kB[22m
[90m│[39m  [43mVite[49m [2mstorybook-static/[22m[36massets/typography-DgVg8aJb.js[39m[1m[2m[22m
[90m│[39m  [2m0.07 kB[22m[1m[22m[2m │ gzip:   0.08 kB[22m
[90m│[39m  [43mVite[49m [2mstorybook-static/[22m[36massets/get-auto-contrast-value-Da6zqqWm.js[39m[1m[2m[22m
[90m│[39m  [2m0.08 kB[22m[1m[22m[2m │ gzip:   0.09 kB[22m
[90m│[39m  [43mVite[49m [2mstorybook-static/[22m[36massets/get-env-uyVen0u2.js[39m[1m[2m[22m
[90m│[39m  [2m0.09 kB[22m[1m[22m[2m │ gzip:   0.11 kB[22m
[90m│[39m  [43mVite[49m [2mstorybook-static/[22m[36massets/routing-CZLtcx05.js[39m[1m[2m[22m
[90m│[39m  [2m0.09 kB[22m[1m[22m[2m │ gzip:   0.10 kB[22m
[90m│[39m  [43mVite[49m [2mstorybook-static/[22m[36massets/listingStatusLabel-f-vyNeb6.js[39m[1m[2m[22m
[90m│[39m  [2m0.16 kB[22m[1m[22m[2m │ gzip:   0.15 kB[22m
[90m│[39m  [43mVite[49m [2mstorybook-static/[22m[36massets/server-BYK2rEUj.js[39m[1m[2m[22m
[90m│[39m  [2m0.17 kB[22m[1m[22m[2m │ gzip:   0.16 kB[22m
[90m│[39m  [43mVite[49m [2mstorybook-static/[22m[36massets/DirectionContext-C68Mx5fy.js[39m[1m[2m[22m
[90m│[39m  [2m0.17 kB[22m[1m[22m[2m │ gzip:   0.15 kB[22m
[90m│[39m  [43mVite[49m [2mstorybook-static/[22m[36massets/index-C_hLADBD.js[39m[1m[2m[22m
[90m│[39m  [2m0.18 kB[22m[1m[22m[2m │ gzip:   0.16 kB[22m
[90m│[39m  [43mVite[49m [2mstorybook-static/[22m[36massets/crypto-CSD54fBE.js[39m[1m[2m[22m
[90m│[39m  [2m0.19 kB[22m[1m[22m[2m │ gzip:   0.17 kB[22m
[90m│[39m  [43mVite[49m [2mstorybook-static/[22m[36massets/visuallyHidden-COI6QeQH.js[39m[1m[2m[22m
[90m│[39m  [2m0.21 kB[22m[1m[22m[2m │ gzip:   0.18 kB[22m
[90m│[39m  [43mVite[49m [2mstorybook-static/[22m[36massets/useValueChanged-CFh_S_ah.js[39m[1m[2m[22m
[90m│[39m  [2m0.22 kB[22m[1m[22m[2m │ gzip:   0.19 kB[22m
[90m│[39m  [43mVite[49m [2mstorybook-static/[22m[36massets/useControlled-UznTzdIk.js[39m[1m[2m[22m
[90m│[39m  [2m0.23 kB[22m[1m[22m[2m │ gzip:   0.20 kB[22m
[90m│[39m  [43mVite[49m [2mstorybook-static/[22m[36massets/passwordRules-CYUcrpGI.js[39m[1m[2m[22m
[90m│[39m  [2m0.23 kB[22m[1m[22m[2m │ gzip:   0.19 kB[22m
[90m│[39m  [43mVite[49m [2mstorybook-static/[22m[36massets/use-uncontrolled-N2AD8nra.js[39m[1m[2m[22m
[90m│[39m  [2m0.24 kB[22m[1m[22m[2m │ gzip:   0.21 kB[22m
[90m│[39m  [43mVite[49m [2mstorybook-static/[22m[36massets/getEmptyRootContext-xKo_Qoto.js[39m[1m[2m[22m
[90m│[39m  [2m0.26 kB[22m[1m[22m[2m │ gzip:   0.21 kB[22m
[90m│[39m  [43mVite[49m [2mstorybook-static/[22m[36massets/browser-iG3EDxi0.js[39m[1m[2m[22m
[90m│[39m  [2m0.28 kB[22m[1m[22m[2m │ gzip:   0.20 kB[22m
[90m│[39m  [43mVite[49m [2mstorybook-static/[22m[36massets/FormContext-D1mBU51-.js[39m[1m[2m[22m
[90m│[39m  [2m0.28 kB[22m[1m[22m[2m │ gzip:   0.23 kB[22m
[90m│[39m  [43mVite[49m [2mstorybook-static/[22m[36massets/formatter-EIJCOSYU-DkOfTcou.js[39m[1m[2m[22m
[90m│[39m  [2m0.29 kB[22m[1m[22m[2m │ gzip:   0.23 kB[22m
[90m│[39m  [43mVite[49m [2mstorybook-static/[22m[36massets/skeleton-DkO6N_kH.js[39m[1m[2m[22m
[90m│[39m  [2m0.30 kB[22m[1m[22m[2m │ gzip:   0.24 kB[22m
[90m│[39m  [43mVite[49m [2mstorybook-static/[22m[36massets/toast-JTnafC4r.js[39m[1m[2m[22m
[90m│[39m  [2m0.30 kB[22m[1m[22m[2m │ gzip:   0.22 kB[22m
[90m│[39m  [43mVite[49m [2mstorybook-static/[22m[36massets/TextInput-B4j8ekkX.js[39m[1m[2m[22m
[90m│[39m  [2m0.30 kB[22m[1m[22m[2m │ gzip:   0.23 kB[22m
[90m│[39m  [43mVite[49m [2mstorybook-static/[22m[36massets/check-BMX4X0-r.js[39m[1m[2m[22m
[90m│[39m  [2m0.30 kB[22m[1m[22m[2m │ gzip:   0.25 kB[22m
[90m│[39m  [43mVite[49m [2mstorybook-static/[22m[36massets/circle-Bna5TDaD.js[39m[1m[2m[22m
[90m│[39m  [2m0.31 kB[22m[1m[22m[2m │ gzip:   0.24 kB[22m
[90m│[39m  [43mVite[49m [2mstorybook-static/[22m[36massets/chevron-down-Ba2pLp0A.js[39m[1m[2m[22m
[90m│[39m  [2m0.31 kB[22m[1m[22m[2m │ gzip:   0.25 kB[22m
[90m│[39m  [43mVite[49m [2mstorybook-static/[22m[36massets/chevron-up-BIxPPlpo.js[39m[1m[2m[22m
[90m│[39m  [2m0.31 kB[22m[1m[22m[2m │ gzip:   0.25 kB[22m
[90m│[39m  [43mVite[49m [2mstorybook-static/[22m[36massets/chevron-right-DSPbVuxg.js[39m[1m[2m[22m
[90m│[39m  [2m0.31 kB[22m[1m[22m[2m │ gzip:   0.25 kB[22m
[90m│[39m  [43mVite[49m [2mstorybook-static/[22m[36massets/loader-circle-LOY8YBax.js[39m[1m[2m[22m
[90m│[39m  [2m0.32 kB[22m[1m[22m[2m │ gzip:   0.26 kB[22m
[90m│[39m  [43mVite[49m [2mstorybook-static/[22m[36massets/plus-DOlXPFrE.js[39m[1m[2m[22m
[90m│[39m  [2m0.34 kB[22m[1m[22m[2m │ gzip:   0.26 kB[22m
[90m│[39m  [43mVite[49m [2mstorybook-static/[22m[36massets/x-F0ivyYLu.js[39m[1m[2m[22m
[90m│[39m  [2m0.34 kB[22m[1m[22m[2m │ gzip:   0.26 kB[22m
[90m│[39m  [43mVite[49m [2mstorybook-static/[22m[36massets/clock-CjMTbtOA.js[39m[1m[2m[22m
[90m│[39m  [2m0.35 kB[22m[1m[22m[2m │ gzip:   0.27 kB[22m
[90m│[39m  [43mVite[49m [2mstorybook-static/[22m[36massets/search-BbRBPD9a.js[39m[1m[2m[22m
[90m│[39m  [2m0.35 kB[22m[1m[22m[2m │ gzip:   0.28 kB[22m
[90m│[39m  [43mVite[49m [2mstorybook-static/[22m[36massets/circle-check-Dsve0Phg.js[39m[1m[2m[22m
[90m│[39m  [2m0.36 kB[22m[1m[22m[2m │ gzip:   0.28 kB[22m
[90m│[39m  [43mVite[49m [2mstorybook-static/[22m[36massets/menu-CE_Oj_xI.js[39m[1m[2m[22m
[90m│[39m  [2m0.37 kB[22m[1m[22m[2m │ gzip:   0.27 kB[22m
[90m│[39m  [43mVite[49m [2mstorybook-static/[22m[36massets/user-BmYcXdX0.js[39m[1m[2m[22m
[90m│[39m  [2m0.37 kB[22m[1m[22m[2m │ gzip:   0.29 kB[22m
[90m│[39m  [43mVite[49m [2mstorybook-static/[22m[36massets/AdminInput-8eJLWUJF.js[39m[1m[2m[22m
[90m│[39m  [2m0.38 kB[22m[1m[22m[2m │ gzip:   0.28 kB[22m
[90m│[39m  [43mVite[49m [2mstorybook-static/[22m[36massets/rotate-ccw-adIK-k5p.js[39m[1m[2m[22m
[90m│[39m  [2m0.38 kB[22m[1m[22m[2m │ gzip:   0.29 kB[22m
[90m│[39m  [43mVite[49m [2mstorybook-static/[22m[36massets/circle-x-CDDWwEP8.js[39m[1m[2m[22m
[90m│[39m  [2m0.39 kB[22m[1m[22m[2m │ gzip:   0.28 kB[22m
[90m│[39m  [43mVite[49m [2mstorybook-static/[22m[36massets/CompositeItem-Do2xTapN.js[39m[1m[2m[22m
[90m│[39m  [2m0.40 kB[22m[1m[22m[2m │ gzip:   0.28 kB[22m
[90m│[39m  [43mVite[49m [2mstorybook-static/[22m[36massets/mail-ny1omERT.js[39m[1m[2m[22m
[90m│[39m  [2m0.40 kB[22m[1m[22m[2m │ gzip:   0.31 kB[22m
[90m│[39m  [43mVite[49m [2mstorybook-static/[22m[36massets/log-out-BUK-zS-O.js[39m[1m[2m[22m
[90m│[39m  [2m0.41 kB[22m[1m[22m[2m │ gzip:   0.30 kB[22m
[90m│[39m  [43mVite[49m [2mstorybook-static/[22m[36massets/ellipsis-vertical-RJ2Ehky1.js[39m[1m[2m[22m
[90m│[39m  [2m0.41 kB[22m[1m[22m[2m │ gzip:   0.28 kB[22m
[90m│[39m  [43mVite[49m [2mstorybook-static/[22m[36massets/copy-CGxVBTil.js[39m[1m[2m[22m
[90m│[39m  [2m0.41 kB[22m[1m[22m[2m │ gzip:   0.31 kB[22m
[90m│[39m  [43mVite[49m [2mstorybook-static/[22m[36massets/maximize-2-VCF5PPtX.js[39m[1m[2m[22m
[90m│[39m  [2m0.42 kB[22m[1m[22m[2m │ gzip:   0.30 kB[22m
[90m│[39m  [43mVite[49m [2mstorybook-static/[22m[36massets/listingSemanticHelpers-Bf38nK5_.js[39m[1m[2m[22m
[90m│[39m  [2m0.43 kB[22m[1m[22m[2m │ gzip:   0.28 kB[22m
[90m│[39m  [43mVite[49m [2mstorybook-static/[22m[36massets/circle-alert-D7HzAqIP.js[39m[1m[2m[22m
[90m│[39m  [2m0.43 kB[22m[1m[22m[2m │ gzip:   0.30 kB[22m
[90m│[39m  [43mVite[49m [2mstorybook-static/[22m[36massets/external-link-V0qhoXzr.js[39m[1m[2m[22m
[90m│[39m  [2m0.43 kB[22m[1m[22m[2m │ gzip:   0.31 kB[22m
[90m│[39m  [43mVite[49m [2mstorybook-static/[22m[36massets/eye-DKS4QV-8.js[39m[1m[2m[22m
[90m│[39m  [2m0.43 kB[22m[1m[22m[2m │ gzip:   0.31 kB[22m
[90m│[39m  [43mVite[49m [2mstorybook-static/[22m[36massets/funnel-BgoqSj6B.js[39m[1m[2m[22m
[90m│[39m  [2m0.43 kB[22m[1m[22m[2m │ gzip:   0.32 kB[22m
[90m│[39m  [43mVite[49m [2mstorybook-static/[22m[36massets/Anchor-D-lOU7Lr.js[39m[1m[2m[22m
[90m│[39m  [2m0.43 kB[22m[1m[22m[2m │ gzip:   0.31 kB[22m
[90m│[39m  [43mVite[49m [2mstorybook-static/[22m[36massets/flag-CtRS2lks.js[39m[1m[2m[22m
[90m│[39m  [2m0.44 kB[22m[1m[22m[2m │ gzip:   0.32 kB[22m
[90m│[39m  [43mVite[49m [2mstorybook-static/[22m[36massets/heart-CHg95jOn.js[39m[1m[2m[22m
[90m│[39m  [2m0.44 kB[22m[1m[22m[2m │ gzip:   0.32 kB[22m
[90m│[39m  [43mVite[49m [2mstorybook-static/[22m[36massets/admin-B9imCNKW.js[39m[1m[2m[22m
[90m│[39m  [2m0.44 kB[22m[1m[22m[2m │ gzip:   0.34 kB[22m
[90m│[39m  [43mVite[49m [2mstorybook-static/[22m[36massets/pencil-BOCGeN3e.js[39m[1m[2m[22m
[90m│[39m  [2m0.46 kB[22m[1m[22m[2m │ gzip:   0.33 kB[22m
[90m│[39m  [43mVite[49m [2mstorybook-static/[22m[36massets/house-DooAcU4m.js[39m[1m[2m[22m
[90m│[39m  [2m0.46 kB[22m[1m[22m[2m │ gzip:   0.32 kB[22m
[90m│[39m  [43mVite[49m [2mstorybook-static/[22m[36massets/label-Bq1i0S_z.js[39m[1m[2m[22m
[90m│[39m  [2m0.47 kB[22m[1m[22m[2m │ gzip:   0.31 kB[22m
[90m│[39m  [43mVite[49m [2mstorybook-static/[22m[36massets/bell-DrSSSmEu.js[39m[1m[2m[22m
[90m│[39m  [2m0.47 kB[22m[1m[22m[2m │ gzip:   0.34 kB[22m
[90m│[39m  [43mVite[49m [2mstorybook-static/[22m[36massets/useAnchoredPopupScrollLock-BMX41QcW.js[39m[1m[2m[22m
[90m│[39m  [2m0.48 kB[22m[1m[22m[2m │ gzip:   0.34 kB[22m
[90m│[39m  [43mVite[49m [2mstorybook-static/[22m[36massets/blockCheck-DklMAhNG.js[39m[1m[2m[22m
[90m│[39m  [2m0.49 kB[22m[1m[22m[2m │ gzip:   0.30 kB[22m
[90m│[39m  [43mVite[49m [2mstorybook-static/[22m[36massets/shield-check-D2sMbIX_.js[39m[1m[2m[22m
[90m│[39m  [2m0.50 kB[22m[1m[22m[2m │ gzip:   0.36 kB[22m
[90m│[39m  [43mVite[49m [2mstorybook-static/[22m[36massets/phone-D-53wrEk.js[39m[1m[2m[22m
[90m│[39m  [2m0.51 kB[22m[1m[22m[2m │ gzip:   0.34 kB[22m
[90m│[39m  [43mVite[49m [2mstorybook-static/[22m[36massets/save-C-MGffM4.js[39m[1m[2m[22m
[90m│[39m  [2m0.51 kB[22m[1m[22m[2m │ gzip:   0.33 kB[22m
[90m│[39m  [43mVite[49m [2mstorybook-static/[22m[36massets/trash-2-D2VLguKe.js[39m[1m[2m[22m
[90m│[39m  [2m0.51 kB[22m[1m[22m[2m │ gzip:   0.32 kB[22m
[90m│[39m  [43mVite[49m [2mstorybook-static/[22m[36massets/camera-BVstfk-Q.js[39m[1m[2m[22m
[90m│[39m  [2m0.52 kB[22m[1m[22m[2m │ gzip:   0.36 kB[22m
[90m│[39m  [43mVite[49m [2mstorybook-static/[22m[36massets/layout-dashboard-Jj3izkO2.js[39m[1m[2m[22m
[90m│[39m  [2m0.53 kB[22m[1m[22m[2m │ gzip:   0.32 kB[22m
[90m│[39m  [43mVite[49m [2mstorybook-static/[22m[36massets/_storyI18n-CwpRs0JN.js[39m[1m[2m[22m
[90m│[39m  [2m0.54 kB[22m[1m[22m[2m │ gzip:   0.37 kB[22m
[90m│[39m  [43mVite[49m [2mstorybook-static/[22m[36massets/useIsoLayoutEffect-DDQkjLh-.js[39m[1m[2m[22m
[90m│[39m  [2m0.54 kB[22m[1m[22m[2m │ gzip:   0.36 kB[22m
[90m│[39m  [43mVite[49m [2mstorybook-static/[22m[36massets/image-plus-gUKoPM96.js[39m[1m[2m[22m
[90m│[39m  [2m0.55 kB[22m[1m[22m[2m │ gzip:   0.36 kB[22m
[90m│[39m  [43mVite[49m [2mstorybook-static/[22m[36massets/shadowDom-C9c9FBmU.js[39m[1m[2m[22m
[90m│[39m  [2m0.56 kB[22m[1m[22m[2m │ gzip:   0.33 kB[22m
[90m│[39m  [43mVite[49m [2mstorybook-static/[22m[36massets/building-2-DJ71Y_Ie.js[39m[1m[2m[22m
[90m│[39m  [2m0.57 kB[22m[1m[22m[2m │ gzip:   0.35 kB[22m
[90m│[39m  [43mVite[49m [2mstorybook-static/[22m[36massets/notificationVariants-CNFZKj0N.js[39m[1m[2m[22m
[90m│[39m  [2m0.58 kB[22m[1m[22m[2m │ gzip:   0.31 kB[22m
[90m│[39m  [43mVite[49m [2mstorybook-static/[22m[36massets/shield-off-CdSx0W44.js[39m[1m[2m[22m
[90m│[39m  [2m0.58 kB[22m[1m[22m[2m │ gzip:   0.39 kB[22m
[90m│[39m  [43mVite[49m [2mstorybook-static/[22m[36massets/useCompositeItem-BfXdAnDC.js[39m[1m[2m[22m
[90m│[39m  [2m0.59 kB[22m[1m[22m[2m │ gzip:   0.40 kB[22m
[90m│[39m  [43mVite[49m [2mstorybook-static/[22m[36massets/useAriaLabelledBy-Bdi51NNJ.js[39m[1m[2m[22m
[90m│[39m  [2m0.59 kB[22m[1m[22m[2m │ gzip:   0.40 kB[22m
[90m│[39m  [43mVite[49m [2mstorybook-static/[22m[36massets/index-hdwsiLj7.js[39m[1m[2m[22m
[90m│[39m  [2m0.60 kB[22m[1m[22m[2m │ gzip:   0.24 kB[22m
[90m│[39m  [43mVite[49m [2mstorybook-static/[22m[36massets/octagon-x-DaD1kT4-.js[39m[1m[2m[22m
[90m│[39m  [2m0.61 kB[22m[1m[22m[2m │ gzip:   0.37 kB[22m
[90m│[39m  [43mVite[49m [2mstorybook-static/[22m[36massets/sliders-horizontal-BmYeoU0K.js[39m[1m[2m[22m
[90m│[39m  [2m0.61 kB[22m[1m[22m[2m │ gzip:   0.35 kB[22m
[90m│[39m  [43mVite[49m [2mstorybook-static/[22m[36massets/permissions-BcpQbHEm.js[39m[1m[2m[22m
[90m│[39m  [2m0.61 kB[22m[1m[22m[2m │ gzip:   0.35 kB[22m
[90m│[39m  [43mVite[49m [2mstorybook-static/[22m[36massets/eye-off-QBBeol3T.js[39m[1m[2m[22m
[90m│[39m  [2m0.61 kB[22m[1m[22m[2m │ gzip:   0.38 kB[22m
[90m│[39m  [43mVite[49m [2mstorybook-static/[22m[36massets/mobile-bottom-sheet-tha1BKbV.js[39m[1m[2m[22m
[90m│[39m  [2m0.62 kB[22m[1m[22m[2m │ gzip:   0.31 kB[22m
[90m│[39m  [43mVite[49m [2mstorybook-static/[22m[36massets/RelativeTime-BoJdeLJU.js[39m[1m[2m[22m
[90m│[39m  [2m0.62 kB[22m[1m[22m[2m │ gzip:   0.41 kB[22m
[90m│[39m  [43mVite[49m [2mstorybook-static/[22m[36massets/star-CmZ7--sn.js[39m[1m[2m[22m
[90m│[39m  [2m0.66 kB[22m[1m[22m[2m │ gzip:   0.41 kB[22m
[90m│[39m  [43mVite[49m [2mstorybook-static/[22m[36massets/usePropertyTypes-Cs6I2NDh.js[39m[1m[2m[22m
[90m│[39m  [2m0.66 kB[22m[1m[22m[2m │ gzip:   0.43 kB[22m
[90m│[39m  [43mVite[49m [2mstorybook-static/[22m[36massets/Stack-DjRxRJrC.js[39m[1m[2m[22m
[90m│[39m  [2m0.66 kB[22m[1m[22m[2m │ gzip:   0.40 kB[22m
[90m│[39m  [43mVite[49m [2mstorybook-static/[22m[36massets/CheckIcon-Dih8ympK.js[39m[1m[2m[22m
[90m│[39m  [2m0.70 kB[22m[1m[22m[2m │ gzip:   0.42 kB[22m
[90m│[39m  [43mVite[49m [2mstorybook-static/[22m[36massets/toggle-right-CV-WWACg.js[39m[1m[2m[22m
[90m│[39m  [2m0.71 kB[22m[1m[22m[2m │ gzip:   0.33 kB[22m
[90m│[39m  [43mVite[49m [2mstorybook-static/[22m[36massets/AdminEditLayout-Dw8vhg5O.js[39m[1m[2m[22m
[90m│[39m  [2m0.74 kB[22m[1m[22m[2m │ gzip:   0.39 kB[22m
[90m│[39m  [43mVite[49m [2mstorybook-static/[22m[36massets/ListingsStatusTabs-CZE3xDHB.js[39m[1m[2m[22m
[90m│[39m  [2m0.77 kB[22m[1m[22m[2m │ gzip:   0.47 kB[22m
[90m│[39m  [43mVite[49m [2mstorybook-static/[22m[36massets/triangle-alert-PcF31We0.js[39m[1m[2m[22m
[90m│[39m  [2m0.78 kB[22m[1m[22m[2m │ gzip:   0.39 kB[22m
[90m│[39m  [43mVite[49m [2mstorybook-static/[22m[36massets/Skeleton-bhJwom_B.js[39m[1m[2m[22m
[90m│[39m  [2m0.79 kB[22m[1m[22m[2m │ gzip:   0.47 kB[22m
[90m│[39m  [43mVite[49m [2mstorybook-static/[22m[36massets/listingTransitionEngine-x4dQQOqM.js[39m[1m[2m[22m
[90m│[39m  [2m0.79 kB[22m[1m[22m[2m │ gzip:   0.42 kB[22m
[90m│[39m  [43mVite[49m [2mstorybook-static/[22m[36massets/index-BDr2GWnG.js[39m[1m[2m[22m
[90m│[39m  [2m0.80 kB[22m[1m[22m[2m │ gzip:   0.44 kB[22m
[90m│[39m  [43mVite[49m [2mstorybook-static/[22m[36massets/textarea-C4tZ6DZ7.js[39m[1m[2m[22m
[90m│[39m  [2m0.81 kB[22m[1m[22m[2m │ gzip:   0.45 kB[22m
[90m│[39m  [43mVite[49m [2mstorybook-static/[22m[36massets/mutations-Kwj6ydNQ.js[39m[1m[2m[22m
[90m│[39m  [2m0.84 kB[22m[1m[22m[2m │ gzip:   0.37 kB[22m
[90m│[39m  [43mVite[49m [2mstorybook-static/[22m[36massets/useLabelableId-CBAn5gu1.js[39m[1m[2m[22m
[90m│[39m  [2m0.85 kB[22m[1m[22m[2m │ gzip:   0.50 kB[22m
[90m│[39m  [43mVite[49m [2mstorybook-static/[22m[36massets/Divider-0EDFzIhh.js[39m[1m[2m[22m
[90m│[39m  [2m0.87 kB[22m[1m[22m[2m │ gzip:   0.51 kB[22m
[90m│[39m  [43mVite[49m [2mstorybook-static/[22m[36massets/ThemeIcon-CBvv7aOr.js[39m[1m[2m[22m
[90m│[39m  [2m0.87 kB[22m[1m[22m[2m │ gzip:   0.48 kB[22m
[90m│[39m  [43mVite[49m [2mstorybook-static/[22m[36massets/useTriggerFocusGuards-s2bTzSi-.js[39m[1m[2m[22m
[90m│[39m  [2m0.87 kB[22m[1m[22m[2m │ gzip:   0.49 kB[22m
[90m│[39m  [43mVite[49m [2mstorybook-static/[22m[36massets/index-D-Tsz_sv.js[39m[1m[2m[22m
[90m│[39m  [2m0.93 kB[22m[1m[22m[2m │ gzip:   0.56 kB[22m
[90m│[39m  [43mVite[49m [2mstorybook-static/[22m[36massets/bed-double-Dsfb4y5S.js[39m[1m[2m[22m
[90m│[39m  [2m0.93 kB[22m[1m[22m[2m │ gzip:   0.42 kB[22m
[90m│[39m  [43mVite[49m [2mstorybook-static/[22m[36massets/ListingsPagination-JjYVT7zK.js[39m[1m[2m[22m
[90m│[39m  [2m0.94 kB[22m[1m[22m[2m │ gzip:   0.54 kB[22m
[90m│[39m  [43mVite[49m [2mstorybook-static/[22m[36massets/visibility-CIN1vMwJ.js[39m[1m[2m[22m
[90m│[39m  [2m0.95 kB[22m[1m[22m[2m │ gzip:   0.33 kB[22m
[90m│[39m  [43mVite[49m [2mstorybook-static/[22m[36massets/createBaseUIEventDetails-d3A6Ftfz.js[39m[1m[2m[22m
[90m│[39m  [2m0.98 kB[22m[1m[22m[2m │ gzip:   0.60 kB[22m
[90m│[39m  [43mVite[49m [2mstorybook-static/[22m[36massets/Text-BUi0yrV8.js[39m[1m[2m[22m
[90m│[39m  [2m1.07 kB[22m[1m[22m[2m │ gzip:   0.61 kB[22m
[90m│[39m  [43mVite[49m [2mstorybook-static/[22m[36massets/AdminLocaleSwitcher-BtXPFaPl.js[39m[1m[2m[22m
[90m│[39m  [2m1.10 kB[22m[1m[22m[2m │ gzip:   0.69 kB[22m
[90m│[39m  [43mVite[49m [2mstorybook-static/[22m[36massets/Flex-1PYk0qnI.js[39m[1m[2m[22m
[90m│[39m  [2m1.13 kB[22m[1m[22m[2m │ gzip:   0.57 kB[22m
[90m│[39m  [43mVite[49m [2mstorybook-static/[22m[36massets/index-CAmCuiHO.js[39m[1m[2m[22m
[90m│[39m  [2m1.18 kB[22m[1m[22m[2m │ gzip:   0.65 kB[22m
[90m│[39m  [43mVite[49m [2mstorybook-static/[22m[36massets/NumInputField.stories-Cq0my-YZ.js[39m[1m[2m[22m
[90m│[39m  [2m1.18 kB[22m[1m[22m[2m │ gzip:   0.68 kB[22m
[90m│[39m  [43mVite[49m [2mstorybook-static/[22m[36massets/ListingsStatusTabs.stories-DfCaCef4.js[39m[1m[2m[22m
[90m│[39m  [2m1.19 kB[22m[1m[22m[2m │ gzip:   0.72 kB[22m
[90m│[39m  [43mVite[49m [2mstorybook-static/[22m[36massets/Card-DoJ79ZsR.js[39m[1m[2m[22m
[90m│[39m  [2m1.25 kB[22m[1m[22m[2m │ gzip:   0.66 kB[22m
[90m│[39m  [43mVite[49m [2mstorybook-static/[22m[36massets/InputBase-EEiK_hFP.js[39m[1m[2m[22m
[90m│[39m  [2m1.26 kB[22m[1m[22m[2m │ gzip:   0.54 kB[22m
[90m│[39m  [43mVite[49m [2mstorybook-static/[22m[36massets/preload-helper-Dp1pzeXC.js[39m[1m[2m[22m
[90m│[39m  [2m1.27 kB[22m[1m[22m[2m │ gzip:   0.73 kB[22m
[90m│[39m  [43mVite[49m [2mstorybook-static/[22m[36massets/AdminSearchInput-C2xNfim6.js[39m[1m[2m[22m
[90m│[39m  [2m1.30 kB[22m[1m[22m[2m │ gzip:   0.73 kB[22m
[90m│[39m  [43mVite[49m [2mstorybook-static/[22m[36massets/SimilarListingsView-C4u8UlJg.js[39m[1m[2m[22m
[90m│[39m  [2m1.41 kB[22m[1m[22m[2m │ gzip:   0.74 kB[22m
[90m│[39m  [43mVite[49m [2mstorybook-static/[22m[36massets/Title-3OsUvkse.js[39m[1m[2m[22m
[90m│[39m  [2m1.42 kB[22m[1m[22m[2m │ gzip:   0.68 kB[22m
[90m│[39m  [43mVite[49m [2mstorybook-static/[22m[36massets/create-scoped-keydown-handler-O-eo68DQ.js[39m[1m[2m[22m
[90m│[39m  [2m1.43 kB[22m[1m[22m[2m │ gzip:   0.59 kB[22m
[90m│[39m  [43mVite[49m [2mstorybook-static/[22m[36massets/cardListingData.fixture-Cwd0MipH.js[39m[1m[2m[22m
[90m│[39m  [2m1.44 kB[22m[1m[22m[2m │ gzip:   0.74 kB[22m
[90m│[39m  [43mVite[49m [2mstorybook-static/[22m[36massets/actions-Bd8H2olB.js[39m[1m[2m[22m
[90m│[39m  [2m1.47 kB[22m[1m[22m[2m │ gzip:   0.62 kB[22m
[90m│[39m  [43mVite[49m [2mstorybook-static/[22m[36massets/Badge-DdgFScAD.js[39m[1m[2m[22m
[90m│[39m  [2m1.47 kB[22m[1m[22m[2m │ gzip:   0.73 kB[22m
[90m│[39m  [43mVite[49m [2mstorybook-static/[22m[36massets/PasswordRequirementsHint-D5DPEOgd.js[39m[1m[2m[22m
[90m│[39m  [2m1.48 kB[22m[1m[22m[2m │ gzip:   0.74 kB[22m
[90m│[39m  [43mVite[49m [2mstorybook-static/[22m[36massets/InputsGroupFieldset-DqUgbHPk.js[39m[1m[2m[22m
[90m│[39m  [2m1.49 kB[22m[1m[22m[2m │ gzip:   0.76 kB[22m
[90m│[39m  [43mVite[49m [2mstorybook-static/[22m[36massets/PasswordInput-DyTx3MOG.js[39m[1m[2m[22m
[90m│[39m  [2m1.53 kB[22m[1m[22m[2m │ gzip:   0.80 kB[22m
[90m│[39m  [43mVite[49m [2mstorybook-static/[22m[36massets/HeaderActions-C9-LI8aS.js[39m[1m[2m[22m
[90m│[39m  [2m1.55 kB[22m[1m[22m[2m │ gzip:   0.73 kB[22m
[90m│[39m  [43mVite[49m [2mstorybook-static/[22m[36massets/MantineAddItemPanel-oyb8kPpB.js[39m[1m[2m[22m
[90m│[39m  [2m1.57 kB[22m[1m[22m[2m │ gzip:   0.89 kB[22m
[90m│[39m  [43mVite[49m [2mstorybook-static/[22m[36massets/PropertyTypeCombobox-ByKEn4uE.js[39m[1m[2m[22m
[90m│[39m  [2m1.60 kB[22m[1m[22m[2m │ gzip:   0.79 kB[22m
[90m│[39m  [43mVite[49m [2mstorybook-static/[22m[36massets/client-DaO64qAS.js[39m[1m[2m[22m
[90m│[39m  [2m1.64 kB[22m[1m[22m[2m │ gzip:   0.93 kB[22m
[90m│[39m  [43mVite[49m [2mstorybook-static/[22m[36massets/Alert-CCJGLJUw.js[39m[1m[2m[22m
[90m│[39m  [2m1.64 kB[22m[1m[22m[2m │ gzip:   0.84 kB[22m
[90m│[39m  [43mVite[49m [2mstorybook-static/[22m[36massets/Map-BlschTXw.js[39m[1m[2m[22m
[90m│[39m  [2m1.68 kB[22m[1m[22m[2m │ gzip:   0.87 kB[22m
[90m│[39m  [43mVite[49m [2mstorybook-static/[22m[36massets/LocaleSwitcher-BdU7pva5.js[39m[1m[2m[22m
[90m│[39m  [2m1.68 kB[22m[1m[22m[2m │ gzip:   0.86 kB[22m
[90m│[39m  [43mVite[49m [2mstorybook-static/[22m[36massets/NumInputField-Bkf5BzVN.js[39m[1m[2m[22m
[90m│[39m  [2m1.77 kB[22m[1m[22m[2m │ gzip:   0.80 kB[22m
[90m│[39m  [43mVite[49m [2mstorybook-static/[22m[36massets/Section-BlAF5JNe.js[39m[1m[2m[22m
[90m│[39m  [2m1.79 kB[22m[1m[22m[2m │ gzip:   0.66 kB[22m
[90m│[39m  [43mVite[49m [2mstorybook-static/[22m[36massets/useRegisterFieldControl-BiZPT96Z.js[39m[1m[2m[22m
[90m│[39m  [2m1.81 kB[22m[1m[22m[2m │ gzip:   0.88 kB[22m
[90m│[39m  [43mVite[49m [2mstorybook-static/[22m[36massets/badge-vPPDS8CB.js[39m[1m[2m[22m
[90m│[39m  [2m1.82 kB[22m[1m[22m[2m │ gzip:   0.78 kB[22m
[90m│[39m  [43mVite[49m [2mstorybook-static/[22m[36massets/AdminPageShell-B5oDIi69.js[39m[1m[2m[22m
[90m│[39m  [2m1.89 kB[22m[1m[22m[2m │ gzip:   0.80 kB[22m
[90m│[39m  [43mVite[49m [2mstorybook-static/[22m[36massets/ActiveFilterChips.stories-CqIHYk2T.js[39m[1m[2m[22m
[90m│[39m  [2m1.92 kB[22m[1m[22m[2m │ gzip:   1.03 kB[22m
[90m│[39m  [43mVite[49m [2mstorybook-static/[22m[36massets/Indicator-CGmxAlX7.js[39m[1m[2m[22m
[90m│[39m  [2m1.93 kB[22m[1m[22m[2m │ gzip:   0.85 kB[22m
[90m│[39m  [43mVite[49m [2mstorybook-static/[22m[36massets/LatestListingsView-R3hnYKdj.js[39m[1m[2m[22m
[90m│[39m  [2m1.97 kB[22m[1m[22m[2m │ gzip:   0.93 kB[22m
[90m│[39m  [43mVite[49m [2mstorybook-static/[22m[36massets/MantineHomeSection-PC2M4rw-.js[39m[1m[2m[22m
[90m│[39m  [2m2.01 kB[22m[1m[22m[2m │ gzip:   0.96 kB[22m
[90m│[39m  [43mVite[49m [2mstorybook-static/[22m[36massets/formatters-CizojPUE.js[39m[1m[2m[22m
[90m│[39m  [2m2.13 kB[22m[1m[22m[2m │ gzip:   0.95 kB[22m
[90m│[39m  [43mVite[49m [2mstorybook-static/[22m[36massets/MantineFilterSection-BKh6hR1V.js[39m[1m[2m[22m
[90m│[39m  [2m2.17 kB[22m[1m[22m[2m │ gzip:   1.20 kB[22m
[90m│[39m  [43mVite[49m [2mstorybook-static/[22m[36massets/useListingsUrlFilters-Cia6YpsL.js[39m[1m[2m[22m
[90m│[39m  [2m2.27 kB[22m[1m[22m[2m │ gzip:   1.09 kB[22m
[90m│[39m  [43mVite[49m [2mstorybook-static/[22m[36massets/useButton-CNSjLQMa.js[39m[1m[2m[22m
[90m│[39m  [2m2.31 kB[22m[1m[22m[2m │ gzip:   1.10 kB[22m
[90m│[39m  [43mVite[49m [2mstorybook-static/[22m[36massets/YearCombobox-C6y6p1qD.js[39m[1m[2m[22m
[90m│[39m  [2m2.51 kB[22m[1m[22m[2m │ gzip:   1.35 kB[22m
[90m│[39m  [43mVite[49m [2mstorybook-static/[22m[36massets/SimpleGrid-C8N7t3q0.js[39m[1m[2m[22m
[90m│[39m  [2m2.54 kB[22m[1m[22m[2m │ gzip:   1.04 kB[22m
[90m│[39m  [43mVite[49m [2mstorybook-static/[22m[36massets/createLucideIcon-C12aIuJz.js[39m[1m[2m[22m
[90m│[39m  [2m2.58 kB[22m[1m[22m[2m │ gzip:   0.89 kB[22m
[90m│[39m  [43mVite[49m [2mstorybook-static/[22m[36massets/ListingsFilterBar-CvrSf9t-.js[39m[1m[2m[22m
[90m│[39m  [2m2.72 kB[22m[1m[22m[2m │ gzip:   1.26 kB[22m
[90m│[39m  [43mVite[49m
[90m│[39m  [2mstorybook-static/[22m[36massets/PasswordRequirementsHint.stories-BMVCtJJQ.js[39m[1m[2m[22m
[90m│[39m  [2m2.80 kB[22m[1m[22m[2m │ gzip:   0.95 kB[22m
[90m│[39m  [43mVite[49m [2mstorybook-static/[22m[36massets/AddItemPanel.stories-D16LzVDi.js[39m[1m[2m[22m
[90m│[39m  [2m2.80 kB[22m[1m[22m[2m │ gzip:   1.35 kB[22m
[90m│[39m  [43mVite[49m [2mstorybook-static/[22m[36massets/CompositeList-DaY-wT2v.js[39m[1m[2m[22m
[90m│[39m  [2m2.81 kB[22m[1m[22m[2m │ gzip:   1.27 kB[22m
[90m│[39m  [43mVite[49m [2mstorybook-static/[22m[36massets/DialogDrawerPattern.stories-C5ttpUB9.js[39m[1m[2m[22m
[90m│[39m  [2m2.83 kB[22m[1m[22m[2m │ gzip:   1.40 kB[22m
[90m│[39m  [43mVite[49m [2mstorybook-static/[22m[36massets/PageHeaderWithActions.stories-D6HS4rvC.js[39m[1m[2m[22m
[90m│[39m  [2m2.86 kB[22m[1m[22m[2m │ gzip:   1.42 kB[22m
[90m│[39m  [43mVite[49m [2mstorybook-static/[22m[36massets/input-CSDUU2SY.js[39m[1m[2m[22m
[90m│[39m  [2m2.96 kB[22m[1m[22m[2m │ gzip:   1.47 kB[22m
[90m│[39m  [43mVite[49m
[90m│[39m  [2mstorybook-static/[22m[36massets/ResponsiveActionFooter.stories-CtufgTa_.js[39m[1m[2m[22m
[90m│[39m  [2m2.96 kB[22m[1m[22m[2m │ gzip:   1.50 kB[22m
[90m│[39m  [43mVite[49m [2mstorybook-static/[22m[36massets/_MantineStoryShell-BmAgyzD1.js[39m[1m[2m[22m
[90m│[39m  [2m2.99 kB[22m[1m[22m[2m │ gzip:   1.57 kB[22m
[90m│[39m  [43mVite[49m [2mstorybook-static/[22m[36massets/StatusChangeHistory-C_iyrfaw.js[39m[1m[2m[22m
[90m│[39m  [2m3.00 kB[22m[1m[22m[2m │ gzip:   1.08 kB[22m
[90m│[39m  [43mVite[49m [2mstorybook-static/[22m[36massets/FeaturedListingsView-odx1sZmM.js[39m[1m[2m[22m
[90m│[39m  [2m3.04 kB[22m[1m[22m[2m │ gzip:   1.32 kB[22m
[90m│[39m  [43mVite[49m [2mstorybook-static/[22m[36massets/ListingsPagination.stories-N_7ClKU7.js[39m[1m[2m[22m
[90m│[39m  [2m3.05 kB[22m[1m[22m[2m │ gzip:   1.06 kB[22m
[90m│[39m  [43mVite[49m [2mstorybook-static/[22m[36massets/Separator.stories-BxjedfFA.js[39m[1m[2m[22m
[90m│[39m  [2m3.06 kB[22m[1m[22m[2m │ gzip:   1.14 kB[22m
[90m│[39m  [43mVite[49m [2mstorybook-static/[22m[36massets/AppShellFoundation.stories-Bq-vYtAF.js[39m[1m[2m[22m
[90m│[39m  [2m3.06 kB[22m[1m[22m[2m │ gzip:   1.48 kB[22m
[90m│[39m  [43mVite[49m [2mstorybook-static/[22m[36massets/TwoColumnForm.stories-CHR0IS2L.js[39m[1m[2m[22m
[90m│[39m  [2m3.07 kB[22m[1m[22m[2m │ gzip:   1.46 kB[22m
[90m│[39m  [43mVite[49m [2mstorybook-static/[22m[36massets/FormSectionStack.stories-B6kWX8Cn.js[39m[1m[2m[22m
[90m│[39m  [2m3.12 kB[22m[1m[22m[2m │ gzip:   1.46 kB[22m
[90m│[39m  [43mVite[49m [2mstorybook-static/[22m[36massets/HowItWorksSteps.stories-P77Lprnu.js[39m[1m[2m[22m
[90m│[39m  [2m3.14 kB[22m[1m[22m[2m │ gzip:   1.52 kB[22m
[90m│[39m  [43mVite[49m [2mstorybook-static/[22m[36massets/NotificationPattern.stories-D2On2CVj.js[39m[1m[2m[22m
[90m│[39m  [2m3.17 kB[22m[1m[22m[2m │ gzip:   1.44 kB[22m
[90m│[39m  [43mVite[49m [2mstorybook-static/[22m[36massets/ActionIcon-Z6r-p2CM.js[39m[1m[2m[22m
[90m│[39m  [2m3.20 kB[22m[1m[22m[2m │ gzip:   1.21 kB[22m
[90m│[39m  [43mVite[49m [2mstorybook-static/[22m[36massets/index-CpA0wz8V.js[39m[1m[2m[22m
[90m│[39m  [2m3.28 kB[22m[1m[22m[2m │ gzip:   0.92 kB[22m
[90m│[39m  [43mVite[49m [2mstorybook-static/[22m[36massets/AdminMobileHeader.stories-BZDoZpPH.js[39m[1m[2m[22m
[90m│[39m  [2m3.30 kB[22m[1m[22m[2m │ gzip:   1.42 kB[22m
[90m│[39m  [43mVite[49m [2mstorybook-static/[22m[36massets/AdminUserAvatar.stories-CEIX2lGO.js[39m[1m[2m[22m
[90m│[39m  [2m3.33 kB[22m[1m[22m[2m │ gzip:   1.16 kB[22m
[90m│[39m  [43mVite[49m [2mstorybook-static/[22m[36massets/useTransitionStatus-DKqMoDlQ.js[39m[1m[2m[22m
[90m│[39m  [2m3.34 kB[22m[1m[22m[2m │ gzip:   1.46 kB[22m
[90m│[39m  [43mVite[49m
[90m│[39m  [2mstorybook-static/[22m[36massets/EmptyLoadingErrorState.stories-Be049pnD.js[39m[1m[2m[22m
[90m│[39m  [2m3.48 kB[22m[1m[22m[2m │ gzip:   1.51 kB[22m
[90m│[39m  [43mVite[49m [2mstorybook-static/[22m[36massets/UserMenu-DyqOKWvu.js[39m[1m[2m[22m
[90m│[39m  [2m3.49 kB[22m[1m[22m[2m │ gzip:   1.38 kB[22m
[90m│[39m  [43mVite[49m [2mstorybook-static/[22m[36massets/AdminCardList-CIr276qO.js[39m[1m[2m[22m
[90m│[39m  [2m3.53 kB[22m[1m[22m[2m │ gzip:   1.23 kB[22m
[90m│[39m  [43mVite[49m [2mstorybook-static/[22m[36massets/FilterSection.stories-BdXw8qUz.js[39m[1m[2m[22m
[90m│[39m  [2m3.59 kB[22m[1m[22m[2m │ gzip:   1.24 kB[22m
[90m│[39m  [43mVite[49m [2mstorybook-static/[22m[36massets/AuthFormPattern.stories-BNcg4js2.js[39m[1m[2m[22m
[90m│[39m  [2m3.66 kB[22m[1m[22m[2m │ gzip:   1.57 kB[22m
[90m│[39m  [43mVite[49m [2mstorybook-static/[22m[36massets/HeaderActions.stories-jNd9_Sfl.js[39m[1m[2m[22m
[90m│[39m  [2m3.74 kB[22m[1m[22m[2m │ gzip:   1.68 kB[22m
[90m│[39m  [43mVite[49m [2mstorybook-static/[22m[36massets/LightboxView-BOnR5e0J.js[39m[1m[2m[22m
[90m│[39m  [2m3.76 kB[22m[1m[22m[2m │ gzip:   1.41 kB[22m
[90m│[39m  [43mVite[49m [2mstorybook-static/[22m[36massets/skeleton.stories-DDALfRKj.js[39m[1m[2m[22m
[90m│[39m  [2m3.77 kB[22m[1m[22m[2m │ gzip:   1.04 kB[22m
[90m│[39m  [43mVite[49m [2mstorybook-static/[22m[36massets/Avatar-x8v4U0HZ.js[39m[1m[2m[22m
[90m│[39m  [2m3.81 kB[22m[1m[22m[2m │ gzip:   1.80 kB[22m
[90m│[39m  [43mVite[49m [2mstorybook-static/[22m[36massets/ListingGallery-DpXSELuE.js[39m[1m[2m[22m
[90m│[39m  [2m3.82 kB[22m[1m[22m[2m │ gzip:   1.67 kB[22m
[90m│[39m  [43mVite[49m [2mstorybook-static/[22m[36massets/ListingsFilterBar.stories-Dn1weUU_.js[39m[1m[2m[22m
[90m│[39m  [2m3.83 kB[22m[1m[22m[2m │ gzip:   1.89 kB[22m
[90m│[39m  [43mVite[49m [2mstorybook-static/[22m[36massets/Label.stories-DsKQI1dm.js[39m[1m[2m[22m
[90m│[39m  [2m3.85 kB[22m[1m[22m[2m │ gzip:   1.29 kB[22m
[90m│[39m  [43mVite[49m [2mstorybook-static/[22m[36massets/LightboxView.stories-Cjod4e1-.js[39m[1m[2m[22m
[90m│[39m  [2m3.86 kB[22m[1m[22m[2m │ gzip:   1.78 kB[22m
[90m│[39m  [43mVite[49m [2mstorybook-static/[22m[36massets/Textarea-CxwFOZxS.js[39m[1m[2m[22m
[90m│[39m  [2m3.89 kB[22m[1m[22m[2m │ gzip:   1.78 kB[22m
[90m│[39m  [43mVite[49m [2mstorybook-static/[22m[36massets/dialog-CMWGaPZW.js[39m[1m[2m[22m
[90m│[39m  [2m3.95 kB[22m[1m[22m[2m │ gzip:   1.33 kB[22m
[90m│[39m  [43mVite[49m [2mstorybook-static/[22m[36massets/NotificationItem-C-JABbFq.js[39m[1m[2m[22m
[90m│[39m  [2m3.98 kB[22m[1m[22m[2m │ gzip:   1.96 kB[22m
[90m│[39m  [43mVite[49m [2mstorybook-static/[22m[36massets/Notification.stories-B-kmWs2v.js[39m[1m[2m[22m
[90m│[39m  [2m4.00 kB[22m[1m[22m[2m │ gzip:   1.52 kB[22m
[90m│[39m  [43mVite[49m [2mstorybook-static/[22m[36massets/button-B_yJ7w8T.js[39m[1m[2m[22m
[90m│[39m  [2m4.06 kB[22m[1m[22m[2m │ gzip:   1.34 kB[22m
[90m│[39m  [43mVite[49m [2mstorybook-static/[22m[36massets/index-D7Eo9txd.js[39m[1m[2m[22m
[90m│[39m  [2m4.06 kB[22m[1m[22m[2m │ gzip:   1.71 kB[22m
[90m│[39m  [43mVite[49m [2mstorybook-static/[22m[36massets/Textarea.stories-BjXQAW2k.js[39m[1m[2m[22m
[90m│[39m  [2m4.11 kB[22m[1m[22m[2m │ gzip:   1.25 kB[22m
[90m│[39m  [43mVite[49m [2mstorybook-static/[22m[36massets/MobileNavDrawer-C2Q-g5hV.js[39m[1m[2m[22m
[90m│[39m  [2m4.11 kB[22m[1m[22m[2m │ gzip:   1.34 kB[22m
[90m│[39m  [43mVite[49m [2mstorybook-static/[22m[36massets/HomeSection.stories-KfMowAEt.js[39m[1m[2m[22m
[90m│[39m  [2m4.20 kB[22m[1m[22m[2m │ gzip:   1.29 kB[22m
[90m│[39m  [43mVite[49m [2mstorybook-static/[22m[36massets/sheet-Dt2mT1am.js[39m[1m[2m[22m
[90m│[39m  [2m4.26 kB[22m[1m[22m[2m │ gzip:   1.35 kB[22m
[90m│[39m  [43mVite[49m [2mstorybook-static/[22m[36massets/Modal.stories-c4n6qsIo.js[39m[1m[2m[22m
[90m│[39m  [2m4.26 kB[22m[1m[22m[2m │ gzip:   1.91 kB[22m
[90m│[39m  [43mVite[49m [2mstorybook-static/[22m[36massets/Tabs.stories-CY1Uo_Kt.js[39m[1m[2m[22m
[90m│[39m  [2m4.27 kB[22m[1m[22m[2m │ gzip:   1.41 kB[22m
[90m│[39m  [43mVite[49m [2mstorybook-static/[22m[36massets/CompositeRoot-Dyquqrtb.js[39m[1m[2m[22m
[90m│[39m  [2m4.35 kB[22m[1m[22m[2m │ gzip:   2.02 kB[22m
[90m│[39m  [43mVite[49m [2mstorybook-static/[22m[36massets/popover.stories-DLMBSqCp.js[39m[1m[2m[22m
[90m│[39m  [2m4.38 kB[22m[1m[22m[2m │ gzip:   1.57 kB[22m
[90m│[39m  [43mVite[49m [2mstorybook-static/[22m[36massets/useRenderElement-DUulZ68F.js[39m[1m[2m[22m
[90m│[39m  [2m4.41 kB[22m[1m[22m[2m │ gzip:   1.90 kB[22m
[90m│[39m  [43mVite[49m [2mstorybook-static/[22m[36massets/AdminLocaleSwitcher.stories-DTwLZNVn.js[39m[1m[2m[22m
[90m│[39m  [2m4.41 kB[22m[1m[22m[2m │ gzip:   1.92 kB[22m
[90m│[39m  [43mVite[49m [2mstorybook-static/[22m[36massets/Tabs-C7J732qc.js[39m[1m[2m[22m
[90m│[39m  [2m4.45 kB[22m[1m[22m[2m │ gzip:   1.86 kB[22m
[90m│[39m  [43mVite[49m [2mstorybook-static/[22m[36massets/MobileBottomNavView.stories-BDq1pNEo.js[39m[1m[2m[22m
[90m│[39m  [2m4.50 kB[22m[1m[22m[2m │ gzip:   1.72 kB[22m
[90m│[39m  [43mVite[49m [2mstorybook-static/[22m[36massets/dropdown-menu.stories-D7TDaxSh.js[39m[1m[2m[22m
[90m│[39m  [2m4.54 kB[22m[1m[22m[2m │ gzip:   1.61 kB[22m
[90m│[39m  [43mVite[49m [2mstorybook-static/[22m[36massets/Card.stories-DBRANtnY.js[39m[1m[2m[22m
[90m│[39m  [2m4.59 kB[22m[1m[22m[2m │ gzip:   1.27 kB[22m
[90m│[39m  [43mVite[49m [2mstorybook-static/[22m[36massets/LocaleSwitcher.stories-CThfm1JT.js[39m[1m[2m[22m
[90m│[39m  [2m4.70 kB[22m[1m[22m[2m │ gzip:   1.98 kB[22m
[90m│[39m  [43mVite[49m [2mstorybook-static/[22m[36massets/ListingsSortBar-DNNgXfEP.js[39m[1m[2m[22m
[90m│[39m  [2m4.71 kB[22m[1m[22m[2m │ gzip:   1.86 kB[22m
[90m│[39m  [43mVite[49m [2mstorybook-static/[22m[36massets/ListingsTab.stories-DU95HR9U.js[39m[1m[2m[22m
[90m│[39m  [2m4.73 kB[22m[1m[22m[2m │ gzip:   1.96 kB[22m
[90m│[39m  [43mVite[49m [2mstorybook-static/[22m[36massets/ActiveFilterChips-Da8X0TJc.js[39m[1m[2m[22m
[90m│[39m  [2m4.84 kB[22m[1m[22m[2m │ gzip:   1.66 kB[22m
[90m│[39m  [43mVite[49m [2mstorybook-static/[22m[36massets/RecentlyViewedGridView-BMDUqV5w.js[39m[1m[2m[22m
[90m│[39m  [2m4.85 kB[22m[1m[22m[2m │ gzip:   2.13 kB[22m
[90m│[39m  [43mVite[49m [2mstorybook-static/[22m[36massets/EmptyState.stories-CnRSu1Qy.js[39m[1m[2m[22m
[90m│[39m  [2m4.85 kB[22m[1m[22m[2m │ gzip:   1.48 kB[22m
[90m│[39m  [43mVite[49m [2mstorybook-static/[22m[36massets/FilterRoomsRow-yuecGQ1E.js[39m[1m[2m[22m
[90m│[39m  [2m4.90 kB[22m[1m[22m[2m │ gzip:   2.05 kB[22m
[90m│[39m  [43mVite[49m [2mstorybook-static/[22m[36massets/useRole-Btr9E_jJ.js[39m[1m[2m[22m
[90m│[39m  [2m4.92 kB[22m[1m[22m[2m │ gzip:   1.85 kB[22m
[90m│[39m  [43mVite[49m [2mstorybook-static/[22m[36massets/MobileNavDrawer.stories-CePesUcL.js[39m[1m[2m[22m
[90m│[39m  [2m4.93 kB[22m[1m[22m[2m │ gzip:   2.45 kB[22m
[90m│[39m  [43mVite[49m [2mstorybook-static/[22m[36massets/ScrollArea.stories-uhuUwhrb.js[39m[1m[2m[22m
[90m│[39m  [2m4.94 kB[22m[1m[22m[2m │ gzip:   1.77 kB[22m
[90m│[39m  [43mVite[49m [2mstorybook-static/[22m[36massets/CopyIdButton.stories-Z8h-YBkU.js[39m[1m[2m[22m
[90m│[39m  [2m4.95 kB[22m[1m[22m[2m │ gzip:   2.19 kB[22m
[90m│[39m  [43mVite[49m [2mstorybook-static/[22m[36massets/PhoneField.stories-CWBlFOvF.js[39m[1m[2m[22m
[90m│[39m  [2m4.96 kB[22m[1m[22m[2m │ gzip:   2.13 kB[22m
[90m│[39m  [43mVite[49m [2mstorybook-static/[22m[36massets/Drawer.stories-BooH3vmh.js[39m[1m[2m[22m
[90m│[39m  [2m4.97 kB[22m[1m[22m[2m │ gzip:   1.99 kB[22m
[90m│[39m  [43mVite[49m [2mstorybook-static/[22m[36massets/PasswordInput-8IdIHOqu.js[39m[1m[2m[22m
[90m│[39m  [2m5.00 kB[22m[1m[22m[2m │ gzip:   2.18 kB[22m
[90m│[39m  [43mVite[49m [2mstorybook-static/[22m[36massets/checkbox.stories-Bcbbt_J_.js[39m[1m[2m[22m
[90m│[39m  [2m5.04 kB[22m[1m[22m[2m │ gzip:   1.57 kB[22m
[90m│[39m  [43mVite[49m [2mstorybook-static/[22m[36massets/Skeleton.stories-ByCYRnP7.js[39m[1m[2m[22m
[90m│[39m  [2m5.05 kB[22m[1m[22m[2m │ gzip:   1.46 kB[22m
[90m│[39m  [43mVite[49m [2mstorybook-static/[22m[36massets/FiltersPanelShell.stories-pAjhReK7.js[39m[1m[2m[22m
[90m│[39m  [2m5.13 kB[22m[1m[22m[2m │ gzip:   2.50 kB[22m
[90m│[39m  [43mVite[49m [2mstorybook-static/[22m[36massets/NotificationItem.stories-Ch7Zw06B.js[39m[1m[2m[22m
[90m│[39m  [2m5.15 kB[22m[1m[22m[2m │ gzip:   2.00 kB[22m
[90m│[39m  [43mVite[49m [2mstorybook-static/[22m[36massets/Alert.stories-CPcRru1U.js[39m[1m[2m[22m
[90m│[39m  [2m5.16 kB[22m[1m[22m[2m │ gzip:   1.48 kB[22m
[90m│[39m  [43mVite[49m [2mstorybook-static/[22m[36massets/Table.stories-Bb9a3Oe-.js[39m[1m[2m[22m
[90m│[39m  [2m5.16 kB[22m[1m[22m[2m │ gzip:   2.19 kB[22m
[90m│[39m  [43mVite[49m [2mstorybook-static/[22m[36massets/LocationCombobox-DjeMUWsw.js[39m[1m[2m[22m
[90m│[39m  [2m5.18 kB[22m[1m[22m[2m │ gzip:   2.19 kB[22m
[90m│[39m  [43mVite[49m [2mstorybook-static/[22m[36massets/SegmentedControl.stories-Cvkcnzz4.js[39m[1m[2m[22m
[90m│[39m  [2m5.35 kB[22m[1m[22m[2m │ gzip:   1.92 kB[22m
[90m│[39m  [43mVite[49m [2mstorybook-static/[22m[36massets/Select.stories-Bmqvnagf.js[39m[1m[2m[22m
[90m│[39m  [2m5.39 kB[22m[1m[22m[2m │ gzip:   2.00 kB[22m
[90m│[39m  [43mVite[49m [2mstorybook-static/[22m[36massets/VerifiedPage.stories-BvdK0X84.js[39m[1m[2m[22m
[90m│[39m  [2m5.42 kB[22m[1m[22m[2m │ gzip:   1.56 kB[22m
[90m│[39m  [43mVite[49m
[90m│[39m  [2mstorybook-static/[22m[36massets/LocationComboboxSubPanel.stories-CvXAmiKA.js[39m[1m[2m[22m
[90m│[39m  [2m5.48 kB[22m[1m[22m[2m │ gzip:   2.48 kB[22m
[90m│[39m  [43mVite[49m [2mstorybook-static/[22m[36massets/ListingGalleryPattern.stories-BUZmgiTn.js[39m[1m[2m[22m
[90m│[39m  [2m5.60 kB[22m[1m[22m[2m │ gzip:   2.28 kB[22m
[90m│[39m  [43mVite[49m [2mstorybook-static/[22m[36massets/FavoriteButton-iR7t6ZXz.js[39m[1m[2m[22m
[90m│[39m  [2m5.62 kB[22m[1m[22m[2m │ gzip:   2.51 kB[22m
[90m│[39m  [43mVite[49m [2mstorybook-static/[22m[36massets/SimilarListings.stories-VBsoYO13.js[39m[1m[2m[22m
[90m│[39m  [2m5.69 kB[22m[1m[22m[2m │ gzip:   2.19 kB[22m
[90m│[39m  [43mVite[49m [2mstorybook-static/[22m[36massets/TextInput.stories-BkfkhlSV.js[39m[1m[2m[22m
[90m│[39m  [2m5.71 kB[22m[1m[22m[2m │ gzip:   1.47 kB[22m
[90m│[39m  [43mVite[49m [2mstorybook-static/[22m[36massets/badge.stories-C1ZufKtZ.js[39m[1m[2m[22m
[90m│[39m  [2m5.75 kB[22m[1m[22m[2m │ gzip:   1.40 kB[22m
[90m│[39m  [43mVite[49m [2mstorybook-static/[22m[36massets/UserMenu.stories-CLoJQV0I.js[39m[1m[2m[22m
[90m│[39m  [2m5.80 kB[22m[1m[22m[2m │ gzip:   2.58 kB[22m
[90m│[39m  [43mVite[49m [2mstorybook-static/[22m[36massets/filterEngine-Slid_nHp.js[39m[1m[2m[22m
[90m│[39m  [2m5.87 kB[22m[1m[22m[2m │ gzip:   2.31 kB[22m
[90m│[39m  [43mVite[49m [2mstorybook-static/[22m[36massets/AdminSurfacePattern.stories-D8bqCrhr.js[39m[1m[2m[22m
[90m│[39m  [2m5.88 kB[22m[1m[22m[2m │ gzip:   2.76 kB[22m
[90m│[39m  [43mVite[49m [2mstorybook-static/[22m[36massets/Containers.stories-DMBXfytF.js[39m[1m[2m[22m
[90m│[39m  [2m5.92 kB[22m[1m[22m[2m │ gzip:   1.46 kB[22m
[90m│[39m  [43mVite[49m [2mstorybook-static/[22m[36massets/propertyTypeSchema-BIt1KfNL.js[39m[1m[2m[22m
[90m│[39m  [2m5.95 kB[22m[1m[22m[2m │ gzip:   1.18 kB[22m
[90m│[39m  [43mVite[49m [2mstorybook-static/[22m[36massets/NavigationMenu.stories-DhgTh8bH.js[39m[1m[2m[22m
[90m│[39m  [2m6.02 kB[22m[1m[22m[2m │ gzip:   2.13 kB[22m
[90m│[39m  [43mVite[49m [2mstorybook-static/[22m[36massets/ListingsPageFrame.stories-DUa8IdYu.js[39m[1m[2m[22m
[90m│[39m  [2m6.18 kB[22m[1m[22m[2m │ gzip:   2.34 kB[22m
[90m│[39m  [43mVite[49m [2mstorybook-static/[22m[36massets/Popover.stories-BZBju76R.js[39m[1m[2m[22m
[90m│[39m  [2m6.28 kB[22m[1m[22m[2m │ gzip:   2.37 kB[22m
[90m│[39m  [43mVite[49m [2mstorybook-static/[22m[36massets/checkbox-DZogCvdz.js[39m[1m[2m[22m
[90m│[39m  [2m6.30 kB[22m[1m[22m[2m │ gzip:   2.86 kB[22m
[90m│[39m  [43mVite[49m [2mstorybook-static/[22m[36massets/SegmentedControl-BK16uhV3.js[39m[1m[2m[22m
[90m│[39m  [2m6.34 kB[22m[1m[22m[2m │ gzip:   2.63 kB[22m
[90m│[39m  [43mVite[49m [2mstorybook-static/[22m[36massets/ListingsSortBar.stories-QHdf8SQ9.js[39m[1m[2m[22m
[90m│[39m  [2m6.34 kB[22m[1m[22m[2m │ gzip:   2.09 kB[22m
[90m│[39m  [43mVite[49m [2mstorybook-static/[22m[36massets/FooterView.stories-BFujVZvt.js[39m[1m[2m[22m
[90m│[39m  [2m6.40 kB[22m[1m[22m[2m │ gzip:   2.42 kB[22m
[90m│[39m  [43mVite[49m [2mstorybook-static/[22m[36massets/PopularLocationsView.stories-C51Wx_9I.js[39m[1m[2m[22m
[90m│[39m  [2m6.67 kB[22m[1m[22m[2m │ gzip:   2.99 kB[22m
[90m│[39m  [43mVite[49m [2mstorybook-static/[22m[36massets/StatusChangeHistory.stories-uW-oa4sq.js[39m[1m[2m[22m
[90m│[39m  [2m6.73 kB[22m[1m[22m[2m │ gzip:   1.86 kB[22m
[90m│[39m  [43mVite[49m [2mstorybook-static/[22m[36massets/Avatar.stories-DBFiCy-c.js[39m[1m[2m[22m
[90m│[39m  [2m6.83 kB[22m[1m[22m[2m │ gzip:   1.66 kB[22m
[90m│[39m  [43mVite[49m [2mstorybook-static/[22m[36massets/ListingContactPattern.stories-CzBpyPx6.js[39m[1m[2m[22m
[90m│[39m  [2m6.90 kB[22m[1m[22m[2m │ gzip:   2.31 kB[22m
[90m│[39m  [43mVite[49m [2mstorybook-static/[22m[36massets/PasswordInput.stories-Czi5cdmr.js[39m[1m[2m[22m
[90m│[39m  [2m6.93 kB[22m[1m[22m[2m │ gzip:   1.99 kB[22m
[90m│[39m  [43mVite[49m [2mstorybook-static/[22m[36massets/PasswordInput.stories-x5wAF9-b.js[39m[1m[2m[22m
[90m│[39m  [2m6.96 kB[22m[1m[22m[2m │ gzip:   2.01 kB[22m
[90m│[39m  [43mVite[49m [2mstorybook-static/[22m[36massets/CountButton.stories-DXZfaUtu.js[39m[1m[2m[22m
[90m│[39m  [2m6.97 kB[22m[1m[22m[2m │ gzip:   2.26 kB[22m
[90m│[39m  [43mVite[49m [2mstorybook-static/[22m[36massets/PageShell.stories-BV0vnceD.js[39m[1m[2m[22m
[90m│[39m  [2m7.01 kB[22m[1m[22m[2m │ gzip:   1.70 kB[22m
[90m│[39m  [43mVite[49m [2mstorybook-static/[22m[36massets/StatusChangeControl-CSqyTO1r.js[39m[1m[2m[22m
[90m│[39m  [2m7.22 kB[22m[1m[22m[2m │ gzip:   2.27 kB[22m
[90m│[39m  [43mVite[49m [2mstorybook-static/[22m[36massets/Pagination.stories-BON0DS60.js[39m[1m[2m[22m
[90m│[39m  [2m7.23 kB[22m[1m[22m[2m │ gzip:   2.10 kB[22m
[90m│[39m  [43mVite[49m [2mstorybook-static/[22m[36massets/HomepageListingGrids.stories-C4nR4yX2.js[39m[1m[2m[22m
[90m│[39m  [2m7.49 kB[22m[1m[22m[2m │ gzip:   2.91 kB[22m
[90m│[39m  [43mVite[49m [2mstorybook-static/[22m[36massets/SaveToCollectionButton-CHRMMC4G.js[39m[1m[2m[22m
[90m│[39m  [2m7.72 kB[22m[1m[22m[2m │ gzip:   2.95 kB[22m
[90m│[39m  [43mVite[49m [2mstorybook-static/[22m[36massets/Badge.stories-gt5keGnd.js[39m[1m[2m[22m
[90m│[39m  [2m7.78 kB[22m[1m[22m[2m │ gzip:   1.89 kB[22m
[90m│[39m  [43mVite[49m [2mstorybook-static/[22m[36massets/Combobox.stories-k8IQErSG.js[39m[1m[2m[22m
[90m│[39m  [2m7.84 kB[22m[1m[22m[2m │ gzip:   1.84 kB[22m
[90m│[39m  [43mVite[49m [2mstorybook-static/[22m[36massets/ListingsActionRow.stories-XDTd3QjO.js[39m[1m[2m[22m
[90m│[39m  [2m7.99 kB[22m[1m[22m[2m │ gzip:   3.77 kB[22m
[90m│[39m  [43mVite[49m [2mstorybook-static/[22m[36massets/inertValue-DhKkhcZW.js[39m[1m[2m[22m
[90m│[39m  [2m8.03 kB[22m[1m[22m[2m │ gzip:   3.23 kB[22m
[90m│[39m  [43mVite[49m [2mstorybook-static/[22m[36massets/Switch.stories-DItZPFk7.js[39m[1m[2m[22m
[90m│[39m  [2m8.09 kB[22m[1m[22m[2m │ gzip:   2.62 kB[22m
[90m│[39m  [43mVite[49m [2mstorybook-static/[22m[36massets/FilterControls.stories-DQv9WboP.js[39m[1m[2m[22m
[90m│[39m  [2m8.10 kB[22m[1m[22m[2m │ gzip:   2.56 kB[22m
[90m│[39m  [43mVite[49m [2mstorybook-static/[22m[36massets/DropdownMenu.stories-DJE3GA1e.js[39m[1m[2m[22m
[90m│[39m  [2m8.13 kB[22m[1m[22m[2m │ gzip:   2.87 kB[22m
[90m│[39m  [43mVite[49m [2mstorybook-static/[22m[36massets/Section.stories-CtMXTUe7.js[39m[1m[2m[22m
[90m│[39m  [2m8.15 kB[22m[1m[22m[2m │ gzip:   1.74 kB[22m
[90m│[39m  [43mVite[49m [2mstorybook-static/[22m[36massets/RangeDatePicker.stories-Bluc9pQn.js[39m[1m[2m[22m
[90m│[39m  [2m8.23 kB[22m[1m[22m[2m │ gzip:   2.72 kB[22m
[90m│[39m  [43mVite[49m [2mstorybook-static/[22m[36massets/en-US-BBmapk28.js[39m[1m[2m[22m
[90m│[39m  [2m8.29 kB[22m[1m[22m[2m │ gzip:   2.96 kB[22m
[90m│[39m  [43mVite[49m [2mstorybook-static/[22m[36massets/Tooltip.stories-Cqid87S8.js[39m[1m[2m[22m
[90m│[39m  [2m8.41 kB[22m[1m[22m[2m │ gzip:   2.49 kB[22m
[90m│[39m  [43mVite[49m [2mstorybook-static/[22m[36massets/tabs.stories-5k1kAvXl.js[39m[1m[2m[22m
[90m│[39m  [2m8.43 kB[22m[1m[22m[2m │ gzip:   1.96 kB[22m
[90m│[39m  [43mVite[49m [2mstorybook-static/[22m[36massets/sheet.stories-V9wGEEaZ.js[39m[1m[2m[22m
[90m│[39m  [2m8.70 kB[22m[1m[22m[2m │ gzip:   2.25 kB[22m
[90m│[39m  [43mVite[49m [2mstorybook-static/[22m[36massets/Progress.stories-J6qQVN8_.js[39m[1m[2m[22m
[90m│[39m  [2m8.76 kB[22m[1m[22m[2m │ gzip:   2.39 kB[22m
[90m│[39m  [43mVite[49m [2mstorybook-static/[22m[36massets/AdminUserAvatar-DVZCleR_.js[39m[1m[2m[22m
[90m│[39m  [2m8.85 kB[22m[1m[22m[2m │ gzip:   3.57 kB[22m
[90m│[39m  [43mVite[49m [2mstorybook-static/[22m[36massets/NotificationBellView.stories-C7yg2XCB.js[39m[1m[2m[22m
[90m│[39m  [2m9.13 kB[22m[1m[22m[2m │ gzip:   3.75 kB[22m
[90m│[39m  [43mVite[49m [2mstorybook-static/[22m[36massets/DialogTrigger-h5c8lMrA.js[39m[1m[2m[22m
[90m│[39m  [2m9.13 kB[22m[1m[22m[2m │ gzip:   3.41 kB[22m
[90m│[39m  [43mVite[49m [2mstorybook-static/[22m[36massets/Input-LwEuFjmL.js[39m[1m[2m[22m
[90m│[39m  [2m9.19 kB[22m[1m[22m[2m │ gzip:   3.02 kB[22m
[90m│[39m  [43mVite[49m [2mstorybook-static/[22m[36massets/RecentlyViewedSection.stories-DBqB3BPT.js[39m[1m[2m[22m
[90m│[39m  [2m9.25 kB[22m[1m[22m[2m │ gzip:   2.99 kB[22m
[90m│[39m  [43mVite[49m [2mstorybook-static/[22m[36massets/getPseudoElementBounds-JFW6wSqR.js[39m[1m[2m[22m
[90m│[39m  [2m9.27 kB[22m[1m[22m[2m │ gzip:   3.81 kB[22m
[90m│[39m  [43mVite[49m [2mstorybook-static/[22m[36massets/LatestListings.stories-D_qpFaZg.js[39m[1m[2m[22m
[90m│[39m  [2m9.33 kB[22m[1m[22m[2m │ gzip:   3.11 kB[22m
[90m│[39m  [43mVite[49m [2mstorybook-static/[22m[36massets/ListingCard-CIlUYCL1.js[39m[1m[2m[22m
[90m│[39m  [2m9.46 kB[22m[1m[22m[2m │ gzip:   3.60 kB[22m
[90m│[39m  [43mVite[49m [2mstorybook-static/[22m[36massets/Combobox-CrOQq0xz.js[39m[1m[2m[22m
[90m│[39m  [2m9.51 kB[22m[1m[22m[2m │ gzip:   3.48 kB[22m
[90m│[39m  [43mVite[49m [2mstorybook-static/[22m[36massets/admin.fixtures-D9ynnt-W.js[39m[1m[2m[22m
[90m│[39m  [2m9.53 kB[22m[1m[22m[2m │ gzip:   3.08 kB[22m
[90m│[39m  [43mVite[49m [2mstorybook-static/[22m[36massets/dialog.stories-DeQh9ae-.js[39m[1m[2m[22m
[90m│[39m  [2m9.94 kB[22m[1m[22m[2m │ gzip:   2.20 kB[22m
[90m│[39m  [43mVite[49m [2mstorybook-static/[22m[36massets/ListingsShellView.stories-DnVWCtFd.js[39m[1m[2m[22m
[90m│[39m  [2m9.95 kB[22m[1m[22m[2m │ gzip:   3.53 kB[22m
[90m│[39m  [43mVite[49m [2mstorybook-static/[22m[36massets/FeaturedListings.stories-Cg2TQUnA.js[39m[1m[2m[22m
[90m│[39m  [2m9.99 kB[22m[1m[22m[2m │ gzip:   3.17 kB[22m
[90m│[39m  [43mVite[49m [2mstorybook-static/[22m[36massets/tabs-BGBKTDKj.js[39m[1m[2m[22m
[90m│[39m  [2m10.00 kB[22m[1m[22m[2m │ gzip:   3.84 kB[22m
[90m│[39m  [43mVite[49m [2mstorybook-static/[22m[36massets/AdminSettings.stories-BR5yhT1Q.js[39m[1m[2m[22m
[90m│[39m  [2m10.06 kB[22m[1m[22m[2m │ gzip:   3.47 kB[22m
[90m│[39m  [43mVite[49m [2mstorybook-static/[22m[36massets/Checkbox.stories-SSESRKHp.js[39m[1m[2m[22m
[90m│[39m  [2m10.19 kB[22m[1m[22m[2m │ gzip:   3.22 kB[22m
[90m│[39m  [43mVite[49m [2mstorybook-static/[22m[36massets/input.stories-W0asVAQO.js[39m[1m[2m[22m
[90m│[39m  [2m10.21 kB[22m[1m[22m[2m │ gzip:   3.12 kB[22m
[90m│[39m  [43mVite[49m [2mstorybook-static/[22m[36massets/usePositioner-WWzAPuYx.js[39m[1m[2m[22m
[90m│[39m  [2m10.67 kB[22m[1m[22m[2m │ gzip:   4.43 kB[22m
[90m│[39m  [43mVite[49m [2mstorybook-static/[22m[36massets/AdminLayout.stories-BzWNTGen.js[39m[1m[2m[22m
[90m│[39m  [2m10.91 kB[22m[1m[22m[2m │ gzip:   3.20 kB[22m
[90m│[39m  [43mVite[49m [2mstorybook-static/[22m[36massets/Radio.stories-Dy7u2nRa.js[39m[1m[2m[22m
[90m│[39m  [2m11.01 kB[22m[1m[22m[2m │ gzip:   3.58 kB[22m
[90m│[39m  [43mVite[49m [2mstorybook-static/[22m[36massets/ListingCard.stories-DuqnfBfn.js[39m[1m[2m[22m
[90m│[39m  [2m11.04 kB[22m[1m[22m[2m │ gzip:   4.57 kB[22m
[90m│[39m  [43mVite[49m [2mstorybook-static/[22m[36massets/FiltersPanel-Cnh3z0Gb.js[39m[1m[2m[22m
[90m│[39m  [2m11.29 kB[22m[1m[22m[2m │ gzip:   3.49 kB[22m
[90m│[39m  [43mVite[49m [2mstorybook-static/[22m[36massets/HeaderView.stories-IMrDxPH0.js[39m[1m[2m[22m
[90m│[39m  [2m11.54 kB[22m[1m[22m[2m │ gzip:   4.22 kB[22m
[90m│[39m  [43mVite[49m [2mstorybook-static/[22m[36massets/safePolygon-C1b9XAiL.js[39m[1m[2m[22m
[90m│[39m  [2m11.64 kB[22m[1m[22m[2m │ gzip:   4.27 kB[22m
[90m│[39m  [43mVite[49m [2mstorybook-static/[22m[36massets/AdminCompaniesManager.stories-BSsRawQa.js[39m[1m[2m[22m
[90m│[39m  [2m11.69 kB[22m[1m[22m[2m │ gzip:   4.26 kB[22m
[90m│[39m  [43mVite[49m [2mstorybook-static/[22m[36massets/StatusChangeControl.stories-BPcxPl9H.js[39m[1m[2m[22m
[90m│[39m  [2m11.80 kB[22m[1m[22m[2m │ gzip:   2.94 kB[22m
[90m│[39m  [43mVite[49m [2mstorybook-static/[22m[36massets/AdminTable-E0o-kVkZ.js[39m[1m[2m[22m
[90m│[39m  [2m11.80 kB[22m[1m[22m[2m │ gzip:   3.49 kB[22m
[90m│[39m  [43mVite[49m [2mstorybook-static/[22m[36massets/ListingDetailPattern.stories-c45CJzk_.js[39m[1m[2m[22m
[90m│[39m  [2m11.86 kB[22m[1m[22m[2m │ gzip:   3.75 kB[22m
[90m│[39m  [43mVite[49m [2mstorybook-static/[22m[36massets/PageHeader.stories-D0-fXPG2.js[39m[1m[2m[22m
[90m│[39m  [2m11.96 kB[22m[1m[22m[2m │ gzip:   2.93 kB[22m
[90m│[39m  [43mVite[49m [2mstorybook-static/[22m[36massets/ListingsFilters.stories-Bz-gHb8k.js[39m[1m[2m[22m
[90m│[39m  [2m12.34 kB[22m[1m[22m[2m │ gzip:   4.41 kB[22m
[90m│[39m  [43mVite[49m [2mstorybook-static/[22m[36massets/AdminPageShell.stories-BuSjz6XJ.js[39m[1m[2m[22m
[90m│[39m  [2m12.70 kB[22m[1m[22m[2m │ gzip:   3.04 kB[22m
[90m│[39m  [43mVite[49m [2mstorybook-static/[22m[36massets/select.stories-mJLnmTVH.js[39m[1m[2m[22m
[90m│[39m  [2m12.79 kB[22m[1m[22m[2m │ gzip:   2.75 kB[22m
[90m│[39m  [43mVite[49m [2mstorybook-static/[22m[36massets/AdminCardList.stories-D1RNNLdA.js[39m[1m[2m[22m
[90m│[39m  [2m12.83 kB[22m[1m[22m[2m │ gzip:   3.11 kB[22m
[90m│[39m  [43mVite[49m [2mstorybook-static/[22m[36massets/FilterBar.stories-zcFM_syQ.js[39m[1m[2m[22m
[90m│[39m  [2m12.92 kB[22m[1m[22m[2m │ gzip:   3.72 kB[22m
[90m│[39m  [43mVite[49m [2mstorybook-static/[22m[36massets/popover-C5MAEUTX.js[39m[1m[2m[22m
[90m│[39m  [2m13.10 kB[22m[1m[22m[2m │ gzip:   4.81 kB[22m
[90m│[39m  [43mVite[49m [2mstorybook-static/[22m[36massets/AdminSidebar.stories-BUCim6KC.js[39m[1m[2m[22m
[90m│[39m  [2m13.24 kB[22m[1m[22m[2m │ gzip:   4.44 kB[22m
[90m│[39m  [43mVite[49m [2mstorybook-static/[22m[36massets/Button.stories-DAXRTG0N.js[39m[1m[2m[22m
[90m│[39m  [2m13.27 kB[22m[1m[22m[2m │ gzip:   2.22 kB[22m
[90m│[39m  [43mVite[49m [2mstorybook-static/[22m[36massets/AdminUsersTable.stories-Xq1VUfW1.js[39m[1m[2m[22m
[90m│[39m  [2m13.40 kB[22m[1m[22m[2m │ gzip:   4.33 kB[22m
[90m│[39m  [43mVite[49m [2mstorybook-static/[22m[36massets/AppImage-BGHjQwiz.js[39m[1m[2m[22m
[90m│[39m  [2m13.74 kB[22m[1m[22m[2m │ gzip:   5.12 kB[22m
[90m│[39m  [43mVite[49m [2mstorybook-static/[22m[36massets/HeroSearch.stories-DppIoYyM.js[39m[1m[2m[22m
[90m│[39m  [2m13.78 kB[22m[1m[22m[2m │ gzip:   5.23 kB[22m
[90m│[39m  [43mVite[49m [2mstorybook-static/[22m[36massets/ListingCardPattern.stories-DK5h2-wv.js[39m[1m[2m[22m
[90m│[39m  [2m14.08 kB[22m[1m[22m[2m │ gzip:   5.44 kB[22m
[90m│[39m  [43mVite[49m [2mstorybook-static/[22m[36massets/MantinePagination-D1JA7gOt.js[39m[1m[2m[22m
[90m│[39m  [2m14.14 kB[22m[1m[22m[2m │ gzip:   5.64 kB[22m
[90m│[39m  [43mVite[49m
[90m│[39m  [2mstorybook-static/[22m[36massets/AdminPermissionsManager.stories-BSf899zq.js[39m[1m[2m[22m
[90m│[39m  [2m14.27 kB[22m[1m[22m[2m │ gzip:   5.15 kB[22m
[90m│[39m  [43mVite[49m
[90m│[39m  [2mstorybook-static/[22m[36massets/AdminEmailTemplatesManager.stories-BXRCjQB6.js[39m[1m[2m[22m
[90m│[39m  [2m14.75 kB[22m[1m[22m[2m │ gzip:   5.15 kB[22m
[90m│[39m  [43mVite[49m [2mstorybook-static/[22m[36massets/useOpenInteractionType-DF8U0kON.js[39m[1m[2m[22m
[90m│[39m  [2m14.92 kB[22m[1m[22m[2m │ gzip:   5.80 kB[22m
[90m│[39m  [43mVite[49m [2mstorybook-static/[22m[36massets/index-CktSdlD5.js[39m[1m[2m[22m
[90m│[39m  [2m14.93 kB[22m[1m[22m[2m │ gzip:   4.58 kB[22m
[90m│[39m  [43mVite[49m
[90m│[39m  [2mstorybook-static/[22m[36massets/AdminPropertyTypesManager.stories-B_Ja3lXt.js[39m[1m[2m[22m
[90m│[39m  [2m15.08 kB[22m[1m[22m[2m │ gzip:   5.11 kB[22m
[90m│[39m  [43mVite[49m [2mstorybook-static/[22m[36massets/Combobox.stories-BrZLHG1E.js[39m[1m[2m[22m
[90m│[39m  [2m16.05 kB[22m[1m[22m[2m │ gzip:   4.04 kB[22m
[90m│[39m  [43mVite[49m [2mstorybook-static/[22m[36massets/Slider.stories-Cd5EOkkZ.js[39m[1m[2m[22m
[90m│[39m  [2m16.69 kB[22m[1m[22m[2m │ gzip:   5.84 kB[22m
[90m│[39m  [43mVite[49m
[90m│[39m  [2mstorybook-static/[22m[36massets/AdminExchangeProvidersManager.stories-B-5Vob0P.js[39m[1m[2m[22m
[90m│[39m  [2m16.86 kB[22m[1m[22m[2m │ gzip:   5.08 kB[22m
[90m│[39m  [43mVite[49m [2mstorybook-static/[22m[36massets/button.stories-Cej9kqSt.js[39m[1m[2m[22m
[90m│[39m  [2m16.87 kB[22m[1m[22m[2m │ gzip:   3.65 kB[22m
[90m│[39m  [43mVite[49m [2mstorybook-static/[22m[36massets/AdminReportsManager.stories-ewJxYM_B.js[39m[1m[2m[22m
[90m│[39m  [2m18.17 kB[22m[1m[22m[2m │ gzip:   5.74 kB[22m
[90m│[39m  [43mVite[49m
[90m│[39m  [2mstorybook-static/[22m[36massets/AdminCurrenciesManager.stories-MhOE4jnH.js[39m[1m[2m[22m
[90m│[39m  [2m19.12 kB[22m[1m[22m[2m │ gzip:   5.50 kB[22m
[90m│[39m  [43mVite[49m
[90m│[39m  [2mstorybook-static/[22m[36massets/PlantedVisualViolations.stories-DW98ETKN.js[39m[1m[2m[22m
[90m│[39m  [2m23.06 kB[22m[1m[22m[2m │ gzip:   4.01 kB[22m
[90m│[39m  [43mVite[49m [2mstorybook-static/[22m[36massets/server-mBaU3PeJ.js[39m[1m[2m[22m
[90m│[39m  [2m23.85 kB[22m[1m[22m[2m │ gzip:   6.96 kB[22m
[90m│[39m  [43mVite[49m [2mstorybook-static/[22m[36massets/useInteractions-B6bEPnTf.js[39m[1m[2m[22m
[90m│[39m  [2m24.95 kB[22m[1m[22m[2m │ gzip:   9.25 kB[22m
[90m│[39m  [43mVite[49m [2mstorybook-static/[22m[36massets/dropdown-menu-CGk7gUFJ.js[39m[1m[2m[22m
[90m│[39m  [2m26.43 kB[22m[1m[22m[2m │ gzip:   9.33 kB[22m
[90m│[39m  [43mVite[49m [2mstorybook-static/[22m[36massets/AdminListingsTable.stories-CNBWe_8E.js[39m[1m[2m[22m
[90m│[39m  [2m26.54 kB[22m[1m[22m[2m │ gzip:   7.54 kB[22m
[90m│[39m  [43mVite[49m [2mstorybook-static/[22m[36massets/uk-CkiOKF_n.js[39m[1m[2m[22m
[90m│[39m  [2m26.62 kB[22m[1m[22m[2m │ gzip:   6.86 kB[22m
[90m│[39m  [43mVite[49m [2mstorybook-static/[22m[36massets/AdminSupportManager.stories-D17XUcGl.js[39m[1m[2m[22m
[90m│[39m  [2m26.65 kB[22m[1m[22m[2m │ gzip:   7.48 kB[22m
[90m│[39m  [43mVite[49m [2mstorybook-static/[22m[36massets/utils-WuPowUbD.js[39m[1m[2m[22m
[90m│[39m  [2m27.39 kB[22m[1m[22m[2m │ gzip:   8.68 kB[22m
[90m│[39m  [43mVite[49m [2mstorybook-static/[22m[36massets/AvatarCropModal-CQnVOGeW.js[39m[1m[2m[22m
[90m│[39m  [2m27.78 kB[22m[1m[22m[2m │ gzip:   8.80 kB[22m
[90m│[39m  [43mVite[49m [2mstorybook-static/[22m[36mvite-inject-mocker-entry.js[39m[1m[2m[22m
[90m│[39m  [2m28.53 kB[22m[1m[22m[2m │ gzip:   9.94 kB[22m
[90m│[39m  [43mVite[49m [2mstorybook-static/[22m[36massets/AdminTable.stories-Bz1mqBmc.js[39m[1m[2m[22m
[90m│[39m  [2m28.97 kB[22m[1m[22m[2m │ gzip:   7.79 kB[22m
[90m│[39m  [43mVite[49m [2mstorybook-static/[22m[36massets/ListingContact-CftL2T__.js[39m[1m[2m[22m
[90m│[39m  [2m29.08 kB[22m[1m[22m[2m │ gzip:   9.44 kB[22m
[90m│[39m  [43mVite[49m [2mstorybook-static/[22m[36massets/navigation-menu.stories-wLpXeg2m.js[39m[1m[2m[22m
[90m│[39m  [2m29.66 kB[22m[1m[22m[2m │ gzip:   9.45 kB[22m
[90m│[39m  [43mVite[49m [2mstorybook-static/[22m[36massets/Color-23OOGO2C-B82L5fpV.js[39m[1m[2m[22m
[90m│[39m  [2m30.35 kB[22m[1m[22m[2m │ gzip:  11.49 kB[22m
[90m│[39m  [43mVite[49m [2mstorybook-static/[22m[36massets/select-DuwgmOt-.js[39m[1m[2m[22m
[90m│[39m  [2m33.03 kB[22m[1m[22m[2m │ gzip:  12.09 kB[22m
[90m│[39m  [43mVite[49m [2mstorybook-static/[22m[36massets/WithTooltip-65CFNBJE-Dp50xbCW.js[39m[1m[2m[22m
[90m│[39m  [2m33.20 kB[22m[1m[22m[2m │ gzip:  11.68 kB[22m
[90m│[39m  [43mVite[49m [2mstorybook-static/[22m[36massets/ListingDetailView.stories-x6IMEgC_.js[39m[1m[2m[22m
[90m│[39m  [2m33.55 kB[22m[1m[22m[2m │ gzip:  10.95 kB[22m
[90m│[39m  [43mVite[49m [2mstorybook-static/[22m[36massets/AuthSheet.stories-EexwhuFQ.js[39m[1m[2m[22m
[90m│[39m  [2m37.25 kB[22m[1m[22m[2m │ gzip:  12.09 kB[22m
[90m│[39m  [43mVite[49m [2mstorybook-static/[22m[36massets/command.stories-eHtn0WHp.js[39m[1m[2m[22m
[90m│[39m  [2m47.53 kB[22m[1m[22m[2m │ gzip:  15.04 kB[22m
[90m│[39m  [43mVite[49m [2mstorybook-static/[22m[36massets/syntaxhighlighter-W7WJGI2T-BhrwuY-I.js[39m[1m[2m[22m
[90m│[39m  [2m78.59 kB[22m[1m[22m[2m │ gzip:  27.54 kB[22m
[90m│[39m  [43mVite[49m [2mstorybook-static/[22m[36massets/PhoneField-c9YmlF1E.js[39m[1m[2m[22m
[90m│[39m  [2m131.73 kB[22m[1m[22m[2m │ gzip:  34.47 kB[22m
[90m│[39m  [43mVite[49m [2mstorybook-static/[22m[36massets/AdminUserProfile.stories-DNMs0dGn.js[39m[1m[2m[22m
[90m│[39m  [2m144.90 kB[22m[1m[22m[2m │ gzip:  41.34 kB[22m
[90m│[39m  [43mVite[49m [2mstorybook-static/[22m[36massets/leaflet-src-DsN0_kZ7.js[39m[1m[2m[22m
[90m│[39m  [2m150.06 kB[22m[1m[22m[2m │ gzip:  43.59 kB[22m
[90m│[39m  [43mVite[49m [2mstorybook-static/[22m[36massets/BaseEmail-BbwWqLxR.js[39m[1m[2m[22m
[90m│[39m  [2m173.73 kB[22m[1m[22m[2m │ gzip:  32.45 kB[22m
[90m│[39m  [43mVite[49m [2mstorybook-static/[22m[36massets/ListingFormShellView.stories-qSPyiGqw.js[39m[1m[2m[22m
[90m│[39m  [2m176.21 kB[22m[1m[22m[2m │ gzip:  46.57 kB[22m
[90m│[39m  [43mVite[49m [2mstorybook-static/[22m[36massets/react-18-DyoII9jJ.js[39m[1m[2m[22m
[90m│[39m  [2m179.93 kB[22m[1m[22m[2m │ gzip:  56.48 kB[22m
[90m│[39m  [43mVite[49m [2mstorybook-static/[22m[36massets/server.browser-CPEeajlE.js[39m[1m[2m[22m
[90m│[39m  [2m183.73 kB[22m[1m[22m[2m │ gzip:  56.94 kB[22m
[90m│[39m  [43mVite[49m [2mstorybook-static/[22m[36massets/warnDeprecatedPackage-BMuvm2jl.js[39m[1m[2m[22m
[90m│[39m  [2m221.04 kB[22m[1m[22m[2m │ gzip:  58.09 kB[22m
[90m│[39m  [43mVite[49m [2mstorybook-static/[22m[36massets/RangeDatePicker-Dgpkws_W.js[39m[1m[2m[22m
[90m│[39m  [2m251.91 kB[22m[1m[22m[2m │ gzip:  74.26 kB[22m
[90m│[39m  [43mVite[49m [2mstorybook-static/[22m[36massets/reportListing-keqZYU0F.js[39m[1m[2m[22m
[90m│[39m  [2m448.17 kB[22m[1m[22m[2m │ gzip: 151.47 kB[22m
[90m│[39m  [43mVite[49m [2mstorybook-static/[22m[36massets/DocsRenderer-LL677BLK-_w-GHN-e.js[39m[1m[33m[39m
[90m│[39m  [33m833.37 kB[39m[22m[2m │ gzip: 266.38 kB[22m
[90m│[39m  [43mVite[49m [2mstorybook-static/[22m[36massets/iframe-DNhrysxv.js[39m
[90m│[39m  [36m[39m[1m[33m1,950.93 kB[39m[22m[2m │ gzip: 555.58 kB[22m
[90m│[39m
[33m▲[39m  [43mVite[49m[33m
[90m│[39m  (!) Some chunks are larger than 500 kB after minification. Consider:
[90m│[39m  - Using dynamic import() to code-split the application
[90m│[39m  - Use build.rollupOptions.output.manualChunks to improve chunking:
[90m│[39m  ]8;;https://rollupjs.org/configuration-options/#output-manualchunkshttps://rollupjs.org/configuration-options/#output-manualchunks]8;;
[90m│[39m  - Adjust chunk size limit for this warning via
[90m│[39m  build.chunkSizeWarningLimit.[39m
[90m│[39m  [43mVite[49m [32m✓ built in 43.03s[39m
[90m│[39m
[32m◇[39m  Output directory: C:/Claude_Code_Projects/lero-al/storybook-static
[90m│[39m
[90m└[39m  Storybook build completed successfully

EXIT_CODE=0
