
> lero-al@0.1.0 prebuild-storybook
> node scripts/prepare-storybook-next15.mjs && node scripts/check-stories.mjs

── Check 1: Banned layout values ──────────────────────────────────
── Check 2: Raw HTML controls ──────────────────────────────────────
── Check 3: Locale-NAME export families ─────────────────────────────
── Check 4: Hardcoded locale pins (globals + args + props) ─────────
── Check 5: Hardcoded title literals in fixtures ───────────────────
── Check 6: storybook.* namespace key parity ───────────────────────
  ✅ storybook.* sq — 777 keys (matches en)
  ✅ storybook.* uk — 777 keys (matches en)
  ✅ storybook.* it — 777 keys (matches en)
  ✅ storybook.* en  — 777 keys (reference)
── Check 7: Inline locale maps (uk:/sq:/it: in stories) ───────────────
── Check 8: uk.json Latin-only values (non-Cyrillic check) ────────────
  ✅ uk.json Cyrillic check complete
── Check 9: Runtime component hardcoded literals ────────────────────
── Check 10: English JSX string-prop literals in stories ───────────
── Check 11: sm:flex-row sm:flex-wrap (toolbar 640px overflow) ────────
── Check 12: Viewport/width-named exports ────────────────────────────
── Check 13: Duplicate-family export names ─────────────────────────────
── Check 14: Mantine Button size="lg"|"xl" (off-scale, Task 520) ──────
── Check 15: Unregistered Mantine colour prop (Task 685/686) ────────
── Check 16: Wall-clock fixture values (Task 697/698, §14.10) ─────────
── Stale allowlist entry check ──────────────────────────────────────

✅ check:stories PASSED — 183 files checked, 0 violations.

> lero-al@0.1.0 build-storybook
> storybook build


┌  Building storybook v10.4.2
│
◇  Cleaning outputDir: storybook-static
│
◇  Loading presets
│
◇  Building manager..
│
●  Building preview..
│
●  Copying static files: public at storybook-static
│  Vite vite v6.4.2 building for production...
│  Vite transforming...
│
▲  Vite src/components/shared/Combobox.stories.tsx (1:0): Error when
│  using sourcemap for reporting an error: Can't resolve original
│  location of error.
│
▲  Vite src/components/shared/Combobox.stories.tsx (1:0): Module level
│  directives cause errors when bundled, "use client" in
│  "src/components/shared/Combobox.stories.tsx" was ignored.
│
▲  Vite src/components/ui/button.stories.tsx (1:0): Error when using
│  sourcemap for reporting an error: Can't resolve original location of
│  error.
│
▲  Vite src/components/ui/button.stories.tsx (1:0): Module level
│  directives cause errors when bundled, "use client" in
│  "src/components/ui/button.stories.tsx" was ignored.
│
▲  Vite src/components/admin/AdminPageShell.stories.tsx (1:0): Error when
│  using sourcemap for reporting an error: Can't resolve original
│  location of error.
│
▲  Vite src/components/admin/AdminPageShell.stories.tsx (1:0): Module
│  level directives cause errors when bundled, "use client" in
│  "src/components/admin/AdminPageShell.stories.tsx" was ignored.
│
▲  Vite src/stories/patterns/mantine/HomepageListingGrids.stories.tsx
│  (1:0): Error when using sourcemap for reporting an error: Can't
│  resolve original location of error.
│
▲  Vite src/stories/patterns/mantine/HomepageListingGrids.stories.tsx
│  (1:0): Module level directives cause errors when bundled, "use client"
│  in "src/stories/patterns/mantine/HomepageListingGrids.stories.tsx" was
│  ignored.
│
▲  Vite src/modules/listings/components/CollectionsSection.tsx (1:0):
│  Error when using sourcemap for reporting an error: Can't resolve
│  original location of error.
│
▲  Vite src/modules/listings/components/CollectionsSection.tsx (1:0):
│  Module level directives cause errors when bundled, "use client" in
│  "src/modules/listings/components/CollectionsSection.tsx" was ignored.
│
▲  Vite src/components/shared/PhoneField.tsx (1:0): Error when using
│  sourcemap for reporting an error: Can't resolve original location of
│  error.
│
▲  Vite src/components/shared/PhoneField.tsx (1:0): Module level
│  directives cause errors when bundled, "use client" in
│  "src/components/shared/PhoneField.tsx" was ignored.
│
▲  Vite src/components/admin/AdminPermissionsManager.tsx (1:0): Error
│  when using sourcemap for reporting an error: Can't resolve original
│  location of error.
│
▲  Vite src/components/admin/AdminPermissionsManager.tsx (1:0): Module
│  level directives cause errors when bundled, "use client" in
│  "src/components/admin/AdminPermissionsManager.tsx" was ignored.
│
▲  Vite src/components/admin/AdminCurrenciesView.tsx (1:0): Error when
│  using sourcemap for reporting an error: Can't resolve original
│  location of error.
│
▲  Vite src/components/admin/AdminCurrenciesView.tsx (1:0): Module level
│  directives cause errors when bundled, "use client" in
│  "src/components/admin/AdminCurrenciesView.tsx" was ignored.
│
▲  Vite src/components/ui/dialog.tsx (1:0): Error when using sourcemap
│  for reporting an error: Can't resolve original location of error.
│
▲  Vite src/components/ui/dialog.tsx (1:0): Module level directives cause
│  errors when bundled, "use client" in "src/components/ui/dialog.tsx"
│  was ignored.
│
▲  Vite src/components/admin/AdminLocaleSwitcher.tsx (1:0): Error when
│  using sourcemap for reporting an error: Can't resolve original
│  location of error.
│
▲  Vite src/components/admin/AdminLocaleSwitcher.tsx (1:0): Module level
│  directives cause errors when bundled, "use client" in
│  "src/components/admin/AdminLocaleSwitcher.tsx" was ignored.
│
▲  Vite src/components/admin/AdminEmailTemplatesManager.tsx (1:0): Error
│  when using sourcemap for reporting an error: Can't resolve original
│  location of error.
│
▲  Vite src/components/admin/AdminEmailTemplatesManager.tsx (1:0): Module
│  level directives cause errors when bundled, "use client" in
│  "src/components/admin/AdminEmailTemplatesManager.tsx" was ignored.
│
▲  Vite src/components/admin/AdminReportsManager.tsx (1:0): Error when
│  using sourcemap for reporting an error: Can't resolve original
│  location of error.
│
▲  Vite src/components/admin/AdminReportsManager.tsx (1:0): Module level
│  directives cause errors when bundled, "use client" in
│  "src/components/admin/AdminReportsManager.tsx" was ignored.
│
▲  Vite src/components/shared/LocaleSwitcher.tsx (1:0): Error when using
│  sourcemap for reporting an error: Can't resolve original location of
│  error.
│
▲  Vite src/components/shared/LocaleSwitcher.tsx (1:0): Module level
│  directives cause errors when bundled, "use client" in
│  "src/components/shared/LocaleSwitcher.tsx" was ignored.
│
▲  Vite src/components/admin/StatusChangeHistory.tsx (1:0): Error when
│  using sourcemap for reporting an error: Can't resolve original
│  location of error.
│
▲  Vite src/components/admin/StatusChangeHistory.tsx (1:0): Module level
│  directives cause errors when bundled, "use client" in
│  "src/components/admin/StatusChangeHistory.tsx" was ignored.
│
▲  Vite src/modules/listings/components/ClearRecentlyViewedButton.tsx
│  (1:0): Error when using sourcemap for reporting an error: Can't
│  resolve original location of error.
│
▲  Vite src/modules/listings/components/ClearRecentlyViewedButton.tsx
│  (1:0): Module level directives cause errors when bundled, "use client"
│  in "src/modules/listings/components/ClearRecentlyViewedButton.tsx" was
│  ignored.
│
▲  Vite src/components/shared/FilterChoiceGroup.tsx (1:0): Error when
│  using sourcemap for reporting an error: Can't resolve original
│  location of error.
│
▲  Vite src/components/shared/FilterChoiceGroup.tsx (1:0): Module level
│  directives cause errors when bundled, "use client" in
│  "src/components/shared/FilterChoiceGroup.tsx" was ignored.
│
▲  Vite src/components/admin/AdminCurrencyTabs.tsx (1:0): Error when
│  using sourcemap for reporting an error: Can't resolve original
│  location of error.
│
▲  Vite src/components/admin/AdminCurrencyTabs.tsx (1:0): Module level
│  directives cause errors when bundled, "use client" in
│  "src/components/admin/AdminCurrencyTabs.tsx" was ignored.
│
▲  Vite src/components/shared/HeroSearchView.tsx (1:0): Error when using
│  sourcemap for reporting an error: Can't resolve original location of
│  error.
│
▲  Vite src/components/shared/HeroSearchView.tsx (1:0): Module level
│  directives cause errors when bundled, "use client" in
│  "src/components/shared/HeroSearchView.tsx" was ignored.
│
▲  Vite src/components/ui/command.tsx (1:0): Error when using sourcemap
│  for reporting an error: Can't resolve original location of error.
│
▲  Vite src/components/ui/command.tsx (1:0): Module level directives
│  cause errors when bundled, "use client" in
│  "src/components/ui/command.tsx" was ignored.
│
▲  Vite src/components/admin/AdminHeader.tsx (1:0): Error when using
│  sourcemap for reporting an error: Can't resolve original location of
│  error.
│
▲  Vite src/components/admin/AdminHeader.tsx (1:0): Module level
│  directives cause errors when bundled, "use client" in
│  "src/components/admin/AdminHeader.tsx" was ignored.
│
▲  Vite src/modules/listings/components/FavoritesTypeFilter.tsx (1:0):
│  Error when using sourcemap for reporting an error: Can't resolve
│  original location of error.
│
▲  Vite src/modules/listings/components/FavoritesTypeFilter.tsx (1:0):
│  Module level directives cause errors when bundled, "use client" in
│  "src/modules/listings/components/FavoritesTypeFilter.tsx" was ignored.
│
▲  Vite src/components/ui/sheet.tsx (1:0): Error when using sourcemap for
│  reporting an error: Can't resolve original location of error.
│
▲  Vite src/components/ui/sheet.tsx (1:0): Module level directives cause
│  errors when bundled, "use client" in "src/components/ui/sheet.tsx" was
│  ignored.
│
▲  Vite src/components/shared/HowItWorksSteps.tsx (1:0): Error when using
│  sourcemap for reporting an error: Can't resolve original location of
│  error.
│
▲  Vite src/components/shared/HowItWorksSteps.tsx (1:0): Module level
│  directives cause errors when bundled, "use client" in
│  "src/components/shared/HowItWorksSteps.tsx" was ignored.
│
▲  Vite src/components/shared/FilterRoomsRow.tsx (1:0): Error when using
│  sourcemap for reporting an error: Can't resolve original location of
│  error.
│
▲  Vite src/components/shared/FilterRoomsRow.tsx (1:0): Module level
│  directives cause errors when bundled, "use client" in
│  "src/components/shared/FilterRoomsRow.tsx" was ignored.
│
▲  Vite src/components/admin/AdminUserAvatarFieldView.tsx (1:0): Error
│  when using sourcemap for reporting an error: Can't resolve original
│  location of error.
│
▲  Vite src/components/admin/AdminUserAvatarFieldView.tsx (1:0): Module
│  level directives cause errors when bundled, "use client" in
│  "src/components/admin/AdminUserAvatarFieldView.tsx" was ignored.
│
▲  Vite src/components/ui/popover.tsx (1:0): Error when using sourcemap
│  for reporting an error: Can't resolve original location of error.
│
▲  Vite src/components/ui/popover.tsx (1:0): Module level directives
│  cause errors when bundled, "use client" in
│  "src/components/ui/popover.tsx" was ignored.
│
▲  Vite src/components/admin/AdminDashboardRecentListings.tsx (1:0):
│  Error when using sourcemap for reporting an error: Can't resolve
│  original location of error.
│
▲  Vite src/components/admin/AdminDashboardRecentListings.tsx (1:0):
│  Module level directives cause errors when bundled, "use client" in
│  "src/components/admin/AdminDashboardRecentListings.tsx" was ignored.
│
▲  Vite src/modules/listings/components/FavoriteButton.tsx (1:0): Error
│  when using sourcemap for reporting an error: Can't resolve original
│  location of error.
│
▲  Vite src/modules/listings/components/FavoriteButton.tsx (1:0): Module
│  level directives cause errors when bundled, "use client" in
│  "src/modules/listings/components/FavoriteButton.tsx" was ignored.
│
▲  Vite src/components/admin/AdminShell.tsx (1:0): Error when using
│  sourcemap for reporting an error: Can't resolve original location of
│  error.
│
▲  Vite src/components/admin/AdminShell.tsx (1:0): Module level
│  directives cause errors when bundled, "use client" in
│  "src/components/admin/AdminShell.tsx" was ignored.
│
▲  Vite src/modules/listings/components/ActiveFilterChips.tsx (1:0):
│  Error when using sourcemap for reporting an error: Can't resolve
│  original location of error.
│
▲  Vite src/modules/listings/components/ActiveFilterChips.tsx (1:0):
│  Module level directives cause errors when bundled, "use client" in
│  "src/modules/listings/components/ActiveFilterChips.tsx" was ignored.
│
▲  Vite src/components/ui/checkbox.tsx (1:0): Error when using sourcemap
│  for reporting an error: Can't resolve original location of error.
│
▲  Vite src/components/ui/checkbox.tsx (1:0): Module level directives
│  cause errors when bundled, "use client" in
│  "src/components/ui/checkbox.tsx" was ignored.
│
▲  Vite src/components/shared/HeroSearch.tsx (1:0): Error when using
│  sourcemap for reporting an error: Can't resolve original location of
│  error.
│
▲  Vite src/components/shared/HeroSearch.tsx (1:0): Module level
│  directives cause errors when bundled, "use client" in
│  "src/components/shared/HeroSearch.tsx" was ignored.
│
▲  Vite src/modules/listings/components/ListingBackButton.tsx (1:0):
│  Error when using sourcemap for reporting an error: Can't resolve
│  original location of error.
│
▲  Vite src/modules/listings/components/ListingBackButton.tsx (1:0):
│  Module level directives cause errors when bundled, "use client" in
│  "src/modules/listings/components/ListingBackButton.tsx" was ignored.
│
▲  Vite src/components/shared/FiltersPanel.tsx (1:0): Error when using
│  sourcemap for reporting an error: Can't resolve original location of
│  error.
│
▲  Vite src/components/shared/FiltersPanel.tsx (1:0): Module level
│  directives cause errors when bundled, "use client" in
│  "src/components/shared/FiltersPanel.tsx" was ignored.
│
▲  Vite src/components/shared/HeroSearchFallback.tsx (1:0): Error when
│  using sourcemap for reporting an error: Can't resolve original
│  location of error.
│
▲  Vite src/components/shared/HeroSearchFallback.tsx (1:0): Module level
│  directives cause errors when bundled, "use client" in
│  "src/components/shared/HeroSearchFallback.tsx" was ignored.
│
▲  Vite src/components/ui/tabs.tsx (1:0): Error when using sourcemap for
│  reporting an error: Can't resolve original location of error.
│
▲  Vite src/components/ui/tabs.tsx (1:0): Module level directives cause
│  errors when bundled, "use client" in "src/components/ui/tabs.tsx" was
│  ignored.
│
▲  Vite src/components/shared/Combobox.tsx (1:0): Error when using
│  sourcemap for reporting an error: Can't resolve original location of
│  error.
│
▲  Vite src/components/shared/Combobox.tsx (1:0): Module level directives
│  cause errors when bundled, "use client" in
│  "src/components/shared/Combobox.tsx" was ignored.
│
▲  Vite src/modules/listings/components/ListingCard.tsx (1:0): Error when
│  using sourcemap for reporting an error: Can't resolve original
│  location of error.
│
▲  Vite src/modules/listings/components/ListingCard.tsx (1:0): Module
│  level directives cause errors when bundled, "use client" in
│  "src/modules/listings/components/ListingCard.tsx" was ignored.
│
▲  Vite src/modules/listings/components/FavoritesShell.tsx (1:0): Error
│  when using sourcemap for reporting an error: Can't resolve original
│  location of error.
│
▲  Vite src/modules/listings/components/FavoritesShell.tsx (1:0): Module
│  level directives cause errors when bundled, "use client" in
│  "src/modules/listings/components/FavoritesShell.tsx" was ignored.
│
▲  Vite src/components/admin/AdminCompaniesManager.tsx (1:0): Error when
│  using sourcemap for reporting an error: Can't resolve original
│  location of error.
│
▲  Vite src/components/admin/AdminCompaniesManager.tsx (1:0): Module
│  level directives cause errors when bundled, "use client" in
│  "src/components/admin/AdminCompaniesManager.tsx" was ignored.
│
▲  Vite src/modules/listings/components/SaveToCollectionButton.tsx (1:0):
│  Error when using sourcemap for reporting an error: Can't resolve
│  original location of error.
│
▲  Vite src/modules/listings/components/SaveToCollectionButton.tsx (1:0):
│  Module level directives cause errors when bundled, "use client" in
│  "src/modules/listings/components/SaveToCollectionButton.tsx" was
│  ignored.
│
▲  Vite src/components/admin/AdminPageHeader.tsx (1:0): Error when using
│  sourcemap for reporting an error: Can't resolve original location of
│  error.
│
▲  Vite src/components/admin/AdminPageHeader.tsx (1:0): Module level
│  directives cause errors when bundled, "use client" in
│  "src/components/admin/AdminPageHeader.tsx" was ignored.
│
▲  Vite node_modules/@mantine/core/esm/core/utils/keys/keys.mjs (1:0):
│  Module level directives cause errors when bundled, "use client" in
│  "node_modules/@mantine/core/esm/core/utils/keys/keys.mjs" was ignored.
│
▲  Vite
│  node_modules/@mantine/core/esm/core/utils/camel-to-kebab-case/camel-to-kebab-case.mjs
│  (1:0): Module level directives cause errors when bundled, "use client"
│  in
│  "node_modules/@mantine/core/esm/core/utils/camel-to-kebab-case/camel-to-kebab-case.mjs"
│  was ignored.
│
▲  Vite
│  node_modules/@mantine/core/esm/core/utils/filter-props/filter-props.mjs
│  (1:0): Module level directives cause errors when bundled, "use client"
│  in
│  "node_modules/@mantine/core/esm/core/utils/filter-props/filter-props.mjs"
│  was ignored.
│
▲  Vite
│  node_modules/@mantine/core/esm/core/utils/is-number-like/is-number-like.mjs
│  (1:0): Module level directives cause errors when bundled, "use client"
│  in
│  "node_modules/@mantine/core/esm/core/utils/is-number-like/is-number-like.mjs"
│  was ignored.
│
▲  Vite
│  node_modules/@mantine/core/esm/core/utils/is-element/is-element.mjs
│  (1:0): Module level directives cause errors when bundled, "use client"
│  in
│  "node_modules/@mantine/core/esm/core/utils/is-element/is-element.mjs"
│  was ignored.
│
▲  Vite
│  node_modules/@mantine/core/esm/core/utils/create-safe-context/create-safe-context.mjs
│  (1:0): Module level directives cause errors when bundled, "use client"
│  in
│  "node_modules/@mantine/core/esm/core/utils/create-safe-context/create-safe-context.mjs"
│  was ignored.
│
▲  Vite
│  node_modules/@mantine/core/esm/core/utils/create-optional-context/create-optional-context.mjs
│  (1:0): Module level directives cause errors when bundled, "use client"
│  in
│  "node_modules/@mantine/core/esm/core/utils/create-optional-context/create-optional-context.mjs"
│  was ignored.
│
▲  Vite
│  node_modules/@mantine/core/esm/core/utils/get-safe-id/get-safe-id.mjs
│  (1:0): Module level directives cause errors when bundled, "use client"
│  in
│  "node_modules/@mantine/core/esm/core/utils/get-safe-id/get-safe-id.mjs"
│  was ignored.
│
▲  Vite
│  node_modules/@mantine/core/esm/core/utils/create-scoped-keydown-handler/create-scoped-keydown-handler.mjs
│  (1:0): Module level directives cause errors when bundled, "use client"
│  in
│  "node_modules/@mantine/core/esm/core/utils/create-scoped-keydown-handler/create-scoped-keydown-handler.mjs"
│  was ignored.
│
▲  Vite
│  node_modules/@mantine/core/esm/core/utils/find-element-ancestor/find-element-ancestor.mjs
│  (1:0): Module level directives cause errors when bundled, "use client"
│  in
│  "node_modules/@mantine/core/esm/core/utils/find-element-ancestor/find-element-ancestor.mjs"
│  was ignored.
│
▲  Vite
│  node_modules/@mantine/core/esm/core/utils/get-default-z-index/get-default-z-index.mjs
│  (1:0): Module level directives cause errors when bundled, "use client"
│  in
│  "node_modules/@mantine/core/esm/core/utils/get-default-z-index/get-default-z-index.mjs"
│  was ignored.
│
▲  Vite
│  node_modules/@mantine/core/esm/core/utils/close-on-escape/close-on-escape.mjs
│  (1:0): Module level directives cause errors when bundled, "use client"
│  in
│  "node_modules/@mantine/core/esm/core/utils/close-on-escape/close-on-escape.mjs"
│  was ignored.
│
▲  Vite node_modules/@mantine/core/esm/core/utils/noop/noop.mjs (1:0):
│  Module level directives cause errors when bundled, "use client" in
│  "node_modules/@mantine/core/esm/core/utils/noop/noop.mjs" was ignored.
│
▲  Vite node_modules/@mantine/core/esm/core/utils/get-size/get-size.mjs
│  (1:0): Module level directives cause errors when bundled, "use client"
│  in "node_modules/@mantine/core/esm/core/utils/get-size/get-size.mjs"
│  was ignored.
│
▲  Vite
│  node_modules/@mantine/core/esm/core/utils/create-event-handler/create-event-handler.mjs
│  (1:0): Module level directives cause errors when bundled, "use client"
│  in
│  "node_modules/@mantine/core/esm/core/utils/create-event-handler/create-event-handler.mjs"
│  was ignored.
│
▲  Vite
│  node_modules/@mantine/core/esm/core/utils/get-breakpoint-value/get-breakpoint-value.mjs
│  (1:0): Module level directives cause errors when bundled, "use client"
│  in
│  "node_modules/@mantine/core/esm/core/utils/get-breakpoint-value/get-breakpoint-value.mjs"
│  was ignored.
│
▲  Vite
│  node_modules/@mantine/core/esm/core/utils/get-sorted-breakpoints/get-sorted-breakpoints.mjs
│  (1:0): Module level directives cause errors when bundled, "use client"
│  in
│  "node_modules/@mantine/core/esm/core/utils/get-sorted-breakpoints/get-sorted-breakpoints.mjs"
│  was ignored.
│
▲  Vite
│  node_modules/@mantine/core/esm/core/utils/get-base-value/get-base-value.mjs
│  (1:0): Module level directives cause errors when bundled, "use client"
│  in
│  "node_modules/@mantine/core/esm/core/utils/get-base-value/get-base-value.mjs"
│  was ignored.
│
▲  Vite
│  node_modules/@mantine/core/esm/core/utils/get-context-item-index/get-context-item-index.mjs
│  (1:0): Module level directives cause errors when bundled, "use client"
│  in
│  "node_modules/@mantine/core/esm/core/utils/get-context-item-index/get-context-item-index.mjs"
│  was ignored.
│
▲  Vite
│  node_modules/@mantine/core/esm/core/utils/use-hovered/use-hovered.mjs
│  (1:0): Module level directives cause errors when bundled, "use client"
│  in
│  "node_modules/@mantine/core/esm/core/utils/use-hovered/use-hovered.mjs"
│  was ignored.
│
▲  Vite
│  node_modules/@mantine/core/esm/core/utils/create-use-external-events/create-use-external-events.mjs
│  (1:0): Module level directives cause errors when bundled, "use client"
│  in
│  "node_modules/@mantine/core/esm/core/utils/create-use-external-events/create-use-external-events.mjs"
│  was ignored.
│
▲  Vite node_modules/@mantine/core/esm/core/utils/memoize/memoize.mjs
│  (1:0): Module level directives cause errors when bundled, "use client"
│  in "node_modules/@mantine/core/esm/core/utils/memoize/memoize.mjs" was
│  ignored.
│
▲  Vite
│  node_modules/@mantine/core/esm/core/utils/find-closest-number/find-closest-number.mjs
│  (1:0): Module level directives cause errors when bundled, "use client"
│  in
│  "node_modules/@mantine/core/esm/core/utils/find-closest-number/find-closest-number.mjs"
│  was ignored.
│
▲  Vite
│  node_modules/@mantine/core/esm/core/utils/find-element-in-shadow-dom/find-element-in-shadow-dom.mjs
│  (1:0): Module level directives cause errors when bundled, "use client"
│  in
│  "node_modules/@mantine/core/esm/core/utils/find-element-in-shadow-dom/find-element-in-shadow-dom.mjs"
│  was ignored.
│
▲  Vite
│  node_modules/@mantine/core/esm/core/utils/get-single-element-child/get-single-element-child.mjs
│  (1:0): Module level directives cause errors when bundled, "use client"
│  in
│  "node_modules/@mantine/core/esm/core/utils/get-single-element-child/get-single-element-child.mjs"
│  was ignored.
│
▲  Vite
│  node_modules/@mantine/core/esm/core/styles-api/create-vars-resolver/create-vars-resolver.mjs
│  (1:0): Module level directives cause errors when bundled, "use client"
│  in
│  "node_modules/@mantine/core/esm/core/styles-api/create-vars-resolver/create-vars-resolver.mjs"
│  was ignored.
│
▲  Vite
│  node_modules/@mantine/core/esm/core/styles-api/use-styles/get-class-name/resolve-class-names/resolve-class-names.mjs
│  (1:0): Module level directives cause errors when bundled, "use client"
│  in
│  "node_modules/@mantine/core/esm/core/styles-api/use-styles/get-class-name/resolve-class-names/resolve-class-names.mjs"
│  was ignored.
│
▲  Vite
│  node_modules/@mantine/core/esm/core/styles-api/use-styles/get-style/resolve-styles/resolve-styles.mjs
│  (1:0): Module level directives cause errors when bundled, "use client"
│  in
│  "node_modules/@mantine/core/esm/core/styles-api/use-styles/get-style/resolve-styles/resolve-styles.mjs"
│  was ignored.
│
▲  Vite
│  node_modules/@mantine/core/esm/core/styles-api/use-resolved-styles-api/use-resolved-styles-api.mjs
│  (1:0): Module level directives cause errors when bundled, "use client"
│  in
│  "node_modules/@mantine/core/esm/core/styles-api/use-resolved-styles-api/use-resolved-styles-api.mjs"
│  was ignored.
│
▲  Vite
│  node_modules/@mantine/core/esm/core/styles-api/use-styles/use-styles.mjs
│  (1:0): Module level directives cause errors when bundled, "use client"
│  in
│  "node_modules/@mantine/core/esm/core/styles-api/use-styles/use-styles.mjs"
│  was ignored.
│
▲  Vite
│  node_modules/@mantine/core/esm/core/MantineProvider/color-scheme-managers/local-storage-manager.mjs
│  (1:0): Module level directives cause errors when bundled, "use client"
│  in
│  "node_modules/@mantine/core/esm/core/MantineProvider/color-scheme-managers/local-storage-manager.mjs"
│  was ignored.
│
▲  Vite
│  node_modules/@mantine/core/esm/core/MantineProvider/color-scheme-managers/is-mantine-color-scheme.mjs
│  (1:0): Module level directives cause errors when bundled, "use client"
│  in
│  "node_modules/@mantine/core/esm/core/MantineProvider/color-scheme-managers/is-mantine-color-scheme.mjs"
│  was ignored.
│
▲  Vite
│  node_modules/@mantine/core/esm/core/styles-api/use-styles/get-class-name/get-global-class-names/get-global-class-names.mjs
│  (1:0): Module level directives cause errors when bundled, "use client"
│  in
│  "node_modules/@mantine/core/esm/core/styles-api/use-styles/get-class-name/get-global-class-names/get-global-class-names.mjs"
│  was ignored.
│
▲  Vite
│  node_modules/@mantine/core/esm/core/MantineProvider/color-functions/get-primary-shade/get-primary-shade.mjs
│  (1:0): Module level directives cause errors when bundled, "use client"
│  in
│  "node_modules/@mantine/core/esm/core/MantineProvider/color-functions/get-primary-shade/get-primary-shade.mjs"
│  was ignored.
│
▲  Vite
│  node_modules/@mantine/core/esm/core/MantineProvider/color-functions/parse-theme-color/parse-theme-color.mjs
│  (1:0): Module level directives cause errors when bundled, "use client"
│  in
│  "node_modules/@mantine/core/esm/core/MantineProvider/color-functions/parse-theme-color/parse-theme-color.mjs"
│  was ignored.
│
▲  Vite
│  node_modules/@mantine/core/esm/core/MantineProvider/color-functions/get-gradient/get-gradient.mjs
│  (1:0): Module level directives cause errors when bundled, "use client"
│  in
│  "node_modules/@mantine/core/esm/core/MantineProvider/color-functions/get-gradient/get-gradient.mjs"
│  was ignored.
│
▲  Vite
│  node_modules/@mantine/core/esm/core/utils/get-ref-prop/get-ref-prop.mjs
│  (1:0): Module level directives cause errors when bundled, "use client"
│  in
│  "node_modules/@mantine/core/esm/core/utils/get-ref-prop/get-ref-prop.mjs"
│  was ignored.
│
▲  Vite
│  node_modules/@mantine/core/esm/core/MantineProvider/color-functions/get-contrast-color/get-contrast-color.mjs
│  (1:0): Module level directives cause errors when bundled, "use client"
│  in
│  "node_modules/@mantine/core/esm/core/MantineProvider/color-functions/get-contrast-color/get-contrast-color.mjs"
│  was ignored.
│
▲  Vite
│  node_modules/@mantine/core/esm/core/MantineProvider/color-functions/get-auto-contrast-value/get-auto-contrast-value.mjs
│  (1:0): Module level directives cause errors when bundled, "use client"
│  in
│  "node_modules/@mantine/core/esm/core/MantineProvider/color-functions/get-auto-contrast-value/get-auto-contrast-value.mjs"
│  was ignored.
│
▲  Vite
│  node_modules/@mantine/core/esm/core/MantineProvider/use-mantine-color-scheme/use-mantine-color-scheme.mjs
│  (1:0): Module level directives cause errors when bundled, "use client"
│  in
│  "node_modules/@mantine/core/esm/core/MantineProvider/use-mantine-color-scheme/use-mantine-color-scheme.mjs"
│  was ignored.
│
▲  Vite
│  node_modules/@mantine/core/esm/core/MantineProvider/use-mantine-color-scheme/use-provider-color-scheme.mjs
│  (1:0): Module level directives cause errors when bundled, "use client"
│  in
│  "node_modules/@mantine/core/esm/core/MantineProvider/use-mantine-color-scheme/use-provider-color-scheme.mjs"
│  was ignored.
│
▲  Vite
│  node_modules/@mantine/core/esm/core/MantineProvider/use-mantine-color-scheme/use-computed-color-scheme.mjs
│  (1:0): Module level directives cause errors when bundled, "use client"
│  in
│  "node_modules/@mantine/core/esm/core/MantineProvider/use-mantine-color-scheme/use-computed-color-scheme.mjs"
│  was ignored.
│
▲  Vite
│  node_modules/@mantine/core/esm/core/MantineProvider/ColorSchemeScript/ColorSchemeScript.mjs
│  (1:0): Module level directives cause errors when bundled, "use client"
│  in
│  "node_modules/@mantine/core/esm/core/MantineProvider/ColorSchemeScript/ColorSchemeScript.mjs"
│  was ignored.
│
▲  Vite
│  node_modules/@mantine/core/esm/core/MantineProvider/Mantine.context.mjs
│  (1:0): Module level directives cause errors when bundled, "use client"
│  in
│  "node_modules/@mantine/core/esm/core/MantineProvider/Mantine.context.mjs"
│  was ignored.
│
▲  Vite
│  node_modules/@mantine/core/esm/core/MantineProvider/MantineProvider.mjs
│  (1:0): Module level directives cause errors when bundled, "use client"
│  in
│  "node_modules/@mantine/core/esm/core/MantineProvider/MantineProvider.mjs"
│  was ignored.
│
▲  Vite
│  node_modules/@mantine/core/esm/core/MantineProvider/MantineThemeProvider/MantineThemeProvider.mjs
│  (1:0): Module level directives cause errors when bundled, "use client"
│  in
│  "node_modules/@mantine/core/esm/core/MantineProvider/MantineThemeProvider/MantineThemeProvider.mjs"
│  was ignored.
│
▲  Vite
│  node_modules/@mantine/core/esm/core/MantineProvider/use-props/use-props.mjs
│  (1:0): Module level directives cause errors when bundled, "use client"
│  in
│  "node_modules/@mantine/core/esm/core/MantineProvider/use-props/use-props.mjs"
│  was ignored.
│
▲  Vite
│  node_modules/@mantine/core/esm/core/MantineProvider/convert-css-variables/convert-css-variables.mjs
│  (1:0): Module level directives cause errors when bundled, "use client"
│  in
│  "node_modules/@mantine/core/esm/core/MantineProvider/convert-css-variables/convert-css-variables.mjs"
│  was ignored.
│
▲  Vite
│  node_modules/@mantine/core/esm/core/MantineProvider/MantineCssVariables/default-css-variables-resolver.mjs
│  (1:0): Module level directives cause errors when bundled, "use client"
│  in
│  "node_modules/@mantine/core/esm/core/MantineProvider/MantineCssVariables/default-css-variables-resolver.mjs"
│  was ignored.
│
▲  Vite
│  node_modules/@mantine/core/esm/core/MantineProvider/color-functions/default-variant-colors-resolver/default-variant-colors-resolver.mjs
│  (1:0): Module level directives cause errors when bundled, "use client"
│  in
│  "node_modules/@mantine/core/esm/core/MantineProvider/color-functions/default-variant-colors-resolver/default-variant-colors-resolver.mjs"
│  was ignored.
│
▲  Vite
│  node_modules/@mantine/core/esm/core/MantineProvider/MantineCssVariables/MantineCssVariables.mjs
│  (1:0): Module level directives cause errors when bundled, "use client"
│  in
│  "node_modules/@mantine/core/esm/core/MantineProvider/MantineCssVariables/MantineCssVariables.mjs"
│  was ignored.
│
▲  Vite
│  node_modules/@mantine/core/esm/core/MantineProvider/MantineCssVariables/get-css-color-variables.mjs
│  (1:0): Module level directives cause errors when bundled, "use client"
│  in
│  "node_modules/@mantine/core/esm/core/MantineProvider/MantineCssVariables/get-css-color-variables.mjs"
│  was ignored.
│
▲  Vite
│  node_modules/@mantine/core/esm/core/MantineProvider/use-matches/use-matches.mjs
│  (1:0): Module level directives cause errors when bundled, "use client"
│  in
│  "node_modules/@mantine/core/esm/core/MantineProvider/use-matches/use-matches.mjs"
│  was ignored.
│
▲  Vite node_modules/@mantine/core/esm/core/InlineStyles/InlineStyles.mjs
│  (1:0): Module level directives cause errors when bundled, "use client"
│  in "node_modules/@mantine/core/esm/core/InlineStyles/InlineStyles.mjs"
│  was ignored.
│
▲  Vite
│  node_modules/@mantine/core/esm/core/InlineStyles/styles-to-string/styles-to-string.mjs
│  (1:0): Module level directives cause errors when bundled, "use client"
│  in
│  "node_modules/@mantine/core/esm/core/InlineStyles/styles-to-string/styles-to-string.mjs"
│  was ignored.
│
▲  Vite
│  node_modules/@mantine/core/esm/core/Box/style-props/extract-style-props/extract-style-props.mjs
│  (1:0): Module level directives cause errors when bundled, "use client"
│  in
│  "node_modules/@mantine/core/esm/core/Box/style-props/extract-style-props/extract-style-props.mjs"
│  was ignored.
│
▲  Vite
│  node_modules/@mantine/core/esm/core/Box/style-props/parse-style-props/parse-style-props.mjs
│  (1:0): Module level directives cause errors when bundled, "use client"
│  in
│  "node_modules/@mantine/core/esm/core/Box/style-props/parse-style-props/parse-style-props.mjs"
│  was ignored.
│
▲  Vite
│  node_modules/@mantine/core/esm/core/Box/style-props/style-props-data.mjs
│  (1:0): Module level directives cause errors when bundled, "use client"
│  in
│  "node_modules/@mantine/core/esm/core/Box/style-props/style-props-data.mjs"
│  was ignored.
│
▲  Vite
│  node_modules/@mantine/core/esm/core/Box/use-random-classname/use-random-classname.mjs
│  (1:0): Module level directives cause errors when bundled, "use client"
│  in
│  "node_modules/@mantine/core/esm/core/Box/use-random-classname/use-random-classname.mjs"
│  was ignored.
│
▲  Vite
│  node_modules/@mantine/core/esm/core/Box/get-style-object/get-style-object.mjs
│  (1:0): Module level directives cause errors when bundled, "use client"
│  in
│  "node_modules/@mantine/core/esm/core/Box/get-style-object/get-style-object.mjs"
│  was ignored.
│
▲  Vite node_modules/@mantine/core/esm/core/Box/Box.mjs (1:0): Module
│  level directives cause errors when bundled, "use client" in
│  "node_modules/@mantine/core/esm/core/Box/Box.mjs" was ignored.
│
▲  Vite node_modules/@mantine/core/esm/core/factory/factory.mjs (1:0):
│  Module level directives cause errors when bundled, "use client" in
│  "node_modules/@mantine/core/esm/core/factory/factory.mjs" was ignored.
│
▲  Vite
│  node_modules/@mantine/core/esm/core/factory/polymorphic-factory.mjs
│  (1:0): Module level directives cause errors when bundled, "use client"
│  in
│  "node_modules/@mantine/core/esm/core/factory/polymorphic-factory.mjs"
│  was ignored.
│
▲  Vite
│  node_modules/@mantine/core/esm/core/DirectionProvider/DirectionProvider.mjs
│  (1:0): Module level directives cause errors when bundled, "use client"
│  in
│  "node_modules/@mantine/core/esm/core/DirectionProvider/DirectionProvider.mjs"
│  was ignored.
│
▲  Vite node_modules/@mantine/core/esm/components/Collapse/Collapse.mjs
│  (1:0): Module level directives cause errors when bundled, "use client"
│  in "node_modules/@mantine/core/esm/components/Collapse/Collapse.mjs"
│  was ignored.
│
▲  Vite
│  node_modules/@mantine/core/esm/components/ScrollArea/ScrollArea.mjs
│  (1:0): Module level directives cause errors when bundled, "use client"
│  in
│  "node_modules/@mantine/core/esm/components/ScrollArea/ScrollArea.mjs"
│  was ignored.
│
▲  Vite
│  node_modules/@mantine/core/esm/components/UnstyledButton/UnstyledButton.mjs
│  (1:0): Module level directives cause errors when bundled, "use client"
│  in
│  "node_modules/@mantine/core/esm/components/UnstyledButton/UnstyledButton.mjs"
│  was ignored.
│
▲  Vite
│  node_modules/@mantine/core/esm/components/VisuallyHidden/VisuallyHidden.mjs
│  (1:0): Module level directives cause errors when bundled, "use client"
│  in
│  "node_modules/@mantine/core/esm/components/VisuallyHidden/VisuallyHidden.mjs"
│  was ignored.
│
▲  Vite node_modules/@mantine/core/esm/components/Paper/Paper.mjs (1:0):
│  Module level directives cause errors when bundled, "use client" in
│  "node_modules/@mantine/core/esm/components/Paper/Paper.mjs" was
│  ignored.
│
▲  Vite node_modules/@mantine/core/esm/components/Popover/Popover.mjs
│  (1:0): Module level directives cause errors when bundled, "use client"
│  in "node_modules/@mantine/core/esm/components/Popover/Popover.mjs" was
│  ignored.
│
▲  Vite
│  node_modules/@mantine/core/esm/components/Popover/PopoverDropdown/PopoverDropdown.mjs
│  (1:0): Module level directives cause errors when bundled, "use client"
│  in
│  "node_modules/@mantine/core/esm/components/Popover/PopoverDropdown/PopoverDropdown.mjs"
│  was ignored.
│
▲  Vite
│  node_modules/@mantine/core/esm/components/Popover/PopoverTarget/PopoverTarget.mjs
│  (1:0): Module level directives cause errors when bundled, "use client"
│  in
│  "node_modules/@mantine/core/esm/components/Popover/PopoverTarget/PopoverTarget.mjs"
│  was ignored.
│
▲  Vite
│  node_modules/@mantine/core/esm/components/ActionIcon/ActionIcon.mjs
│  (1:0): Module level directives cause errors when bundled, "use client"
│  in
│  "node_modules/@mantine/core/esm/components/ActionIcon/ActionIcon.mjs"
│  was ignored.
│
▲  Vite
│  node_modules/@mantine/core/esm/components/ActionIcon/ActionIconGroup/ActionIconGroup.mjs
│  (1:0): Module level directives cause errors when bundled, "use client"
│  in
│  "node_modules/@mantine/core/esm/components/ActionIcon/ActionIconGroup/ActionIconGroup.mjs"
│  was ignored.
│
▲  Vite
│  node_modules/@mantine/core/esm/components/ActionIcon/ActionIconGroupSection/ActionIconGroupSection.mjs
│  (1:0): Module level directives cause errors when bundled, "use client"
│  in
│  "node_modules/@mantine/core/esm/components/ActionIcon/ActionIconGroupSection/ActionIconGroupSection.mjs"
│  was ignored.
│
▲  Vite
│  node_modules/@mantine/core/esm/components/CloseButton/CloseButton.mjs
│  (1:0): Module level directives cause errors when bundled, "use client"
│  in
│  "node_modules/@mantine/core/esm/components/CloseButton/CloseButton.mjs"
│  was ignored.
│
▲  Vite
│  node_modules/@mantine/core/esm/components/CloseButton/CloseIcon.mjs
│  (1:0): Module level directives cause errors when bundled, "use client"
│  in
│  "node_modules/@mantine/core/esm/components/CloseButton/CloseIcon.mjs"
│  was ignored.
│
▲  Vite node_modules/@mantine/core/esm/components/Group/Group.mjs (1:0):
│  Module level directives cause errors when bundled, "use client" in
│  "node_modules/@mantine/core/esm/components/Group/Group.mjs" was
│  ignored.
│
▲  Vite node_modules/@mantine/core/esm/components/Loader/Loader.mjs
│  (1:0): Module level directives cause errors when bundled, "use client"
│  in "node_modules/@mantine/core/esm/components/Loader/Loader.mjs" was
│  ignored.
│
▲  Vite node_modules/@mantine/core/esm/components/Overlay/Overlay.mjs
│  (1:0): Module level directives cause errors when bundled, "use client"
│  in "node_modules/@mantine/core/esm/components/Overlay/Overlay.mjs" was
│  ignored.
│
▲  Vite node_modules/@mantine/core/esm/components/ModalBase/ModalBase.mjs
│  (1:0): Module level directives cause errors when bundled, "use client"
│  in "node_modules/@mantine/core/esm/components/ModalBase/ModalBase.mjs"
│  was ignored.
│
▲  Vite
│  node_modules/@mantine/core/esm/components/ModalBase/ModalBaseBody.mjs
│  (1:0): Module level directives cause errors when bundled, "use client"
│  in
│  "node_modules/@mantine/core/esm/components/ModalBase/ModalBaseBody.mjs"
│  was ignored.
│
▲  Vite
│  node_modules/@mantine/core/esm/components/ModalBase/ModalBaseCloseButton.mjs
│  (1:0): Module level directives cause errors when bundled, "use client"
│  in
│  "node_modules/@mantine/core/esm/components/ModalBase/ModalBaseCloseButton.mjs"
│  was ignored.
│
▲  Vite
│  node_modules/@mantine/core/esm/components/ModalBase/ModalBaseContent.mjs
│  (1:0): Module level directives cause errors when bundled, "use client"
│  in
│  "node_modules/@mantine/core/esm/components/ModalBase/ModalBaseContent.mjs"
│  was ignored.
│
▲  Vite
│  node_modules/@mantine/core/esm/components/ModalBase/ModalBaseHeader.mjs
│  (1:0): Module level directives cause errors when bundled, "use client"
│  in
│  "node_modules/@mantine/core/esm/components/ModalBase/ModalBaseHeader.mjs"
│  was ignored.
│
▲  Vite
│  node_modules/@mantine/core/esm/components/ModalBase/ModalBaseOverlay.mjs
│  (1:0): Module level directives cause errors when bundled, "use client"
│  in
│  "node_modules/@mantine/core/esm/components/ModalBase/ModalBaseOverlay.mjs"
│  was ignored.
│
▲  Vite
│  node_modules/@mantine/core/esm/components/ModalBase/ModalBaseTitle.mjs
│  (1:0): Module level directives cause errors when bundled, "use client"
│  in
│  "node_modules/@mantine/core/esm/components/ModalBase/ModalBaseTitle.mjs"
│  was ignored.
│
▲  Vite
│  node_modules/@mantine/core/esm/components/ModalBase/NativeScrollArea.mjs
│  (1:0): Module level directives cause errors when bundled, "use client"
│  in
│  "node_modules/@mantine/core/esm/components/ModalBase/NativeScrollArea.mjs"
│  was ignored.
│
▲  Vite
│  node_modules/@mantine/core/esm/components/Input/InputWrapper/InputWrapper.mjs
│  (1:0): Module level directives cause errors when bundled, "use client"
│  in
│  "node_modules/@mantine/core/esm/components/Input/InputWrapper/InputWrapper.mjs"
│  was ignored.
│
▲  Vite
│  node_modules/@mantine/core/esm/components/Input/InputDescription/InputDescription.mjs
│  (1:0): Module level directives cause errors when bundled, "use client"
│  in
│  "node_modules/@mantine/core/esm/components/Input/InputDescription/InputDescription.mjs"
│  was ignored.
│
▲  Vite node_modules/@mantine/core/esm/components/Input/Input.mjs (1:0):
│  Module level directives cause errors when bundled, "use client" in
│  "node_modules/@mantine/core/esm/components/Input/Input.mjs" was
│  ignored.
│
▲  Vite
│  node_modules/@mantine/core/esm/components/Input/InputError/InputError.mjs
│  (1:0): Module level directives cause errors when bundled, "use client"
│  in
│  "node_modules/@mantine/core/esm/components/Input/InputError/InputError.mjs"
│  was ignored.
│
▲  Vite
│  node_modules/@mantine/core/esm/components/Input/InputPlaceholder/InputPlaceholder.mjs
│  (1:0): Module level directives cause errors when bundled, "use client"
│  in
│  "node_modules/@mantine/core/esm/components/Input/InputPlaceholder/InputPlaceholder.mjs"
│  was ignored.
│
▲  Vite
│  node_modules/@mantine/core/esm/components/Input/InputLabel/InputLabel.mjs
│  (1:0): Module level directives cause errors when bundled, "use client"
│  in
│  "node_modules/@mantine/core/esm/components/Input/InputLabel/InputLabel.mjs"
│  was ignored.
│
▲  Vite
│  node_modules/@mantine/core/esm/components/Input/InputClearButton/InputClearButton.mjs
│  (1:0): Module level directives cause errors when bundled, "use client"
│  in
│  "node_modules/@mantine/core/esm/components/Input/InputClearButton/InputClearButton.mjs"
│  was ignored.
│
▲  Vite
│  node_modules/@mantine/core/esm/components/Input/use-input-props.mjs
│  (1:0): Module level directives cause errors when bundled, "use client"
│  in
│  "node_modules/@mantine/core/esm/components/Input/use-input-props.mjs"
│  was ignored.
│
▲  Vite
│  node_modules/@mantine/core/esm/components/Input/InputWrapper.context.mjs
│  (1:0): Module level directives cause errors when bundled, "use client"
│  in
│  "node_modules/@mantine/core/esm/components/Input/InputWrapper.context.mjs"
│  was ignored.
│
▲  Vite node_modules/@mantine/core/esm/components/InputBase/InputBase.mjs
│  (1:0): Module level directives cause errors when bundled, "use client"
│  in "node_modules/@mantine/core/esm/components/InputBase/InputBase.mjs"
│  was ignored.
│
▲  Vite node_modules/@mantine/core/esm/components/Flex/flex-props.mjs
│  (1:0): Module level directives cause errors when bundled, "use client"
│  in "node_modules/@mantine/core/esm/components/Flex/flex-props.mjs" was
│  ignored.
│
▲  Vite node_modules/@mantine/core/esm/components/Flex/Flex.mjs (1:0):
│  Module level directives cause errors when bundled, "use client" in
│  "node_modules/@mantine/core/esm/components/Flex/Flex.mjs" was ignored.
│
▲  Vite
│  node_modules/@mantine/core/esm/utils/Floating/FloatingArrow/FloatingArrow.mjs
│  (1:0): Module level directives cause errors when bundled, "use client"
│  in
│  "node_modules/@mantine/core/esm/utils/Floating/FloatingArrow/FloatingArrow.mjs"
│  was ignored.
│
▲  Vite
│  node_modules/@mantine/core/esm/utils/Floating/get-floating-position/get-floating-position.mjs
│  (1:0): Module level directives cause errors when bundled, "use client"
│  in
│  "node_modules/@mantine/core/esm/utils/Floating/get-floating-position/get-floating-position.mjs"
│  was ignored.
│
▲  Vite
│  node_modules/@mantine/core/esm/utils/Floating/use-delayed-hover.mjs
│  (1:0): Module level directives cause errors when bundled, "use client"
│  in
│  "node_modules/@mantine/core/esm/utils/Floating/use-delayed-hover.mjs"
│  was ignored.
│
▲  Vite
│  node_modules/@mantine/core/esm/components/Accordion/AccordionChevron.mjs
│  (1:0): Module level directives cause errors when bundled, "use client"
│  in
│  "node_modules/@mantine/core/esm/components/Accordion/AccordionChevron.mjs"
│  was ignored.
│
▲  Vite
│  node_modules/@mantine/core/esm/components/Accordion/AccordionItem/AccordionItem.mjs
│  (1:0): Module level directives cause errors when bundled, "use client"
│  in
│  "node_modules/@mantine/core/esm/components/Accordion/AccordionItem/AccordionItem.mjs"
│  was ignored.
│
▲  Vite
│  node_modules/@mantine/core/esm/components/Accordion/AccordionPanel/AccordionPanel.mjs
│  (1:0): Module level directives cause errors when bundled, "use client"
│  in
│  "node_modules/@mantine/core/esm/components/Accordion/AccordionPanel/AccordionPanel.mjs"
│  was ignored.
│
▲  Vite node_modules/@mantine/core/esm/components/Accordion/Accordion.mjs
│  (1:0): Module level directives cause errors when bundled, "use client"
│  in "node_modules/@mantine/core/esm/components/Accordion/Accordion.mjs"
│  was ignored.
│
▲  Vite
│  node_modules/@mantine/core/esm/components/Accordion/AccordionControl/AccordionControl.mjs
│  (1:0): Module level directives cause errors when bundled, "use client"
│  in
│  "node_modules/@mantine/core/esm/components/Accordion/AccordionControl/AccordionControl.mjs"
│  was ignored.
│
▲  Vite node_modules/@mantine/core/esm/components/Affix/Affix.mjs (1:0):
│  Module level directives cause errors when bundled, "use client" in
│  "node_modules/@mantine/core/esm/components/Affix/Affix.mjs" was
│  ignored.
│
▲  Vite node_modules/@mantine/core/esm/components/Alert/Alert.mjs (1:0):
│  Module level directives cause errors when bundled, "use client" in
│  "node_modules/@mantine/core/esm/components/Alert/Alert.mjs" was
│  ignored.
│
▲  Vite node_modules/@mantine/core/esm/components/Anchor/Anchor.mjs
│  (1:0): Module level directives cause errors when bundled, "use client"
│  in "node_modules/@mantine/core/esm/components/Anchor/Anchor.mjs" was
│  ignored.
│
▲  Vite
│  node_modules/@mantine/core/esm/components/AngleSlider/AngleSlider.mjs
│  (1:0): Module level directives cause errors when bundled, "use client"
│  in
│  "node_modules/@mantine/core/esm/components/AngleSlider/AngleSlider.mjs"
│  was ignored.
│
▲  Vite node_modules/@mantine/core/esm/components/AppShell/AppShell.mjs
│  (1:0): Module level directives cause errors when bundled, "use client"
│  in "node_modules/@mantine/core/esm/components/AppShell/AppShell.mjs"
│  was ignored.
│
▲  Vite
│  node_modules/@mantine/core/esm/components/AppShell/AppShellAside/AppShellAside.mjs
│  (1:0): Module level directives cause errors when bundled, "use client"
│  in
│  "node_modules/@mantine/core/esm/components/AppShell/AppShellAside/AppShellAside.mjs"
│  was ignored.
│
▲  Vite
│  node_modules/@mantine/core/esm/components/AppShell/AppShellFooter/AppShellFooter.mjs
│  (1:0): Module level directives cause errors when bundled, "use client"
│  in
│  "node_modules/@mantine/core/esm/components/AppShell/AppShellFooter/AppShellFooter.mjs"
│  was ignored.
│
▲  Vite
│  node_modules/@mantine/core/esm/components/AppShell/AppShellHeader/AppShellHeader.mjs
│  (1:0): Module level directives cause errors when bundled, "use client"
│  in
│  "node_modules/@mantine/core/esm/components/AppShell/AppShellHeader/AppShellHeader.mjs"
│  was ignored.
│
▲  Vite
│  node_modules/@mantine/core/esm/components/AppShell/AppShellNavbar/AppShellNavbar.mjs
│  (1:0): Module level directives cause errors when bundled, "use client"
│  in
│  "node_modules/@mantine/core/esm/components/AppShell/AppShellNavbar/AppShellNavbar.mjs"
│  was ignored.
│
▲  Vite
│  node_modules/@mantine/core/esm/core/MantineProvider/color-functions/get-theme-color/get-theme-color.mjs
│  (1:0): Module level directives cause errors when bundled, "use client"
│  in
│  "node_modules/@mantine/core/esm/core/MantineProvider/color-functions/get-theme-color/get-theme-color.mjs"
│  was ignored.
│
▲  Vite
│  node_modules/@mantine/core/esm/components/AppShell/AppShellSection/AppShellSection.mjs
│  (1:0): Module level directives cause errors when bundled, "use client"
│  in
│  "node_modules/@mantine/core/esm/components/AppShell/AppShellSection/AppShellSection.mjs"
│  was ignored.
│
▲  Vite
│  node_modules/@mantine/core/esm/components/AppShell/AppShellMain/AppShellMain.mjs
│  (1:0): Module level directives cause errors when bundled, "use client"
│  in
│  "node_modules/@mantine/core/esm/components/AppShell/AppShellMain/AppShellMain.mjs"
│  was ignored.
│
▲  Vite node_modules/@mantine/core/esm/components/Avatar/Avatar.mjs
│  (1:0): Module level directives cause errors when bundled, "use client"
│  in "node_modules/@mantine/core/esm/components/Avatar/Avatar.mjs" was
│  ignored.
│
▲  Vite
│  node_modules/@mantine/core/esm/components/Autocomplete/Autocomplete.mjs
│  (1:0): Module level directives cause errors when bundled, "use client"
│  in
│  "node_modules/@mantine/core/esm/components/Autocomplete/Autocomplete.mjs"
│  was ignored.
│
▲  Vite
│  node_modules/@mantine/core/esm/components/Avatar/AvatarGroup/AvatarGroup.mjs
│  (1:0): Module level directives cause errors when bundled, "use client"
│  in
│  "node_modules/@mantine/core/esm/components/Avatar/AvatarGroup/AvatarGroup.mjs"
│  was ignored.
│
▲  Vite
│  node_modules/@mantine/core/esm/components/BackgroundImage/BackgroundImage.mjs
│  (1:0): Module level directives cause errors when bundled, "use client"
│  in
│  "node_modules/@mantine/core/esm/components/BackgroundImage/BackgroundImage.mjs"
│  was ignored.
│
▲  Vite node_modules/@mantine/core/esm/components/Badge/Badge.mjs (1:0):
│  Module level directives cause errors when bundled, "use client" in
│  "node_modules/@mantine/core/esm/components/Badge/Badge.mjs" was
│  ignored.
│
▲  Vite
│  node_modules/@mantine/core/esm/components/Blockquote/Blockquote.mjs
│  (1:0): Module level directives cause errors when bundled, "use client"
│  in
│  "node_modules/@mantine/core/esm/components/Blockquote/Blockquote.mjs"
│  was ignored.
│
▲  Vite
│  node_modules/@mantine/core/esm/components/Breadcrumbs/Breadcrumbs.mjs
│  (1:0): Module level directives cause errors when bundled, "use client"
│  in
│  "node_modules/@mantine/core/esm/components/Breadcrumbs/Breadcrumbs.mjs"
│  was ignored.
│
▲  Vite
│  node_modules/@mantine/core/esm/core/MantineProvider/merge-theme-overrides/merge-theme-overrides.mjs
│  (1:0): Module level directives cause errors when bundled, "use client"
│  in
│  "node_modules/@mantine/core/esm/core/MantineProvider/merge-theme-overrides/merge-theme-overrides.mjs"
│  was ignored.
│
▲  Vite node_modules/@mantine/core/esm/components/Burger/Burger.mjs
│  (1:0): Module level directives cause errors when bundled, "use client"
│  in "node_modules/@mantine/core/esm/components/Burger/Burger.mjs" was
│  ignored.
│
▲  Vite
│  node_modules/@mantine/core/esm/components/Button/ButtonGroupSection/ButtonGroupSection.mjs
│  (1:0): Module level directives cause errors when bundled, "use client"
│  in
│  "node_modules/@mantine/core/esm/components/Button/ButtonGroupSection/ButtonGroupSection.mjs"
│  was ignored.
│
▲  Vite
│  node_modules/@mantine/core/esm/components/Button/ButtonGroup/ButtonGroup.mjs
│  (1:0): Module level directives cause errors when bundled, "use client"
│  in
│  "node_modules/@mantine/core/esm/components/Button/ButtonGroup/ButtonGroup.mjs"
│  was ignored.
│
▲  Vite node_modules/@mantine/core/esm/components/Card/Card.mjs (1:0):
│  Module level directives cause errors when bundled, "use client" in
│  "node_modules/@mantine/core/esm/components/Card/Card.mjs" was ignored.
│
▲  Vite
│  node_modules/@mantine/core/esm/components/FloatingIndicator/FloatingIndicator.mjs
│  (1:0): Module level directives cause errors when bundled, "use client"
│  in
│  "node_modules/@mantine/core/esm/components/FloatingIndicator/FloatingIndicator.mjs"
│  was ignored.
│
▲  Vite node_modules/@mantine/core/esm/components/Button/Button.mjs
│  (1:0): Module level directives cause errors when bundled, "use client"
│  in "node_modules/@mantine/core/esm/components/Button/Button.mjs" was
│  ignored.
│
▲  Vite
│  node_modules/@mantine/core/esm/components/Card/CardSection/CardSection.mjs
│  (1:0): Module level directives cause errors when bundled, "use client"
│  in
│  "node_modules/@mantine/core/esm/components/Card/CardSection/CardSection.mjs"
│  was ignored.
│
▲  Vite
│  node_modules/@mantine/core/esm/components/Checkbox/CheckboxGroup/CheckboxGroup.mjs
│  (1:0): Module level directives cause errors when bundled, "use client"
│  in
│  "node_modules/@mantine/core/esm/components/Checkbox/CheckboxGroup/CheckboxGroup.mjs"
│  was ignored.
│
▲  Vite node_modules/@mantine/core/esm/components/Checkbox/CheckIcon.mjs
│  (1:0): Module level directives cause errors when bundled, "use client"
│  in "node_modules/@mantine/core/esm/components/Checkbox/CheckIcon.mjs"
│  was ignored.
│
▲  Vite node_modules/@mantine/core/esm/components/Checkbox/Checkbox.mjs
│  (1:0): Module level directives cause errors when bundled, "use client"
│  in "node_modules/@mantine/core/esm/components/Checkbox/Checkbox.mjs"
│  was ignored.
│
▲  Vite
│  node_modules/@mantine/core/esm/components/Checkbox/CheckboxIndicator/CheckboxIndicator.mjs
│  (1:0): Module level directives cause errors when bundled, "use client"
│  in
│  "node_modules/@mantine/core/esm/components/Checkbox/CheckboxIndicator/CheckboxIndicator.mjs"
│  was ignored.
│
▲  Vite
│  node_modules/@mantine/core/esm/components/Checkbox/CheckboxCard/CheckboxCard.mjs
│  (1:0): Module level directives cause errors when bundled, "use client"
│  in
│  "node_modules/@mantine/core/esm/components/Checkbox/CheckboxCard/CheckboxCard.mjs"
│  was ignored.
│
▲  Vite
│  node_modules/@mantine/core/esm/components/Checkbox/CheckboxGroup.context.mjs
│  (1:0): Module level directives cause errors when bundled, "use client"
│  in
│  "node_modules/@mantine/core/esm/components/Checkbox/CheckboxGroup.context.mjs"
│  was ignored.
│
▲  Vite
│  node_modules/@mantine/core/esm/components/Checkbox/CheckboxCard/CheckboxCard.context.mjs
│  (1:0): Module level directives cause errors when bundled, "use client"
│  in
│  "node_modules/@mantine/core/esm/components/Checkbox/CheckboxCard/CheckboxCard.context.mjs"
│  was ignored.
│
▲  Vite node_modules/@mantine/core/esm/components/Chip/Chip.mjs (1:0):
│  Module level directives cause errors when bundled, "use client" in
│  "node_modules/@mantine/core/esm/components/Chip/Chip.mjs" was ignored.
│
▲  Vite
│  node_modules/@mantine/core/esm/components/Chip/ChipGroup/ChipGroup.mjs
│  (1:0): Module level directives cause errors when bundled, "use client"
│  in
│  "node_modules/@mantine/core/esm/components/Chip/ChipGroup/ChipGroup.mjs"
│  was ignored.
│
▲  Vite node_modules/@mantine/core/esm/components/Code/Code.mjs (1:0):
│  Module level directives cause errors when bundled, "use client" in
│  "node_modules/@mantine/core/esm/components/Code/Code.mjs" was ignored.
│
▲  Vite
│  node_modules/@mantine/core/esm/components/ColorPicker/ColorPicker.mjs
│  (1:0): Module level directives cause errors when bundled, "use client"
│  in
│  "node_modules/@mantine/core/esm/components/ColorPicker/ColorPicker.mjs"
│  was ignored.
│
▲  Vite
│  node_modules/@mantine/core/esm/components/ColorPicker/AlphaSlider/AlphaSlider.mjs
│  (1:0): Module level directives cause errors when bundled, "use client"
│  in
│  "node_modules/@mantine/core/esm/components/ColorPicker/AlphaSlider/AlphaSlider.mjs"
│  was ignored.
│
▲  Vite
│  node_modules/@mantine/core/esm/components/ColorPicker/HueSlider/HueSlider.mjs
│  (1:0): Module level directives cause errors when bundled, "use client"
│  in
│  "node_modules/@mantine/core/esm/components/ColorPicker/HueSlider/HueSlider.mjs"
│  was ignored.
│
▲  Vite
│  node_modules/@mantine/core/esm/components/ColorPicker/converters/parsers.mjs
│  (1:0): Module level directives cause errors when bundled, "use client"
│  in
│  "node_modules/@mantine/core/esm/components/ColorPicker/converters/parsers.mjs"
│  was ignored.
│
▲  Vite
│  node_modules/@mantine/core/esm/components/ColorSwatch/ColorSwatch.mjs
│  (1:0): Module level directives cause errors when bundled, "use client"
│  in
│  "node_modules/@mantine/core/esm/components/ColorSwatch/ColorSwatch.mjs"
│  was ignored.
│
▲  Vite
│  node_modules/@mantine/core/esm/components/ColorPicker/converters/converters.mjs
│  (1:0): Module level directives cause errors when bundled, "use client"
│  in
│  "node_modules/@mantine/core/esm/components/ColorPicker/converters/converters.mjs"
│  was ignored.
│
▲  Vite
│  node_modules/@mantine/core/esm/components/Combobox/get-parsed-combobox-data/get-parsed-combobox-data.mjs
│  (1:0): Module level directives cause errors when bundled, "use client"
│  in
│  "node_modules/@mantine/core/esm/components/Combobox/get-parsed-combobox-data/get-parsed-combobox-data.mjs"
│  was ignored.
│
▲  Vite
│  node_modules/@mantine/core/esm/components/ColorInput/ColorInput.mjs
│  (1:0): Module level directives cause errors when bundled, "use client"
│  in
│  "node_modules/@mantine/core/esm/components/ColorInput/ColorInput.mjs"
│  was ignored.
│
▲  Vite
│  node_modules/@mantine/core/esm/components/Combobox/ComboboxChevron/ComboboxChevron.mjs
│  (1:0): Module level directives cause errors when bundled, "use client"
│  in
│  "node_modules/@mantine/core/esm/components/Combobox/ComboboxChevron/ComboboxChevron.mjs"
│  was ignored.
│
▲  Vite
│  node_modules/@mantine/core/esm/components/Combobox/get-options-lockup/get-options-lockup.mjs
│  (1:0): Module level directives cause errors when bundled, "use client"
│  in
│  "node_modules/@mantine/core/esm/components/Combobox/get-options-lockup/get-options-lockup.mjs"
│  was ignored.
│
▲  Vite node_modules/@mantine/core/esm/components/Combobox/Combobox.mjs
│  (1:0): Module level directives cause errors when bundled, "use client"
│  in "node_modules/@mantine/core/esm/components/Combobox/Combobox.mjs"
│  was ignored.
│
▲  Vite
│  node_modules/@mantine/core/esm/components/Combobox/ComboboxDropdown/ComboboxDropdown.mjs
│  (1:0): Module level directives cause errors when bundled, "use client"
│  in
│  "node_modules/@mantine/core/esm/components/Combobox/ComboboxDropdown/ComboboxDropdown.mjs"
│  was ignored.
│
▲  Vite
│  node_modules/@mantine/core/esm/components/Combobox/ComboboxOptions/ComboboxOptions.mjs
│  (1:0): Module level directives cause errors when bundled, "use client"
│  in
│  "node_modules/@mantine/core/esm/components/Combobox/ComboboxOptions/ComboboxOptions.mjs"
│  was ignored.
│
▲  Vite
│  node_modules/@mantine/core/esm/components/Combobox/ComboboxOption/ComboboxOption.mjs
│  (1:0): Module level directives cause errors when bundled, "use client"
│  in
│  "node_modules/@mantine/core/esm/components/Combobox/ComboboxOption/ComboboxOption.mjs"
│  was ignored.
│
▲  Vite
│  node_modules/@mantine/core/esm/components/Combobox/ComboboxTarget/ComboboxTarget.mjs
│  (1:0): Module level directives cause errors when bundled, "use client"
│  in
│  "node_modules/@mantine/core/esm/components/Combobox/ComboboxTarget/ComboboxTarget.mjs"
│  was ignored.
│
▲  Vite
│  node_modules/@mantine/core/esm/components/Combobox/ComboboxSearch/ComboboxSearch.mjs
│  (1:0): Module level directives cause errors when bundled, "use client"
│  in
│  "node_modules/@mantine/core/esm/components/Combobox/ComboboxSearch/ComboboxSearch.mjs"
│  was ignored.
│
▲  Vite
│  node_modules/@mantine/core/esm/components/Combobox/ComboboxEmpty/ComboboxEmpty.mjs
│  (1:0): Module level directives cause errors when bundled, "use client"
│  in
│  "node_modules/@mantine/core/esm/components/Combobox/ComboboxEmpty/ComboboxEmpty.mjs"
│  was ignored.
│
▲  Vite
│  node_modules/@mantine/core/esm/components/AspectRatio/AspectRatio.mjs
│  (1:0): Module level directives cause errors when bundled, "use client"
│  in
│  "node_modules/@mantine/core/esm/components/AspectRatio/AspectRatio.mjs"
│  was ignored.
│
▲  Vite
│  node_modules/@mantine/core/esm/components/Combobox/ComboboxFooter/ComboboxFooter.mjs
│  (1:0): Module level directives cause errors when bundled, "use client"
│  in
│  "node_modules/@mantine/core/esm/components/Combobox/ComboboxFooter/ComboboxFooter.mjs"
│  was ignored.
│
▲  Vite
│  node_modules/@mantine/core/esm/components/Combobox/ComboboxHeader/ComboboxHeader.mjs
│  (1:0): Module level directives cause errors when bundled, "use client"
│  in
│  "node_modules/@mantine/core/esm/components/Combobox/ComboboxHeader/ComboboxHeader.mjs"
│  was ignored.
│
▲  Vite
│  node_modules/@mantine/core/esm/components/Combobox/ComboboxEventsTarget/ComboboxEventsTarget.mjs
│  (1:0): Module level directives cause errors when bundled, "use client"
│  in
│  "node_modules/@mantine/core/esm/components/Combobox/ComboboxEventsTarget/ComboboxEventsTarget.mjs"
│  was ignored.
│
▲  Vite
│  node_modules/@mantine/core/esm/components/Combobox/ComboboxGroup/ComboboxGroup.mjs
│  (1:0): Module level directives cause errors when bundled, "use client"
│  in
│  "node_modules/@mantine/core/esm/components/Combobox/ComboboxGroup/ComboboxGroup.mjs"
│  was ignored.
│
▲  Vite
│  node_modules/@mantine/core/esm/components/Combobox/ComboboxClearButton/ComboboxClearButton.mjs
│  (1:0): Module level directives cause errors when bundled, "use client"
│  in
│  "node_modules/@mantine/core/esm/components/Combobox/ComboboxClearButton/ComboboxClearButton.mjs"
│  was ignored.
│
▲  Vite
│  node_modules/@mantine/core/esm/components/Combobox/ComboboxHiddenInput/ComboboxHiddenInput.mjs
│  (1:0): Module level directives cause errors when bundled, "use client"
│  in
│  "node_modules/@mantine/core/esm/components/Combobox/ComboboxHiddenInput/ComboboxHiddenInput.mjs"
│  was ignored.
│
▲  Vite
│  node_modules/@mantine/core/esm/components/Combobox/use-combobox/use-virtualized-combobox.mjs
│  (1:0): Module level directives cause errors when bundled, "use client"
│  in
│  "node_modules/@mantine/core/esm/components/Combobox/use-combobox/use-virtualized-combobox.mjs"
│  was ignored.
│
▲  Vite
│  node_modules/@mantine/core/esm/components/Combobox/ComboboxDropdownTarget/ComboboxDropdownTarget.mjs
│  (1:0): Module level directives cause errors when bundled, "use client"
│  in
│  "node_modules/@mantine/core/esm/components/Combobox/ComboboxDropdownTarget/ComboboxDropdownTarget.mjs"
│  was ignored.
│
▲  Vite
│  node_modules/@mantine/core/esm/components/Combobox/OptionsDropdown/OptionsDropdown.mjs
│  (1:0): Module level directives cause errors when bundled, "use client"
│  in
│  "node_modules/@mantine/core/esm/components/Combobox/OptionsDropdown/OptionsDropdown.mjs"
│  was ignored.
│
▲  Vite
│  node_modules/@mantine/core/esm/components/Combobox/use-combobox-target-props/use-combobox-target-props.mjs
│  (1:0): Module level directives cause errors when bundled, "use client"
│  in
│  "node_modules/@mantine/core/esm/components/Combobox/use-combobox-target-props/use-combobox-target-props.mjs"
│  was ignored.
│
▲  Vite
│  node_modules/@mantine/core/esm/components/Combobox/OptionsDropdown/is-options-group.mjs
│  (1:0): Module level directives cause errors when bundled, "use client"
│  in
│  "node_modules/@mantine/core/esm/components/Combobox/OptionsDropdown/is-options-group.mjs"
│  was ignored.
│
▲  Vite
│  node_modules/@mantine/core/esm/components/Combobox/OptionsDropdown/default-options-filter.mjs
│  (1:0): Module level directives cause errors when bundled, "use client"
│  in
│  "node_modules/@mantine/core/esm/components/Combobox/OptionsDropdown/default-options-filter.mjs"
│  was ignored.
│
▲  Vite node_modules/@mantine/core/esm/components/Container/Container.mjs
│  (1:0): Module level directives cause errors when bundled, "use client"
│  in "node_modules/@mantine/core/esm/components/Container/Container.mjs"
│  was ignored.
│
▲  Vite node_modules/@mantine/core/esm/components/Dialog/Dialog.mjs
│  (1:0): Module level directives cause errors when bundled, "use client"
│  in "node_modules/@mantine/core/esm/components/Dialog/Dialog.mjs" was
│  ignored.
│
▲  Vite node_modules/@mantine/core/esm/components/Divider/Divider.mjs
│  (1:0): Module level directives cause errors when bundled, "use client"
│  in "node_modules/@mantine/core/esm/components/Divider/Divider.mjs" was
│  ignored.
│
▲  Vite node_modules/@mantine/core/esm/components/Drawer/DrawerRoot.mjs
│  (1:0): Module level directives cause errors when bundled, "use client"
│  in "node_modules/@mantine/core/esm/components/Drawer/DrawerRoot.mjs"
│  was ignored.
│
▲  Vite
│  node_modules/@mantine/core/esm/components/CopyButton/CopyButton.mjs
│  (1:0): Module level directives cause errors when bundled, "use client"
│  in
│  "node_modules/@mantine/core/esm/components/CopyButton/CopyButton.mjs"
│  was ignored.
│
▲  Vite node_modules/@mantine/core/esm/components/Drawer/Drawer.mjs
│  (1:0): Module level directives cause errors when bundled, "use client"
│  in "node_modules/@mantine/core/esm/components/Drawer/Drawer.mjs" was
│  ignored.
│
▲  Vite node_modules/@mantine/core/esm/components/Drawer/DrawerBody.mjs
│  (1:0): Module level directives cause errors when bundled, "use client"
│  in "node_modules/@mantine/core/esm/components/Drawer/DrawerBody.mjs"
│  was ignored.
│
▲  Vite
│  node_modules/@mantine/core/esm/components/Drawer/DrawerContent.mjs
│  (1:0): Module level directives cause errors when bundled, "use client"
│  in
│  "node_modules/@mantine/core/esm/components/Drawer/DrawerContent.mjs"
│  was ignored.
│
▲  Vite node_modules/@mantine/core/esm/components/Drawer/DrawerHeader.mjs
│  (1:0): Module level directives cause errors when bundled, "use client"
│  in "node_modules/@mantine/core/esm/components/Drawer/DrawerHeader.mjs"
│  was ignored.
│
▲  Vite
│  node_modules/@mantine/core/esm/components/Drawer/DrawerOverlay.mjs
│  (1:0): Module level directives cause errors when bundled, "use client"
│  in
│  "node_modules/@mantine/core/esm/components/Drawer/DrawerOverlay.mjs"
│  was ignored.
│
▲  Vite node_modules/@mantine/core/esm/components/Drawer/DrawerTitle.mjs
│  (1:0): Module level directives cause errors when bundled, "use client"
│  in "node_modules/@mantine/core/esm/components/Drawer/DrawerTitle.mjs"
│  was ignored.
│
▲  Vite
│  node_modules/@mantine/core/esm/components/Drawer/DrawerCloseButton.mjs
│  (1:0): Module level directives cause errors when bundled, "use client"
│  in
│  "node_modules/@mantine/core/esm/components/Drawer/DrawerCloseButton.mjs"
│  was ignored.
│
▲  Vite node_modules/@mantine/core/esm/components/Drawer/DrawerStack.mjs
│  (1:0): Module level directives cause errors when bundled, "use client"
│  in "node_modules/@mantine/core/esm/components/Drawer/DrawerStack.mjs"
│  was ignored.
│
▲  Vite node_modules/@mantine/core/esm/components/Fieldset/Fieldset.mjs
│  (1:0): Module level directives cause errors when bundled, "use client"
│  in "node_modules/@mantine/core/esm/components/Fieldset/Fieldset.mjs"
│  was ignored.
│
▲  Vite node_modules/@mantine/core/esm/components/FileInput/FileInput.mjs
│  (1:0): Module level directives cause errors when bundled, "use client"
│  in "node_modules/@mantine/core/esm/components/FileInput/FileInput.mjs"
│  was ignored.
│
▲  Vite
│  node_modules/@mantine/core/esm/components/FileButton/FileButton.mjs
│  (1:0): Module level directives cause errors when bundled, "use client"
│  in
│  "node_modules/@mantine/core/esm/components/FileButton/FileButton.mjs"
│  was ignored.
│
▲  Vite node_modules/@mantine/core/esm/components/FocusTrap/FocusTrap.mjs
│  (1:0): Module level directives cause errors when bundled, "use client"
│  in "node_modules/@mantine/core/esm/components/FocusTrap/FocusTrap.mjs"
│  was ignored.
│
▲  Vite node_modules/@mantine/core/esm/components/Grid/Grid.mjs (1:0):
│  Module level directives cause errors when bundled, "use client" in
│  "node_modules/@mantine/core/esm/components/Grid/Grid.mjs" was ignored.
│
▲  Vite
│  node_modules/@mantine/core/esm/components/Grid/GridCol/GridCol.mjs
│  (1:0): Module level directives cause errors when bundled, "use client"
│  in
│  "node_modules/@mantine/core/esm/components/Grid/GridCol/GridCol.mjs"
│  was ignored.
│
▲  Vite node_modules/@mantine/core/esm/components/Highlight/Highlight.mjs
│  (1:0): Module level directives cause errors when bundled, "use client"
│  in "node_modules/@mantine/core/esm/components/Highlight/Highlight.mjs"
│  was ignored.
│
▲  Vite node_modules/@mantine/core/esm/components/HoverCard/HoverCard.mjs
│  (1:0): Module level directives cause errors when bundled, "use client"
│  in "node_modules/@mantine/core/esm/components/HoverCard/HoverCard.mjs"
│  was ignored.
│
▲  Vite
│  node_modules/@mantine/core/esm/components/HoverCard/HoverCardTarget/HoverCardTarget.mjs
│  (1:0): Module level directives cause errors when bundled, "use client"
│  in
│  "node_modules/@mantine/core/esm/components/HoverCard/HoverCardTarget/HoverCardTarget.mjs"
│  was ignored.
│
▲  Vite
│  node_modules/@mantine/core/esm/components/HoverCard/HoverCardDropdown/HoverCardDropdown.mjs
│  (1:0): Module level directives cause errors when bundled, "use client"
│  in
│  "node_modules/@mantine/core/esm/components/HoverCard/HoverCardDropdown/HoverCardDropdown.mjs"
│  was ignored.
│
▲  Vite
│  node_modules/@mantine/core/esm/components/HoverCard/HoverCardGroup/HoverCardGroup.mjs
│  (1:0): Module level directives cause errors when bundled, "use client"
│  in
│  "node_modules/@mantine/core/esm/components/HoverCard/HoverCardGroup/HoverCardGroup.mjs"
│  was ignored.
│
▲  Vite node_modules/@mantine/core/esm/components/Image/Image.mjs (1:0):
│  Module level directives cause errors when bundled, "use client" in
│  "node_modules/@mantine/core/esm/components/Image/Image.mjs" was
│  ignored.
│
▲  Vite node_modules/@mantine/core/esm/components/Center/Center.mjs
│  (1:0): Module level directives cause errors when bundled, "use client"
│  in "node_modules/@mantine/core/esm/components/Center/Center.mjs" was
│  ignored.
│
▲  Vite node_modules/@mantine/core/esm/components/Indicator/Indicator.mjs
│  (1:0): Module level directives cause errors when bundled, "use client"
│  in "node_modules/@mantine/core/esm/components/Indicator/Indicator.mjs"
│  was ignored.
│
▲  Vite node_modules/@mantine/core/esm/components/JsonInput/JsonInput.mjs
│  (1:0): Module level directives cause errors when bundled, "use client"
│  in "node_modules/@mantine/core/esm/components/JsonInput/JsonInput.mjs"
│  was ignored.
│
▲  Vite node_modules/@mantine/core/esm/components/List/List.mjs (1:0):
│  Module level directives cause errors when bundled, "use client" in
│  "node_modules/@mantine/core/esm/components/List/List.mjs" was ignored.
│
▲  Vite node_modules/@mantine/core/esm/components/Kbd/Kbd.mjs (1:0):
│  Module level directives cause errors when bundled, "use client" in
│  "node_modules/@mantine/core/esm/components/Kbd/Kbd.mjs" was ignored.
│
▲  Vite
│  node_modules/@mantine/core/esm/components/List/ListItem/ListItem.mjs
│  (1:0): Module level directives cause errors when bundled, "use client"
│  in
│  "node_modules/@mantine/core/esm/components/List/ListItem/ListItem.mjs"
│  was ignored.
│
▲  Vite
│  node_modules/@mantine/core/esm/components/LoadingOverlay/LoadingOverlay.mjs
│  (1:0): Module level directives cause errors when bundled, "use client"
│  in
│  "node_modules/@mantine/core/esm/components/LoadingOverlay/LoadingOverlay.mjs"
│  was ignored.
│
▲  Vite node_modules/@mantine/core/esm/components/Menu/Menu.mjs (1:0):
│  Module level directives cause errors when bundled, "use client" in
│  "node_modules/@mantine/core/esm/components/Menu/Menu.mjs" was ignored.
│
▲  Vite node_modules/@mantine/core/esm/components/Mark/Mark.mjs (1:0):
│  Module level directives cause errors when bundled, "use client" in
│  "node_modules/@mantine/core/esm/components/Mark/Mark.mjs" was ignored.
│
▲  Vite
│  node_modules/@mantine/core/esm/components/Menu/MenuDivider/MenuDivider.mjs
│  (1:0): Module level directives cause errors when bundled, "use client"
│  in
│  "node_modules/@mantine/core/esm/components/Menu/MenuDivider/MenuDivider.mjs"
│  was ignored.
│
▲  Vite
│  node_modules/@mantine/core/esm/components/Menu/MenuItem/MenuItem.mjs
│  (1:0): Module level directives cause errors when bundled, "use client"
│  in
│  "node_modules/@mantine/core/esm/components/Menu/MenuItem/MenuItem.mjs"
│  was ignored.
│
▲  Vite
│  node_modules/@mantine/core/esm/components/Menu/MenuLabel/MenuLabel.mjs
│  (1:0): Module level directives cause errors when bundled, "use client"
│  in
│  "node_modules/@mantine/core/esm/components/Menu/MenuLabel/MenuLabel.mjs"
│  was ignored.
│
▲  Vite
│  node_modules/@mantine/core/esm/components/Menu/MenuDropdown/MenuDropdown.mjs
│  (1:0): Module level directives cause errors when bundled, "use client"
│  in
│  "node_modules/@mantine/core/esm/components/Menu/MenuDropdown/MenuDropdown.mjs"
│  was ignored.
│
▲  Vite
│  node_modules/@mantine/core/esm/components/Menu/MenuSub/MenuSub.mjs
│  (1:0): Module level directives cause errors when bundled, "use client"
│  in
│  "node_modules/@mantine/core/esm/components/Menu/MenuSub/MenuSub.mjs"
│  was ignored.
│
▲  Vite
│  node_modules/@mantine/core/esm/components/Menu/MenuSubDropdown/MenuSubDropdown.mjs
│  (1:0): Module level directives cause errors when bundled, "use client"
│  in
│  "node_modules/@mantine/core/esm/components/Menu/MenuSubDropdown/MenuSubDropdown.mjs"
│  was ignored.
│
▲  Vite
│  node_modules/@mantine/core/esm/components/Menu/MenuSubItem/MenuSubItem.mjs
│  (1:0): Module level directives cause errors when bundled, "use client"
│  in
│  "node_modules/@mantine/core/esm/components/Menu/MenuSubItem/MenuSubItem.mjs"
│  was ignored.
│
▲  Vite
│  node_modules/@mantine/core/esm/components/Menu/MenuSubTarget/MenuSubTarget.mjs
│  (1:0): Module level directives cause errors when bundled, "use client"
│  in
│  "node_modules/@mantine/core/esm/components/Menu/MenuSubTarget/MenuSubTarget.mjs"
│  was ignored.
│
▲  Vite node_modules/@mantine/core/esm/components/Modal/Modal.mjs (1:0):
│  Module level directives cause errors when bundled, "use client" in
│  "node_modules/@mantine/core/esm/components/Modal/Modal.mjs" was
│  ignored.
│
▲  Vite node_modules/@mantine/core/esm/components/Modal/ModalRoot.mjs
│  (1:0): Module level directives cause errors when bundled, "use client"
│  in "node_modules/@mantine/core/esm/components/Modal/ModalRoot.mjs" was
│  ignored.
│
▲  Vite node_modules/@mantine/core/esm/components/Modal/ModalBody.mjs
│  (1:0): Module level directives cause errors when bundled, "use client"
│  in "node_modules/@mantine/core/esm/components/Modal/ModalBody.mjs" was
│  ignored.
│
▲  Vite
│  node_modules/@mantine/core/esm/components/Combobox/use-combobox/use-combobox.mjs
│  (1:0): Module level directives cause errors when bundled, "use client"
│  in
│  "node_modules/@mantine/core/esm/components/Combobox/use-combobox/use-combobox.mjs"
│  was ignored.
│
▲  Vite
│  node_modules/@mantine/core/esm/components/Modal/ModalCloseButton.mjs
│  (1:0): Module level directives cause errors when bundled, "use client"
│  in
│  "node_modules/@mantine/core/esm/components/Modal/ModalCloseButton.mjs"
│  was ignored.
│
▲  Vite node_modules/@mantine/core/esm/components/Modal/ModalHeader.mjs
│  (1:0): Module level directives cause errors when bundled, "use client"
│  in "node_modules/@mantine/core/esm/components/Modal/ModalHeader.mjs"
│  was ignored.
│
▲  Vite node_modules/@mantine/core/esm/components/Modal/ModalOverlay.mjs
│  (1:0): Module level directives cause errors when bundled, "use client"
│  in "node_modules/@mantine/core/esm/components/Modal/ModalOverlay.mjs"
│  was ignored.
│
▲  Vite node_modules/@mantine/core/esm/components/Modal/ModalContent.mjs
│  (1:0): Module level directives cause errors when bundled, "use client"
│  in "node_modules/@mantine/core/esm/components/Modal/ModalContent.mjs"
│  was ignored.
│
▲  Vite node_modules/@mantine/core/esm/components/Modal/ModalTitle.mjs
│  (1:0): Module level directives cause errors when bundled, "use client"
│  in "node_modules/@mantine/core/esm/components/Modal/ModalTitle.mjs"
│  was ignored.
│
▲  Vite node_modules/@mantine/core/esm/components/Modal/ModalStack.mjs
│  (1:0): Module level directives cause errors when bundled, "use client"
│  in "node_modules/@mantine/core/esm/components/Modal/ModalStack.mjs"
│  was ignored.
│
▲  Vite
│  node_modules/@mantine/core/esm/components/Modal/use-modals-stack.mjs
│  (1:0): Module level directives cause errors when bundled, "use client"
│  in
│  "node_modules/@mantine/core/esm/components/Modal/use-modals-stack.mjs"
│  was ignored.
│
▲  Vite
│  node_modules/@mantine/core/esm/components/MultiSelect/MultiSelect.mjs
│  (1:0): Module level directives cause errors when bundled, "use client"
│  in
│  "node_modules/@mantine/core/esm/components/MultiSelect/MultiSelect.mjs"
│  was ignored.
│
▲  Vite
│  node_modules/@mantine/core/esm/components/NativeSelect/NativeSelect.mjs
│  (1:0): Module level directives cause errors when bundled, "use client"
│  in
│  "node_modules/@mantine/core/esm/components/NativeSelect/NativeSelect.mjs"
│  was ignored.
│
▲  Vite node_modules/@mantine/core/esm/components/NavLink/NavLink.mjs
│  (1:0): Module level directives cause errors when bundled, "use client"
│  in "node_modules/@mantine/core/esm/components/NavLink/NavLink.mjs" was
│  ignored.
│
▲  Vite
│  node_modules/@mantine/core/esm/components/NumberFormatter/NumberFormatter.mjs
│  (1:0): Module level directives cause errors when bundled, "use client"
│  in
│  "node_modules/@mantine/core/esm/components/NumberFormatter/NumberFormatter.mjs"
│  was ignored.
│
▲  Vite
│  node_modules/@mantine/core/esm/components/Notification/Notification.mjs
│  (1:0): Module level directives cause errors when bundled, "use client"
│  in
│  "node_modules/@mantine/core/esm/components/Notification/Notification.mjs"
│  was ignored.
│
▲  Vite
│  node_modules/@mantine/core/esm/components/NumberInput/NumberInput.mjs
│  (1:0): Module level directives cause errors when bundled, "use client"
│  in
│  "node_modules/@mantine/core/esm/components/NumberInput/NumberInput.mjs"
│  was ignored.
│
▲  Vite
│  node_modules/@mantine/core/esm/components/Pagination/Pagination.mjs
│  (1:0): Module level directives cause errors when bundled, "use client"
│  in
│  "node_modules/@mantine/core/esm/components/Pagination/Pagination.mjs"
│  was ignored.
│
▲  Vite
│  node_modules/@mantine/core/esm/components/Pagination/PaginationDots/PaginationDots.mjs
│  (1:0): Module level directives cause errors when bundled, "use client"
│  in
│  "node_modules/@mantine/core/esm/components/Pagination/PaginationDots/PaginationDots.mjs"
│  was ignored.
│
▲  Vite
│  node_modules/@mantine/core/esm/components/Pagination/PaginationEdges/PaginationEdges.mjs
│  (1:0): Module level directives cause errors when bundled, "use client"
│  in
│  "node_modules/@mantine/core/esm/components/Pagination/PaginationEdges/PaginationEdges.mjs"
│  was ignored.
│
▲  Vite
│  node_modules/@mantine/core/esm/components/Pagination/PaginationRoot/PaginationRoot.mjs
│  (1:0): Module level directives cause errors when bundled, "use client"
│  in
│  "node_modules/@mantine/core/esm/components/Pagination/PaginationRoot/PaginationRoot.mjs"
│  was ignored.
│
▲  Vite
│  node_modules/@mantine/core/esm/components/Pagination/PaginationItems/PaginationItems.mjs
│  (1:0): Module level directives cause errors when bundled, "use client"
│  in
│  "node_modules/@mantine/core/esm/components/Pagination/PaginationItems/PaginationItems.mjs"
│  was ignored.
│
▲  Vite
│  node_modules/@mantine/core/esm/components/PasswordInput/PasswordInput.mjs
│  (1:0): Module level directives cause errors when bundled, "use client"
│  in
│  "node_modules/@mantine/core/esm/components/PasswordInput/PasswordInput.mjs"
│  was ignored.
│
▲  Vite node_modules/@mantine/core/esm/components/Pill/Pill.mjs (1:0):
│  Module level directives cause errors when bundled, "use client" in
│  "node_modules/@mantine/core/esm/components/Pill/Pill.mjs" was ignored.
│
▲  Vite
│  node_modules/@mantine/core/esm/components/Pill/PillGroup/PillGroup.mjs
│  (1:0): Module level directives cause errors when bundled, "use client"
│  in
│  "node_modules/@mantine/core/esm/components/Pill/PillGroup/PillGroup.mjs"
│  was ignored.
│
▲  Vite
│  node_modules/@mantine/core/esm/components/PillsInput/PillsInput.mjs
│  (1:0): Module level directives cause errors when bundled, "use client"
│  in
│  "node_modules/@mantine/core/esm/components/PillsInput/PillsInput.mjs"
│  was ignored.
│
▲  Vite
│  node_modules/@mantine/core/esm/components/PillsInput/PillsInputField/PillsInputField.mjs
│  (1:0): Module level directives cause errors when bundled, "use client"
│  in
│  "node_modules/@mantine/core/esm/components/PillsInput/PillsInputField/PillsInputField.mjs"
│  was ignored.
│
▲  Vite node_modules/@mantine/core/esm/components/PinInput/PinInput.mjs
│  (1:0): Module level directives cause errors when bundled, "use client"
│  in "node_modules/@mantine/core/esm/components/PinInput/PinInput.mjs"
│  was ignored.
│
▲  Vite
│  node_modules/@mantine/core/esm/components/Menu/MenuTarget/MenuTarget.mjs
│  (1:0): Module level directives cause errors when bundled, "use client"
│  in
│  "node_modules/@mantine/core/esm/components/Menu/MenuTarget/MenuTarget.mjs"
│  was ignored.
│
▲  Vite node_modules/@mantine/core/esm/components/Portal/Portal.mjs
│  (1:0): Module level directives cause errors when bundled, "use client"
│  in "node_modules/@mantine/core/esm/components/Portal/Portal.mjs" was
│  ignored.
│
▲  Vite
│  node_modules/@mantine/core/esm/components/Portal/OptionalPortal.mjs
│  (1:0): Module level directives cause errors when bundled, "use client"
│  in
│  "node_modules/@mantine/core/esm/components/Portal/OptionalPortal.mjs"
│  was ignored.
│
▲  Vite
│  node_modules/@mantine/core/esm/components/Progress/ProgressLabel/ProgressLabel.mjs
│  (1:0): Module level directives cause errors when bundled, "use client"
│  in
│  "node_modules/@mantine/core/esm/components/Progress/ProgressLabel/ProgressLabel.mjs"
│  was ignored.
│
▲  Vite node_modules/@mantine/core/esm/components/Progress/Progress.mjs
│  (1:0): Module level directives cause errors when bundled, "use client"
│  in "node_modules/@mantine/core/esm/components/Progress/Progress.mjs"
│  was ignored.
│
▲  Vite
│  node_modules/@mantine/core/esm/components/Progress/ProgressSection/ProgressSection.mjs
│  (1:0): Module level directives cause errors when bundled, "use client"
│  in
│  "node_modules/@mantine/core/esm/components/Progress/ProgressSection/ProgressSection.mjs"
│  was ignored.
│
▲  Vite node_modules/@mantine/core/esm/components/Radio/Radio.mjs (1:0):
│  Module level directives cause errors when bundled, "use client" in
│  "node_modules/@mantine/core/esm/components/Radio/Radio.mjs" was
│  ignored.
│
▲  Vite
│  node_modules/@mantine/core/esm/components/Radio/RadioGroup/RadioGroup.mjs
│  (1:0): Module level directives cause errors when bundled, "use client"
│  in
│  "node_modules/@mantine/core/esm/components/Radio/RadioGroup/RadioGroup.mjs"
│  was ignored.
│
▲  Vite node_modules/@mantine/core/esm/components/Radio/RadioIcon.mjs
│  (1:0): Module level directives cause errors when bundled, "use client"
│  in "node_modules/@mantine/core/esm/components/Radio/RadioIcon.mjs" was
│  ignored.
│
▲  Vite
│  node_modules/@mantine/core/esm/components/Radio/RadioCard/RadioCard.mjs
│  (1:0): Module level directives cause errors when bundled, "use client"
│  in
│  "node_modules/@mantine/core/esm/components/Radio/RadioCard/RadioCard.mjs"
│  was ignored.
│
▲  Vite
│  node_modules/@mantine/core/esm/components/Radio/RadioCard/RadioCard.context.mjs
│  (1:0): Module level directives cause errors when bundled, "use client"
│  in
│  "node_modules/@mantine/core/esm/components/Radio/RadioCard/RadioCard.context.mjs"
│  was ignored.
│
▲  Vite
│  node_modules/@mantine/core/esm/components/Radio/RadioIndicator/RadioIndicator.mjs
│  (1:0): Module level directives cause errors when bundled, "use client"
│  in
│  "node_modules/@mantine/core/esm/components/Radio/RadioIndicator/RadioIndicator.mjs"
│  was ignored.
│
▲  Vite node_modules/@mantine/core/esm/components/Rating/Rating.mjs
│  (1:0): Module level directives cause errors when bundled, "use client"
│  in "node_modules/@mantine/core/esm/components/Rating/Rating.mjs" was
│  ignored.
│
▲  Vite
│  node_modules/@mantine/core/esm/components/RingProgress/RingProgress.mjs
│  (1:0): Module level directives cause errors when bundled, "use client"
│  in
│  "node_modules/@mantine/core/esm/components/RingProgress/RingProgress.mjs"
│  was ignored.
│
▲  Vite node_modules/@mantine/core/esm/components/Select/Select.mjs
│  (1:0): Module level directives cause errors when bundled, "use client"
│  in "node_modules/@mantine/core/esm/components/Select/Select.mjs" was
│  ignored.
│
▲  Vite
│  node_modules/@mantine/core/esm/components/SemiCircleProgress/SemiCircleProgress.mjs
│  (1:0): Module level directives cause errors when bundled, "use client"
│  in
│  "node_modules/@mantine/core/esm/components/SemiCircleProgress/SemiCircleProgress.mjs"
│  was ignored.
│
▲  Vite
│  node_modules/@mantine/core/esm/components/SegmentedControl/SegmentedControl.mjs
│  (1:0): Module level directives cause errors when bundled, "use client"
│  in
│  "node_modules/@mantine/core/esm/components/SegmentedControl/SegmentedControl.mjs"
│  was ignored.
│
▲  Vite
│  node_modules/@mantine/core/esm/components/SimpleGrid/SimpleGrid.mjs
│  (1:0): Module level directives cause errors when bundled, "use client"
│  in
│  "node_modules/@mantine/core/esm/components/SimpleGrid/SimpleGrid.mjs"
│  was ignored.
│
▲  Vite node_modules/@mantine/core/esm/components/Skeleton/Skeleton.mjs
│  (1:0): Module level directives cause errors when bundled, "use client"
│  in "node_modules/@mantine/core/esm/components/Skeleton/Skeleton.mjs"
│  was ignored.
│
▲  Vite
│  node_modules/@mantine/core/esm/components/Progress/ProgressRoot/ProgressRoot.mjs
│  (1:0): Module level directives cause errors when bundled, "use client"
│  in
│  "node_modules/@mantine/core/esm/components/Progress/ProgressRoot/ProgressRoot.mjs"
│  was ignored.
│
▲  Vite node_modules/@mantine/core/esm/components/Spoiler/Spoiler.mjs
│  (1:0): Module level directives cause errors when bundled, "use client"
│  in "node_modules/@mantine/core/esm/components/Spoiler/Spoiler.mjs" was
│  ignored.
│
▲  Vite
│  node_modules/@mantine/core/esm/components/Slider/RangeSlider/RangeSlider.mjs
│  (1:0): Module level directives cause errors when bundled, "use client"
│  in
│  "node_modules/@mantine/core/esm/components/Slider/RangeSlider/RangeSlider.mjs"
│  was ignored.
│
▲  Vite node_modules/@mantine/core/esm/components/Space/Space.mjs (1:0):
│  Module level directives cause errors when bundled, "use client" in
│  "node_modules/@mantine/core/esm/components/Space/Space.mjs" was
│  ignored.
│
▲  Vite node_modules/@mantine/core/esm/components/Stack/Stack.mjs (1:0):
│  Module level directives cause errors when bundled, "use client" in
│  "node_modules/@mantine/core/esm/components/Stack/Stack.mjs" was
│  ignored.
│
▲  Vite
│  node_modules/@mantine/core/esm/components/Slider/Slider/Slider.mjs
│  (1:0): Module level directives cause errors when bundled, "use client"
│  in
│  "node_modules/@mantine/core/esm/components/Slider/Slider/Slider.mjs"
│  was ignored.
│
▲  Vite node_modules/@mantine/core/esm/components/Stepper/Stepper.mjs
│  (1:0): Module level directives cause errors when bundled, "use client"
│  in "node_modules/@mantine/core/esm/components/Stepper/Stepper.mjs" was
│  ignored.
│
▲  Vite
│  node_modules/@mantine/core/esm/components/Stepper/StepperStep/StepperStep.mjs
│  (1:0): Module level directives cause errors when bundled, "use client"
│  in
│  "node_modules/@mantine/core/esm/components/Stepper/StepperStep/StepperStep.mjs"
│  was ignored.
│
▲  Vite
│  node_modules/@mantine/core/esm/components/Stepper/StepperCompleted/StepperCompleted.mjs
│  (1:0): Module level directives cause errors when bundled, "use client"
│  in
│  "node_modules/@mantine/core/esm/components/Stepper/StepperCompleted/StepperCompleted.mjs"
│  was ignored.
│
▲  Vite node_modules/@mantine/core/esm/components/Switch/Switch.mjs
│  (1:0): Module level directives cause errors when bundled, "use client"
│  in "node_modules/@mantine/core/esm/components/Switch/Switch.mjs" was
│  ignored.
│
▲  Vite node_modules/@mantine/core/esm/components/Table/Table.mjs (1:0):
│  Module level directives cause errors when bundled, "use client" in
│  "node_modules/@mantine/core/esm/components/Table/Table.mjs" was
│  ignored.
│
▲  Vite
│  node_modules/@mantine/core/esm/components/Switch/SwitchGroup/SwitchGroup.mjs
│  (1:0): Module level directives cause errors when bundled, "use client"
│  in
│  "node_modules/@mantine/core/esm/components/Switch/SwitchGroup/SwitchGroup.mjs"
│  was ignored.
│
▲  Vite
│  node_modules/@mantine/core/esm/components/Table/TableScrollContainer.mjs
│  (1:0): Module level directives cause errors when bundled, "use client"
│  in
│  "node_modules/@mantine/core/esm/components/Table/TableScrollContainer.mjs"
│  was ignored.
│
▲  Vite
│  node_modules/@mantine/core/esm/components/Table/Table.components.mjs
│  (1:0): Module level directives cause errors when bundled, "use client"
│  in
│  "node_modules/@mantine/core/esm/components/Table/Table.components.mjs"
│  was ignored.
│
▲  Vite
│  node_modules/@mantine/core/esm/components/TableOfContents/TableOfContents.mjs
│  (1:0): Module level directives cause errors when bundled, "use client"
│  in
│  "node_modules/@mantine/core/esm/components/TableOfContents/TableOfContents.mjs"
│  was ignored.
│
▲  Vite node_modules/@mantine/core/esm/components/Tabs/Tabs.mjs (1:0):
│  Module level directives cause errors when bundled, "use client" in
│  "node_modules/@mantine/core/esm/components/Tabs/Tabs.mjs" was ignored.
│
▲  Vite
│  node_modules/@mantine/core/esm/components/Tabs/TabsList/TabsList.mjs
│  (1:0): Module level directives cause errors when bundled, "use client"
│  in
│  "node_modules/@mantine/core/esm/components/Tabs/TabsList/TabsList.mjs"
│  was ignored.
│
▲  Vite
│  node_modules/@mantine/core/esm/components/Tabs/TabsTab/TabsTab.mjs
│  (1:0): Module level directives cause errors when bundled, "use client"
│  in
│  "node_modules/@mantine/core/esm/components/Tabs/TabsTab/TabsTab.mjs"
│  was ignored.
│
▲  Vite node_modules/@mantine/core/esm/components/TagsInput/TagsInput.mjs
│  (1:0): Module level directives cause errors when bundled, "use client"
│  in "node_modules/@mantine/core/esm/components/TagsInput/TagsInput.mjs"
│  was ignored.
│
▲  Vite node_modules/@mantine/core/esm/components/Text/Text.mjs (1:0):
│  Module level directives cause errors when bundled, "use client" in
│  "node_modules/@mantine/core/esm/components/Text/Text.mjs" was ignored.
│
▲  Vite node_modules/@mantine/core/esm/components/Textarea/Textarea.mjs
│  (1:0): Module level directives cause errors when bundled, "use client"
│  in "node_modules/@mantine/core/esm/components/Textarea/Textarea.mjs"
│  was ignored.
│
▲  Vite node_modules/@mantine/core/esm/components/TextInput/TextInput.mjs
│  (1:0): Module level directives cause errors when bundled, "use client"
│  in "node_modules/@mantine/core/esm/components/TextInput/TextInput.mjs"
│  was ignored.
│
▲  Vite node_modules/@mantine/core/esm/components/ThemeIcon/ThemeIcon.mjs
│  (1:0): Module level directives cause errors when bundled, "use client"
│  in "node_modules/@mantine/core/esm/components/ThemeIcon/ThemeIcon.mjs"
│  was ignored.
│
▲  Vite node_modules/@mantine/core/esm/components/Timeline/Timeline.mjs
│  (1:0): Module level directives cause errors when bundled, "use client"
│  in "node_modules/@mantine/core/esm/components/Timeline/Timeline.mjs"
│  was ignored.
│
▲  Vite
│  node_modules/@mantine/core/esm/components/Timeline/TimelineItem/TimelineItem.mjs
│  (1:0): Module level directives cause errors when bundled, "use client"
│  in
│  "node_modules/@mantine/core/esm/components/Timeline/TimelineItem/TimelineItem.mjs"
│  was ignored.
│
▲  Vite node_modules/@mantine/core/esm/components/Title/Title.mjs (1:0):
│  Module level directives cause errors when bundled, "use client" in
│  "node_modules/@mantine/core/esm/components/Title/Title.mjs" was
│  ignored.
│
▲  Vite node_modules/@mantine/core/esm/components/Tooltip/Tooltip.mjs
│  (1:0): Module level directives cause errors when bundled, "use client"
│  in "node_modules/@mantine/core/esm/components/Tooltip/Tooltip.mjs" was
│  ignored.
│
▲  Vite
│  node_modules/@mantine/core/esm/components/Tooltip/TooltipGroup/TooltipGroup.mjs
│  (1:0): Module level directives cause errors when bundled, "use client"
│  in
│  "node_modules/@mantine/core/esm/components/Tooltip/TooltipGroup/TooltipGroup.mjs"
│  was ignored.
│
▲  Vite
│  node_modules/@mantine/core/esm/components/Tooltip/TooltipFloating/TooltipFloating.mjs
│  (1:0): Module level directives cause errors when bundled, "use client"
│  in
│  "node_modules/@mantine/core/esm/components/Tooltip/TooltipFloating/TooltipFloating.mjs"
│  was ignored.
│
▲  Vite
│  node_modules/@mantine/core/esm/components/Transition/transitions.mjs
│  (1:0): Module level directives cause errors when bundled, "use client"
│  in
│  "node_modules/@mantine/core/esm/components/Transition/transitions.mjs"
│  was ignored.
│
▲  Vite
│  node_modules/@mantine/core/esm/components/Transition/Transition.mjs
│  (1:0): Module level directives cause errors when bundled, "use client"
│  in
│  "node_modules/@mantine/core/esm/components/Transition/Transition.mjs"
│  was ignored.
│
▲  Vite
│  node_modules/@mantine/core/esm/components/Transition/get-transition-props/get-transition-props.mjs
│  (1:0): Module level directives cause errors when bundled, "use client"
│  in
│  "node_modules/@mantine/core/esm/components/Transition/get-transition-props/get-transition-props.mjs"
│  was ignored.
│
▲  Vite node_modules/@mantine/core/esm/components/Tree/Tree.mjs (1:0):
│  Module level directives cause errors when bundled, "use client" in
│  "node_modules/@mantine/core/esm/components/Tree/Tree.mjs" was ignored.
│
▲  Vite node_modules/@mantine/core/esm/components/Tree/use-tree.mjs
│  (1:0): Module level directives cause errors when bundled, "use client"
│  in "node_modules/@mantine/core/esm/components/Tree/use-tree.mjs" was
│  ignored.
│
▲  Vite
│  node_modules/@mantine/core/esm/components/Typography/Typography.mjs
│  (1:0): Module level directives cause errors when bundled, "use client"
│  in
│  "node_modules/@mantine/core/esm/components/Typography/Typography.mjs"
│  was ignored.
│
▲  Vite
│  node_modules/@mantine/core/esm/components/Tabs/TabsPanel/TabsPanel.mjs
│  (1:0): Module level directives cause errors when bundled, "use client"
│  in
│  "node_modules/@mantine/core/esm/components/Tabs/TabsPanel/TabsPanel.mjs"
│  was ignored.
│
▲  Vite node_modules/@mantine/core/esm/components/Typography/index.mjs
│  (1:0): Module level directives cause errors when bundled, "use client"
│  in "node_modules/@mantine/core/esm/components/Typography/index.mjs"
│  was ignored.
│
▲  Vite
│  node_modules/@mantine/core/esm/components/Pagination/PaginationControl/PaginationControl.mjs
│  (1:0): Module level directives cause errors when bundled, "use client"
│  in
│  "node_modules/@mantine/core/esm/components/Pagination/PaginationControl/PaginationControl.mjs"
│  was ignored.
│
▲  Vite src/components/admin/StatusChangeControl.tsx (1:0): Error when
│  using sourcemap for reporting an error: Can't resolve original
│  location of error.
│
▲  Vite src/components/admin/StatusChangeControl.tsx (1:0): Module level
│  directives cause errors when bundled, "use client" in
│  "src/components/admin/StatusChangeControl.tsx" was ignored.
│
▲  Vite src/components/admin/AdminTable.tsx (1:0): Error when using
│  sourcemap for reporting an error: Can't resolve original location of
│  error.
│
▲  Vite src/components/admin/AdminTable.tsx (1:0): Module level
│  directives cause errors when bundled, "use client" in
│  "src/components/admin/AdminTable.tsx" was ignored.
│
▲  Vite src/components/ui/select.tsx (1:0): Error when using sourcemap
│  for reporting an error: Can't resolve original location of error.
│
▲  Vite src/components/ui/select.tsx (1:0): Module level directives cause
│  errors when bundled, "use client" in "src/components/ui/select.tsx"
│  was ignored.
│
▲  Vite src/components/shared/RelativeTime.tsx (1:0): Error when using
│  sourcemap for reporting an error: Can't resolve original location of
│  error.
│
▲  Vite src/components/shared/RelativeTime.tsx (1:0): Module level
│  directives cause errors when bundled, "use client" in
│  "src/components/shared/RelativeTime.tsx" was ignored.
│
▲  Vite src/components/ui/dropdown-menu.tsx (1:0): Error when using
│  sourcemap for reporting an error: Can't resolve original location of
│  error.
│
▲  Vite src/components/ui/dropdown-menu.tsx (1:0): Module level
│  directives cause errors when bundled, "use client" in
│  "src/components/ui/dropdown-menu.tsx" was ignored.
│
▲  Vite src/components/admin/AdminSettings.tsx (1:0): Error when using
│  sourcemap for reporting an error: Can't resolve original location of
│  error.
│
▲  Vite src/components/admin/AdminSettings.tsx (1:0): Module level
│  directives cause errors when bundled, "use client" in
│  "src/components/admin/AdminSettings.tsx" was ignored.
│
▲  Vite src/modules/listings/components/RecentlyViewedGridView.tsx (1:0):
│  Error when using sourcemap for reporting an error: Can't resolve
│  original location of error.
│
▲  Vite src/modules/listings/components/RecentlyViewedGridView.tsx (1:0):
│  Module level directives cause errors when bundled, "use client" in
│  "src/modules/listings/components/RecentlyViewedGridView.tsx" was
│  ignored.
│
▲  Vite src/components/admin/AdminUsersTable.tsx (1:0): Error when using
│  sourcemap for reporting an error: Can't resolve original location of
│  error.
│
▲  Vite src/components/admin/AdminUsersTable.tsx (1:0): Module level
│  directives cause errors when bundled, "use client" in
│  "src/components/admin/AdminUsersTable.tsx" was ignored.
│
▲  Vite src/components/shared/FilterRangeInputs.tsx (1:0): Error when
│  using sourcemap for reporting an error: Can't resolve original
│  location of error.
│
▲  Vite src/components/shared/FilterRangeInputs.tsx (1:0): Module level
│  directives cause errors when bundled, "use client" in
│  "src/components/shared/FilterRangeInputs.tsx" was ignored.
│
▲  Vite src/modules/cabinet/components/CabinetPasswordSectionView.tsx
│  (1:0): Error when using sourcemap for reporting an error: Can't
│  resolve original location of error.
│
▲  Vite src/modules/cabinet/components/CabinetPasswordSectionView.tsx
│  (1:0): Module level directives cause errors when bundled, "use client"
│  in "src/modules/cabinet/components/CabinetPasswordSectionView.tsx" was
│  ignored.
│
▲  Vite src/components/admin/AdminExchangeProvidersView.tsx (1:0): Error
│  when using sourcemap for reporting an error: Can't resolve original
│  location of error.
│
▲  Vite src/components/admin/AdminExchangeProvidersView.tsx (1:0): Module
│  level directives cause errors when bundled, "use client" in
│  "src/components/admin/AdminExchangeProvidersView.tsx" was ignored.
│
▲  Vite src/components/admin/AdminUserProfileDialogsView.tsx (1:0): Error
│  when using sourcemap for reporting an error: Can't resolve original
│  location of error.
│
▲  Vite src/components/admin/AdminUserProfileDialogsView.tsx (1:0):
│  Module level directives cause errors when bundled, "use client" in
│  "src/components/admin/AdminUserProfileDialogsView.tsx" was ignored.
│
▲  Vite src/components/shared/LocationCombobox.tsx (1:0): Error when
│  using sourcemap for reporting an error: Can't resolve original
│  location of error.
│
▲  Vite src/components/shared/LocationCombobox.tsx (1:0): Module level
│  directives cause errors when bundled, "use client" in
│  "src/components/shared/LocationCombobox.tsx" was ignored.
│
▲  Vite src/components/admin/AdminListingsTable.tsx (1:0): Error when
│  using sourcemap for reporting an error: Can't resolve original
│  location of error.
│
▲  Vite src/components/admin/AdminListingsTable.tsx (1:0): Module level
│  directives cause errors when bundled, "use client" in
│  "src/components/admin/AdminListingsTable.tsx" was ignored.
│
▲  Vite src/modules/listings/components/SaveSearchButton.tsx (1:0): Error
│  when using sourcemap for reporting an error: Can't resolve original
│  location of error.
│
▲  Vite src/modules/listings/components/SaveSearchButton.tsx (1:0):
│  Module level directives cause errors when bundled, "use client" in
│  "src/modules/listings/components/SaveSearchButton.tsx" was ignored.
│
▲  Vite src/components/admin/AdminUserProfileView.tsx (1:0): Error when
│  using sourcemap for reporting an error: Can't resolve original
│  location of error.
│
▲  Vite src/components/admin/AdminUserProfileView.tsx (1:0): Module level
│  directives cause errors when bundled, "use client" in
│  "src/components/admin/AdminUserProfileView.tsx" was ignored.
│
▲  Vite src/design-system/mantine/patterns/GalleryDesktopNavigation.tsx
│  (1:0): Error when using sourcemap for reporting an error: Can't
│  resolve original location of error.
│
▲  Vite src/design-system/mantine/patterns/GalleryDesktopNavigation.tsx
│  (1:0): Module level directives cause errors when bundled, "use client"
│  in "src/design-system/mantine/patterns/GalleryDesktopNavigation.tsx"
│  was ignored.
│
▲  Vite src/design-system/mantine/patterns/GalleryThumbnailButton.tsx
│  (1:0): Error when using sourcemap for reporting an error: Can't
│  resolve original location of error.
│
▲  Vite src/design-system/mantine/patterns/GalleryThumbnailButton.tsx
│  (1:0): Module level directives cause errors when bundled, "use client"
│  in "src/design-system/mantine/patterns/GalleryThumbnailButton.tsx" was
│  ignored.
│
▲  Vite src/design-system/mantine/patterns/MantineDashboardHeader.tsx
│  (1:0): Error when using sourcemap for reporting an error: Can't
│  resolve original location of error.
│
▲  Vite src/design-system/mantine/patterns/MantineDashboardHeader.tsx
│  (1:0): Module level directives cause errors when bundled, "use client"
│  in "src/design-system/mantine/patterns/MantineDashboardHeader.tsx" was
│  ignored.
│
▲  Vite src/components/shared/PropertyTypeCombobox.tsx (1:0): Error when
│  using sourcemap for reporting an error: Can't resolve original
│  location of error.
│
▲  Vite src/components/shared/PropertyTypeCombobox.tsx (1:0): Module
│  level directives cause errors when bundled, "use client" in
│  "src/components/shared/PropertyTypeCombobox.tsx" was ignored.
│
▲  Vite src/modules/listings/components/ListingContact.tsx (1:0): Error
│  when using sourcemap for reporting an error: Can't resolve original
│  location of error.
│
▲  Vite src/modules/listings/components/ListingContact.tsx (1:0): Module
│  level directives cause errors when bundled, "use client" in
│  "src/modules/listings/components/ListingContact.tsx" was ignored.
│
▲  Vite src/design-system/mantine/patterns/MantineTooltip.tsx (1:0):
│  Error when using sourcemap for reporting an error: Can't resolve
│  original location of error.
│
▲  Vite src/design-system/mantine/patterns/MantineTooltip.tsx (1:0):
│  Module level directives cause errors when bundled, "use client" in
│  "src/design-system/mantine/patterns/MantineTooltip.tsx" was ignored.
│
▲  Vite src/modules/listings/components/ListingsFilterBar.tsx (1:0):
│  Error when using sourcemap for reporting an error: Can't resolve
│  original location of error.
│
▲  Vite src/modules/listings/components/ListingsFilterBar.tsx (1:0):
│  Module level directives cause errors when bundled, "use client" in
│  "src/modules/listings/components/ListingsFilterBar.tsx" was ignored.
│
▲  Vite src/components/layout/MobileNavDrawer.tsx (1:0): Error when using
│  sourcemap for reporting an error: Can't resolve original location of
│  error.
│
▲  Vite src/components/layout/MobileNavDrawer.tsx (1:0): Module level
│  directives cause errors when bundled, "use client" in
│  "src/components/layout/MobileNavDrawer.tsx" was ignored.
│
▲  Vite src/modules/listings/components/ListingsSortBar.tsx (1:0): Error
│  when using sourcemap for reporting an error: Can't resolve original
│  location of error.
│
▲  Vite src/modules/listings/components/ListingsSortBar.tsx (1:0): Module
│  level directives cause errors when bundled, "use client" in
│  "src/modules/listings/components/ListingsSortBar.tsx" was ignored.
│
▲  Vite
│  src/design-system/mantine/patterns/MantineListingContactPattern.tsx
│  (1:0): Error when using sourcemap for reporting an error: Can't
│  resolve original location of error.
│
▲  Vite
│  src/design-system/mantine/patterns/MantineListingContactPattern.tsx
│  (1:0): Module level directives cause errors when bundled, "use client"
│  in
│  "src/design-system/mantine/patterns/MantineListingContactPattern.tsx"
│  was ignored.
│
▲  Vite src/design-system/mantine/patterns/MantineCombobox.tsx (1:0):
│  Error when using sourcemap for reporting an error: Can't resolve
│  original location of error.
│
▲  Vite src/design-system/mantine/patterns/MantineCombobox.tsx (1:0):
│  Module level directives cause errors when bundled, "use client" in
│  "src/design-system/mantine/patterns/MantineCombobox.tsx" was ignored.
│
▲  Vite src/design-system/mantine/patterns/MantineFormSectionStack.tsx
│  (1:0): Error when using sourcemap for reporting an error: Can't
│  resolve original location of error.
│
▲  Vite src/design-system/mantine/patterns/MantineFormSectionStack.tsx
│  (1:0): Module level directives cause errors when bundled, "use client"
│  in "src/design-system/mantine/patterns/MantineFormSectionStack.tsx"
│  was ignored.
│
▲  Vite src/design-system/mantine/patterns/MantineDashboardStatCard.tsx
│  (1:0): Error when using sourcemap for reporting an error: Can't
│  resolve original location of error.
│
▲  Vite src/design-system/mantine/patterns/MantineDashboardStatCard.tsx
│  (1:0): Module level directives cause errors when bundled, "use client"
│  in "src/design-system/mantine/patterns/MantineDashboardStatCard.tsx"
│  was ignored.
│
▲  Vite src/design-system/mantine/patterns/MantinePagination.tsx (1:0):
│  Error when using sourcemap for reporting an error: Can't resolve
│  original location of error.
│
▲  Vite src/design-system/mantine/patterns/MantinePagination.tsx (1:0):
│  Module level directives cause errors when bundled, "use client" in
│  "src/design-system/mantine/patterns/MantinePagination.tsx" was
│  ignored.
│
▲  Vite src/design-system/mantine/patterns/MantineCountButton.tsx (1:0):
│  Error when using sourcemap for reporting an error: Can't resolve
│  original location of error.
│
▲  Vite src/design-system/mantine/patterns/MantineCountButton.tsx (1:0):
│  Module level directives cause errors when bundled, "use client" in
│  "src/design-system/mantine/patterns/MantineCountButton.tsx" was
│  ignored.
│
▲  Vite src/design-system/mantine/patterns/MantineAppShellFoundation.tsx
│  (1:0): Error when using sourcemap for reporting an error: Can't
│  resolve original location of error.
│
▲  Vite src/design-system/mantine/patterns/MantineAppShellFoundation.tsx
│  (1:0): Module level directives cause errors when bundled, "use client"
│  in "src/design-system/mantine/patterns/MantineAppShellFoundation.tsx"
│  was ignored.
│
▲  Vite src/design-system/mantine/patterns/MantineTwoColumnForm.tsx
│  (1:0): Error when using sourcemap for reporting an error: Can't
│  resolve original location of error.
│
▲  Vite src/design-system/mantine/patterns/MantineTwoColumnForm.tsx
│  (1:0): Module level directives cause errors when bundled, "use client"
│  in "src/design-system/mantine/patterns/MantineTwoColumnForm.tsx" was
│  ignored.
│
▲  Vite src/design-system/mantine/patterns/MantineAuthFormPattern.tsx
│  (1:0): Error when using sourcemap for reporting an error: Can't
│  resolve original location of error.
│
▲  Vite src/design-system/mantine/patterns/MantineAuthFormPattern.tsx
│  (1:0): Module level directives cause errors when bundled, "use client"
│  in "src/design-system/mantine/patterns/MantineAuthFormPattern.tsx" was
│  ignored.
│
▲  Vite src/design-system/mantine/patterns/MantineDashboardStatRows.tsx
│  (1:0): Error when using sourcemap for reporting an error: Can't
│  resolve original location of error.
│
▲  Vite src/design-system/mantine/patterns/MantineDashboardStatRows.tsx
│  (1:0): Module level directives cause errors when bundled, "use client"
│  in "src/design-system/mantine/patterns/MantineDashboardStatRows.tsx"
│  was ignored.
│
▲  Vite src/design-system/mantine/patterns/MantineDrawer.tsx (1:0): Error
│  when using sourcemap for reporting an error: Can't resolve original
│  location of error.
│
▲  Vite src/design-system/mantine/patterns/MantineDrawer.tsx (1:0):
│  Module level directives cause errors when bundled, "use client" in
│  "src/design-system/mantine/patterns/MantineDrawer.tsx" was ignored.
│
▲  Vite src/modules/listings/components/ListingsPagination.tsx (1:0):
│  Error when using sourcemap for reporting an error: Can't resolve
│  original location of error.
│
▲  Vite src/modules/listings/components/ListingsPagination.tsx (1:0):
│  Module level directives cause errors when bundled, "use client" in
│  "src/modules/listings/components/ListingsPagination.tsx" was ignored.
│
▲  Vite src/design-system/mantine/patterns/responsiveBottomSheet.tsx
│  (1:0): Error when using sourcemap for reporting an error: Can't
│  resolve original location of error.
│
▲  Vite src/design-system/mantine/patterns/responsiveBottomSheet.tsx
│  (1:0): Module level directives cause errors when bundled, "use client"
│  in "src/design-system/mantine/patterns/responsiveBottomSheet.tsx" was
│  ignored.
│
▲  Vite src/design-system/mantine/patterns/GalleryNavActionIcon.tsx
│  (1:0): Error when using sourcemap for reporting an error: Can't
│  resolve original location of error.
│
▲  Vite src/design-system/mantine/patterns/GalleryNavActionIcon.tsx
│  (1:0): Module level directives cause errors when bundled, "use client"
│  in "src/design-system/mantine/patterns/GalleryNavActionIcon.tsx" was
│  ignored.
│
▲  Vite src/design-system/mantine/patterns/MantineDashboardGrid.tsx
│  (1:0): Error when using sourcemap for reporting an error: Can't
│  resolve original location of error.
│
▲  Vite src/design-system/mantine/patterns/MantineDashboardGrid.tsx
│  (1:0): Module level directives cause errors when bundled, "use client"
│  in "src/design-system/mantine/patterns/MantineDashboardGrid.tsx" was
│  ignored.
│
▲  Vite src/modules/auth/context/AuthContext.tsx (1:0): Error when using
│  sourcemap for reporting an error: Can't resolve original location of
│  error.
│
▲  Vite src/modules/auth/context/AuthContext.tsx (1:0): Module level
│  directives cause errors when bundled, "use client" in
│  "src/modules/auth/context/AuthContext.tsx" was ignored.
│
▲  Vite src/design-system/mantine/patterns/MantineListingCardTrack.tsx
│  (1:0): Error when using sourcemap for reporting an error: Can't
│  resolve original location of error.
│
▲  Vite src/design-system/mantine/patterns/MantineListingCardTrack.tsx
│  (1:0): Module level directives cause errors when bundled, "use client"
│  in "src/design-system/mantine/patterns/MantineListingCardTrack.tsx"
│  was ignored.
│
▲  Vite
│  src/design-system/mantine/patterns/MantineListingDetailPattern.tsx
│  (1:0): Error when using sourcemap for reporting an error: Can't
│  resolve original location of error.
│
▲  Vite
│  src/design-system/mantine/patterns/MantineListingDetailPattern.tsx
│  (1:0): Module level directives cause errors when bundled, "use client"
│  in
│  "src/design-system/mantine/patterns/MantineListingDetailPattern.tsx"
│  was ignored.
│
▲  Vite src/components/admin/AdminPageShell.tsx (1:0): Error when using
│  sourcemap for reporting an error: Can't resolve original location of
│  error.
│
▲  Vite src/components/admin/AdminPageShell.tsx (1:0): Module level
│  directives cause errors when bundled, "use client" in
│  "src/components/admin/AdminPageShell.tsx" was ignored.
│
▲  Vite src/components/admin/CurrencyFormDialogView.tsx (1:0): Error when
│  using sourcemap for reporting an error: Can't resolve original
│  location of error.
│
▲  Vite src/components/admin/CurrencyFormDialogView.tsx (1:0): Module
│  level directives cause errors when bundled, "use client" in
│  "src/components/admin/CurrencyFormDialogView.tsx" was ignored.
│
▲  Vite src/modules/listings/components/ListingFormShellView.tsx (1:0):
│  Error when using sourcemap for reporting an error: Can't resolve
│  original location of error.
│
▲  Vite src/modules/listings/components/ListingFormShellView.tsx (1:0):
│  Module level directives cause errors when bundled, "use client" in
│  "src/modules/listings/components/ListingFormShellView.tsx" was
│  ignored.
│
▲  Vite src/design-system/mantine/patterns/MantineDialogDrawerPattern.tsx
│  (1:0): Error when using sourcemap for reporting an error: Can't
│  resolve original location of error.
│
▲  Vite src/design-system/mantine/patterns/MantineDialogDrawerPattern.tsx
│  (1:0): Module level directives cause errors when bundled, "use client"
│  in "src/design-system/mantine/patterns/MantineDialogDrawerPattern.tsx"
│  was ignored.
│
▲  Vite src/design-system/mantine/patterns/MantineAdminSurfacePattern.tsx
│  (1:0): Error when using sourcemap for reporting an error: Can't
│  resolve original location of error.
│
▲  Vite src/design-system/mantine/patterns/MantineAdminSurfacePattern.tsx
│  (1:0): Module level directives cause errors when bundled, "use client"
│  in "src/design-system/mantine/patterns/MantineAdminSurfacePattern.tsx"
│  was ignored.
│
▲  Vite
│  src/design-system/mantine/patterns/MantinePageHeaderWithActions.tsx
│  (1:0): Error when using sourcemap for reporting an error: Can't
│  resolve original location of error.
│
▲  Vite
│  src/design-system/mantine/patterns/MantinePageHeaderWithActions.tsx
│  (1:0): Module level directives cause errors when bundled, "use client"
│  in
│  "src/design-system/mantine/patterns/MantinePageHeaderWithActions.tsx"
│  was ignored.
│
▲  Vite
│  src/design-system/mantine/patterns/MantineDashboardPeriodControl.tsx
│  (1:0): Error when using sourcemap for reporting an error: Can't
│  resolve original location of error.
│
▲  Vite
│  src/design-system/mantine/patterns/MantineDashboardPeriodControl.tsx
│  (1:0): Module level directives cause errors when bundled, "use client"
│  in
│  "src/design-system/mantine/patterns/MantineDashboardPeriodControl.tsx"
│  was ignored.
│
▲  Vite src/components/admin/AdminSidebar.tsx (1:0): Error when using
│  sourcemap for reporting an error: Can't resolve original location of
│  error.
│
▲  Vite src/components/admin/AdminSidebar.tsx (1:0): Module level
│  directives cause errors when bundled, "use client" in
│  "src/components/admin/AdminSidebar.tsx" was ignored.
│
▲  Vite src/design-system/mantine/patterns/MantineFilterSection.tsx
│  (1:0): Error when using sourcemap for reporting an error: Can't
│  resolve original location of error.
│
▲  Vite src/design-system/mantine/patterns/MantineFilterSection.tsx
│  (1:0): Module level directives cause errors when bundled, "use client"
│  in "src/design-system/mantine/patterns/MantineFilterSection.tsx" was
│  ignored.
│
▲  Vite src/modules/cabinet/statistics/components/AgentStatisticsView.tsx
│  (1:0): Error when using sourcemap for reporting an error: Can't
│  resolve original location of error.
│
▲  Vite src/modules/cabinet/statistics/components/AgentStatisticsView.tsx
│  (1:0): Module level directives cause errors when bundled, "use client"
│  in "src/modules/cabinet/statistics/components/AgentStatisticsView.tsx"
│  was ignored.
│
▲  Vite src/design-system/mantine/patterns/MantineListingCardPattern.tsx
│  (1:0): Error when using sourcemap for reporting an error: Can't
│  resolve original location of error.
│
▲  Vite src/design-system/mantine/patterns/MantineListingCardPattern.tsx
│  (1:0): Module level directives cause errors when bundled, "use client"
│  in "src/design-system/mantine/patterns/MantineListingCardPattern.tsx"
│  was ignored.
│
▲  Vite src/design-system/mantine/patterns/MantineSelect.tsx (1:0): Error
│  when using sourcemap for reporting an error: Can't resolve original
│  location of error.
│
▲  Vite src/design-system/mantine/patterns/MantineSelect.tsx (1:0):
│  Module level directives cause errors when bundled, "use client" in
│  "src/design-system/mantine/patterns/MantineSelect.tsx" was ignored.
│
▲  Vite src/modules/notifications/components/NotificationItem.tsx (1:0):
│  Error when using sourcemap for reporting an error: Can't resolve
│  original location of error.
│
▲  Vite src/modules/notifications/components/NotificationItem.tsx (1:0):
│  Module level directives cause errors when bundled, "use client" in
│  "src/modules/notifications/components/NotificationItem.tsx" was
│  ignored.
│
▲  Vite src/modules/listings/components/ListingsActionRow.tsx (1:0):
│  Error when using sourcemap for reporting an error: Can't resolve
│  original location of error.
│
▲  Vite src/modules/listings/components/ListingsActionRow.tsx (1:0):
│  Module level directives cause errors when bundled, "use client" in
│  "src/modules/listings/components/ListingsActionRow.tsx" was ignored.
│
▲  Vite src/design-system/mantine/patterns/MantineProgress.tsx (1:0):
│  Error when using sourcemap for reporting an error: Can't resolve
│  original location of error.
│
▲  Vite src/design-system/mantine/patterns/MantineProgress.tsx (1:0):
│  Module level directives cause errors when bundled, "use client" in
│  "src/design-system/mantine/patterns/MantineProgress.tsx" was ignored.
│
▲  Vite src/modules/listings/components/FeaturedListingsView.tsx (1:0):
│  Error when using sourcemap for reporting an error: Can't resolve
│  original location of error.
│
▲  Vite src/modules/listings/components/FeaturedListingsView.tsx (1:0):
│  Module level directives cause errors when bundled, "use client" in
│  "src/modules/listings/components/FeaturedListingsView.tsx" was
│  ignored.
│
▲  Vite src/design-system/mantine/patterns/MantineModal.tsx (1:0): Error
│  when using sourcemap for reporting an error: Can't resolve original
│  location of error.
│
▲  Vite src/design-system/mantine/patterns/MantineModal.tsx (1:0): Module
│  level directives cause errors when bundled, "use client" in
│  "src/design-system/mantine/patterns/MantineModal.tsx" was ignored.
│
▲  Vite src/modules/listings/components/ListingShareButton.tsx (1:0):
│  Error when using sourcemap for reporting an error: Can't resolve
│  original location of error.
│
▲  Vite src/modules/listings/components/ListingShareButton.tsx (1:0):
│  Module level directives cause errors when bundled, "use client" in
│  "src/modules/listings/components/ListingShareButton.tsx" was ignored.
│
▲  Vite src/design-system/mantine/patterns/MantineAddItemPanel.tsx (1:0):
│  Error when using sourcemap for reporting an error: Can't resolve
│  original location of error.
│
▲  Vite src/design-system/mantine/patterns/MantineAddItemPanel.tsx (1:0):
│  Module level directives cause errors when bundled, "use client" in
│  "src/design-system/mantine/patterns/MantineAddItemPanel.tsx" was
│  ignored.
│
▲  Vite src/design-system/mantine/patterns/MantineDropdownMenu.tsx (1:0):
│  Error when using sourcemap for reporting an error: Can't resolve
│  original location of error.
│
▲  Vite src/design-system/mantine/patterns/MantineDropdownMenu.tsx (1:0):
│  Module level directives cause errors when bundled, "use client" in
│  "src/design-system/mantine/patterns/MantineDropdownMenu.tsx" was
│  ignored.
│
▲  Vite
│  src/design-system/mantine/patterns/MantineDashboardChartLegend.tsx
│  (1:0): Error when using sourcemap for reporting an error: Can't
│  resolve original location of error.
│
▲  Vite
│  src/design-system/mantine/patterns/MantineDashboardChartLegend.tsx
│  (1:0): Module level directives cause errors when bundled, "use client"
│  in
│  "src/design-system/mantine/patterns/MantineDashboardChartLegend.tsx"
│  was ignored.
│
▲  Vite src/components/shared/AvatarCropModal.tsx (1:0): Error when using
│  sourcemap for reporting an error: Can't resolve original location of
│  error.
│
▲  Vite src/components/shared/AvatarCropModal.tsx (1:0): Module level
│  directives cause errors when bundled, "use client" in
│  "src/components/shared/AvatarCropModal.tsx" was ignored.
│
▲  Vite src/modules/listings/components/ListingsStatusTabs.tsx (1:0):
│  Error when using sourcemap for reporting an error: Can't resolve
│  original location of error.
│
▲  Vite src/modules/listings/components/ListingsStatusTabs.tsx (1:0):
│  Module level directives cause errors when bundled, "use client" in
│  "src/modules/listings/components/ListingsStatusTabs.tsx" was ignored.
│
▲  Vite src/design-system/media/AppImage.tsx (1:0): Error when using
│  sourcemap for reporting an error: Can't resolve original location of
│  error.
│
▲  Vite src/design-system/media/AppImage.tsx (1:0): Module level
│  directives cause errors when bundled, "use client" in
│  "src/design-system/media/AppImage.tsx" was ignored.
│
▲  Vite src/modules/listings/components/LatestListingsView.tsx (1:0):
│  Error when using sourcemap for reporting an error: Can't resolve
│  original location of error.
│
▲  Vite src/modules/listings/components/LatestListingsView.tsx (1:0):
│  Module level directives cause errors when bundled, "use client" in
│  "src/modules/listings/components/LatestListingsView.tsx" was ignored.
│
▲  Vite src/modules/notifications/components/NotificationBellView.tsx
│  (1:0): Error when using sourcemap for reporting an error: Can't
│  resolve original location of error.
│
▲  Vite src/modules/notifications/components/NotificationBellView.tsx
│  (1:0): Module level directives cause errors when bundled, "use client"
│  in "src/modules/notifications/components/NotificationBellView.tsx" was
│  ignored.
│
▲  Vite
│  src/design-system/mantine/patterns/MantineListingGalleryPattern.tsx
│  (1:0): Error when using sourcemap for reporting an error: Can't
│  resolve original location of error.
│
▲  Vite
│  src/design-system/mantine/patterns/MantineListingGalleryPattern.tsx
│  (1:0): Module level directives cause errors when bundled, "use client"
│  in
│  "src/design-system/mantine/patterns/MantineListingGalleryPattern.tsx"
│  was ignored.
│
▲  Vite
│  src/design-system/mantine/patterns/MantineResponsiveActionFooter.tsx
│  (1:0): Error when using sourcemap for reporting an error: Can't
│  resolve original location of error.
│
▲  Vite
│  src/design-system/mantine/patterns/MantineResponsiveActionFooter.tsx
│  (1:0): Module level directives cause errors when bundled, "use client"
│  in
│  "src/design-system/mantine/patterns/MantineResponsiveActionFooter.tsx"
│  was ignored.
│
▲  Vite src/components/admin/CurrencyDetailDialogView.tsx (1:0): Error
│  when using sourcemap for reporting an error: Can't resolve original
│  location of error.
│
▲  Vite src/components/admin/CurrencyDetailDialogView.tsx (1:0): Module
│  level directives cause errors when bundled, "use client" in
│  "src/components/admin/CurrencyDetailDialogView.tsx" was ignored.
│
▲  Vite src/components/layout/HeaderActions.tsx (1:0): Error when using
│  sourcemap for reporting an error: Can't resolve original location of
│  error.
│
▲  Vite src/components/layout/HeaderActions.tsx (1:0): Module level
│  directives cause errors when bundled, "use client" in
│  "src/components/layout/HeaderActions.tsx" was ignored.
│
▲  Vite src/design-system/mantine/patterns/MantinePopover.tsx (1:0):
│  Error when using sourcemap for reporting an error: Can't resolve
│  original location of error.
│
▲  Vite src/design-system/mantine/patterns/MantinePopover.tsx (1:0):
│  Module level directives cause errors when bundled, "use client" in
│  "src/design-system/mantine/patterns/MantinePopover.tsx" was ignored.
│
▲  Vite src/components/layout/HeaderView.tsx (1:0): Error when using
│  sourcemap for reporting an error: Can't resolve original location of
│  error.
│
▲  Vite src/components/layout/HeaderView.tsx (1:0): Module level
│  directives cause errors when bundled, "use client" in
│  "src/components/layout/HeaderView.tsx" was ignored.
│
▲  Vite src/design-system/mantine/patterns/MantineNavigationMenu.tsx
│  (1:0): Error when using sourcemap for reporting an error: Can't
│  resolve original location of error.
│
▲  Vite src/design-system/mantine/patterns/MantineNavigationMenu.tsx
│  (1:0): Module level directives cause errors when bundled, "use client"
│  in "src/design-system/mantine/patterns/MantineNavigationMenu.tsx" was
│  ignored.
│
▲  Vite src/design-system/mantine/patterns/MantineCopyIdButton.tsx (1:0):
│  Error when using sourcemap for reporting an error: Can't resolve
│  original location of error.
│
▲  Vite src/design-system/mantine/patterns/MantineCopyIdButton.tsx (1:0):
│  Module level directives cause errors when bundled, "use client" in
│  "src/design-system/mantine/patterns/MantineCopyIdButton.tsx" was
│  ignored.
│
▲  Vite src/components/admin/ProviderFormDialogView.tsx (1:0): Error when
│  using sourcemap for reporting an error: Can't resolve original
│  location of error.
│
▲  Vite src/components/admin/ProviderFormDialogView.tsx (1:0): Module
│  level directives cause errors when bundled, "use client" in
│  "src/components/admin/ProviderFormDialogView.tsx" was ignored.
│
▲  Vite src/design-system/mantine/patterns/RangeDatePicker.tsx (1:0):
│  Error when using sourcemap for reporting an error: Can't resolve
│  original location of error.
│
▲  Vite src/design-system/mantine/patterns/RangeDatePicker.tsx (1:0):
│  Module level directives cause errors when bundled, "use client" in
│  "src/design-system/mantine/patterns/RangeDatePicker.tsx" was ignored.
│
▲  Vite
│  src/design-system/mantine/patterns/MantineDashboardChartStateFrame.tsx
│  (1:0): Error when using sourcemap for reporting an error: Can't
│  resolve original location of error.
│
▲  Vite
│  src/design-system/mantine/patterns/MantineDashboardChartStateFrame.tsx
│  (1:0): Module level directives cause errors when bundled, "use client"
│  in
│  "src/design-system/mantine/patterns/MantineDashboardChartStateFrame.tsx"
│  was ignored.
│
▲  Vite src/modules/notifications/components/NotificationCenter.tsx
│  (1:0): Error when using sourcemap for reporting an error: Can't
│  resolve original location of error.
│
▲  Vite src/modules/notifications/components/NotificationCenter.tsx
│  (1:0): Module level directives cause errors when bundled, "use client"
│  in "src/modules/notifications/components/NotificationCenter.tsx" was
│  ignored.
│
▲  Vite
│  src/design-system/mantine/patterns/MantineEmptyLoadingErrorState.tsx
│  (1:0): Error when using sourcemap for reporting an error: Can't
│  resolve original location of error.
│
▲  Vite
│  src/design-system/mantine/patterns/MantineEmptyLoadingErrorState.tsx
│  (1:0): Module level directives cause errors when bundled, "use client"
│  in
│  "src/design-system/mantine/patterns/MantineEmptyLoadingErrorState.tsx"
│  was ignored.
│
▲  Vite src/modules/auth/components/ResetPasswordView.tsx (1:0): Error
│  when using sourcemap for reporting an error: Can't resolve original
│  location of error.
│
▲  Vite src/modules/auth/components/ResetPasswordView.tsx (1:0): Module
│  level directives cause errors when bundled, "use client" in
│  "src/modules/auth/components/ResetPasswordView.tsx" was ignored.
│
▲  Vite src/modules/listings/components/LightboxView.tsx (1:0): Error
│  when using sourcemap for reporting an error: Can't resolve original
│  location of error.
│
▲  Vite src/modules/listings/components/LightboxView.tsx (1:0): Module
│  level directives cause errors when bundled, "use client" in
│  "src/modules/listings/components/LightboxView.tsx" was ignored.
│
▲  Vite src/modules/listings/components/ListingsFilters.tsx (1:0): Error
│  when using sourcemap for reporting an error: Can't resolve original
│  location of error.
│
▲  Vite src/modules/listings/components/ListingsFilters.tsx (1:0): Module
│  level directives cause errors when bundled, "use client" in
│  "src/modules/listings/components/ListingsFilters.tsx" was ignored.
│
▲  Vite src/design-system/mantine/patterns/PasswordRequirementsHint.tsx
│  (1:0): Error when using sourcemap for reporting an error: Can't
│  resolve original location of error.
│
▲  Vite src/design-system/mantine/patterns/PasswordRequirementsHint.tsx
│  (1:0): Module level directives cause errors when bundled, "use client"
│  in "src/design-system/mantine/patterns/PasswordRequirementsHint.tsx"
│  was ignored.
│
▲  Vite src/components/admin/AdminSupportManager.tsx (1:0): Error when
│  using sourcemap for reporting an error: Can't resolve original
│  location of error.
│
▲  Vite src/components/admin/AdminSupportManager.tsx (1:0): Module level
│  directives cause errors when bundled, "use client" in
│  "src/components/admin/AdminSupportManager.tsx" was ignored.
│
▲  Vite src/modules/listings/components/ListingsShellView.tsx (1:0):
│  Error when using sourcemap for reporting an error: Can't resolve
│  original location of error.
│
▲  Vite src/modules/listings/components/ListingsShellView.tsx (1:0):
│  Module level directives cause errors when bundled, "use client" in
│  "src/modules/listings/components/ListingsShellView.tsx" was ignored.
│
▲  Vite src/design-system/mantine/patterns/MantineDataTableToCards.tsx
│  (1:0): Error when using sourcemap for reporting an error: Can't
│  resolve original location of error.
│
▲  Vite src/design-system/mantine/patterns/MantineDataTableToCards.tsx
│  (1:0): Module level directives cause errors when bundled, "use client"
│  in "src/design-system/mantine/patterns/MantineDataTableToCards.tsx"
│  was ignored.
│
▲  Vite node_modules/@mantine/core/esm/core/utils/get-env/get-env.mjs
│  (1:0): Module level directives cause errors when bundled, "use client"
│  in "node_modules/@mantine/core/esm/core/utils/get-env/get-env.mjs" was
│  ignored.
│
▲  Vite src/design-system/mantine/patterns/MantineNotificationPattern.tsx
│  (1:0): Error when using sourcemap for reporting an error: Can't
│  resolve original location of error.
│
▲  Vite src/design-system/mantine/patterns/MantineNotificationPattern.tsx
│  (1:0): Module level directives cause errors when bundled, "use client"
│  in "src/design-system/mantine/patterns/MantineNotificationPattern.tsx"
│  was ignored.
│
▲  Vite src/design-system/mantine/patterns/MantineDashboardWorkList.tsx
│  (1:0): Error when using sourcemap for reporting an error: Can't
│  resolve original location of error.
│
▲  Vite src/design-system/mantine/patterns/MantineDashboardWorkList.tsx
│  (1:0): Module level directives cause errors when bundled, "use client"
│  in "src/design-system/mantine/patterns/MantineDashboardWorkList.tsx"
│  was ignored.
│
▲  Vite src/components/layout/UserMenu.tsx (1:0): Error when using
│  sourcemap for reporting an error: Can't resolve original location of
│  error.
│
▲  Vite src/components/layout/UserMenu.tsx (1:0): Module level directives
│  cause errors when bundled, "use client" in
│  "src/components/layout/UserMenu.tsx" was ignored.
│
▲  Vite src/design-system/mantine/patterns/MantineDashboardCard.tsx
│  (1:0): Error when using sourcemap for reporting an error: Can't
│  resolve original location of error.
│
▲  Vite src/design-system/mantine/patterns/MantineDashboardCard.tsx
│  (1:0): Module level directives cause errors when bundled, "use client"
│  in "src/design-system/mantine/patterns/MantineDashboardCard.tsx" was
│  ignored.
│
▲  Vite src/modules/listings/components/form/NumInputField.tsx (1:0):
│  Error when using sourcemap for reporting an error: Can't resolve
│  original location of error.
│
▲  Vite src/modules/listings/components/form/NumInputField.tsx (1:0):
│  Module level directives cause errors when bundled, "use client" in
│  "src/modules/listings/components/form/NumInputField.tsx" was ignored.
│
▲  Vite src/modules/auth/components/AuthSheet.tsx (1:0): Error when using
│  sourcemap for reporting an error: Can't resolve original location of
│  error.
│
▲  Vite src/modules/auth/components/AuthSheet.tsx (1:0): Module level
│  directives cause errors when bundled, "use client" in
│  "src/modules/auth/components/AuthSheet.tsx" was ignored.
│
▲  Vite src/components/admin/AdminPropertyTypesManager.tsx (1:0): Error
│  when using sourcemap for reporting an error: Can't resolve original
│  location of error.
│
▲  Vite src/components/admin/AdminPropertyTypesManager.tsx (1:0): Module
│  level directives cause errors when bundled, "use client" in
│  "src/components/admin/AdminPropertyTypesManager.tsx" was ignored.
│
▲  Vite src/components/auth/CaptchaWidget.tsx (1:0): Error when using
│  sourcemap for reporting an error: Can't resolve original location of
│  error.
│
▲  Vite src/components/auth/CaptchaWidget.tsx (1:0): Module level
│  directives cause errors when bundled, "use client" in
│  "src/components/auth/CaptchaWidget.tsx" was ignored.
│
▲  Vite src/modules/admin/dashboard/components/AdminDashboardView.tsx
│  (1:0): Error when using sourcemap for reporting an error: Can't
│  resolve original location of error.
│
▲  Vite src/modules/admin/dashboard/components/AdminDashboardView.tsx
│  (1:0): Module level directives cause errors when bundled, "use client"
│  in "src/modules/admin/dashboard/components/AdminDashboardView.tsx" was
│  ignored.
│
▲  Vite node_modules/lucide-react/dist/esm/context.mjs (2:0): Module
│  level directives cause errors when bundled, "use client" in
│  "node_modules/lucide-react/dist/esm/context.mjs" was ignored.
│
▲  Vite node_modules/lucide-react/dist/esm/Icon.mjs (2:0): Module level
│  directives cause errors when bundled, "use client" in
│  "node_modules/lucide-react/dist/esm/Icon.mjs" was ignored.
│
▲  Vite
│  node_modules/next-intl/dist/esm/production/shared/NextIntlClientProvider.js
│  (1:0): Module level directives cause errors when bundled, "use client"
│  in
│  "node_modules/next-intl/dist/esm/production/shared/NextIntlClientProvider.js"
│  was ignored.
│
▲  Vite node_modules/@mantine/notifications/esm/notifications.store.mjs
│  (1:0): Module level directives cause errors when bundled, "use client"
│  in "node_modules/@mantine/notifications/esm/notifications.store.mjs"
│  was ignored.
│
▲  Vite node_modules/@mantine/notifications/esm/Notifications.mjs (1:0):
│  Module level directives cause errors when bundled, "use client" in
│  "node_modules/@mantine/notifications/esm/Notifications.mjs" was
│  ignored.
│
▲  Vite node_modules/@mantine/modals/esm/use-modals/use-modals.mjs (1:0):
│  Module level directives cause errors when bundled, "use client" in
│  "node_modules/@mantine/modals/esm/use-modals/use-modals.mjs" was
│  ignored.
│
▲  Vite node_modules/@mantine/modals/esm/ModalsProvider.mjs (1:0): Module
│  level directives cause errors when bundled, "use client" in
│  "node_modules/@mantine/modals/esm/ModalsProvider.mjs" was ignored.
│
▲  Vite node_modules/@mantine/modals/esm/events.mjs (1:0): Module level
│  directives cause errors when bundled, "use client" in
│  "node_modules/@mantine/modals/esm/events.mjs" was ignored.
│
▲  Vite node_modules/cmdk/dist/index.mjs (1:0): Module level directives
│  cause errors when bundled, "use client" in
│  "node_modules/cmdk/dist/index.mjs" was ignored.
│
▲  Vite
│  node_modules/@mantine/core/esm/core/styles-api/use-styles/get-class-name/get-class-name.mjs
│  (1:0): Module level directives cause errors when bundled, "use client"
│  in
│  "node_modules/@mantine/core/esm/core/styles-api/use-styles/get-class-name/get-class-name.mjs"
│  was ignored.
│
▲  Vite
│  node_modules/@mantine/core/esm/core/styles-api/use-styles/get-style/get-style.mjs
│  (1:0): Module level directives cause errors when bundled, "use client"
│  in
│  "node_modules/@mantine/core/esm/core/styles-api/use-styles/get-style/get-style.mjs"
│  was ignored.
│
▲  Vite
│  node_modules/@mantine/core/esm/core/styles-api/use-styles/use-transformed-styles.mjs
│  (1:0): Module level directives cause errors when bundled, "use client"
│  in
│  "node_modules/@mantine/core/esm/core/styles-api/use-styles/use-transformed-styles.mjs"
│  was ignored.
│
▲  Vite
│  node_modules/@mantine/core/esm/core/MantineProvider/MantineClasses/MantineClasses.mjs
│  (1:0): Module level directives cause errors when bundled, "use client"
│  in
│  "node_modules/@mantine/core/esm/core/MantineProvider/MantineClasses/MantineClasses.mjs"
│  was ignored.
│
▲  Vite
│  node_modules/@mantine/core/esm/core/MantineProvider/use-respect-reduce-motion/use-respect-reduce-motion.mjs
│  (1:0): Module level directives cause errors when bundled, "use client"
│  in
│  "node_modules/@mantine/core/esm/core/MantineProvider/use-respect-reduce-motion/use-respect-reduce-motion.mjs"
│  was ignored.
│
▲  Vite
│  node_modules/@mantine/core/esm/core/MantineProvider/convert-css-variables/css-variables-object-to-string.mjs
│  (1:0): Module level directives cause errors when bundled, "use client"
│  in
│  "node_modules/@mantine/core/esm/core/MantineProvider/convert-css-variables/css-variables-object-to-string.mjs"
│  was ignored.
│
▲  Vite
│  node_modules/@mantine/core/esm/core/MantineProvider/MantineCssVariables/get-merged-variables.mjs
│  (1:0): Module level directives cause errors when bundled, "use client"
│  in
│  "node_modules/@mantine/core/esm/core/MantineProvider/MantineCssVariables/get-merged-variables.mjs"
│  was ignored.
│
▲  Vite
│  node_modules/@mantine/core/esm/core/MantineProvider/MantineCssVariables/remove-default-variables.mjs
│  (1:0): Module level directives cause errors when bundled, "use client"
│  in
│  "node_modules/@mantine/core/esm/core/MantineProvider/MantineCssVariables/remove-default-variables.mjs"
│  was ignored.
│
▲  Vite
│  node_modules/@mantine/core/esm/core/InlineStyles/css-object-to-string/css-object-to-string.mjs
│  (1:0): Module level directives cause errors when bundled, "use client"
│  in
│  "node_modules/@mantine/core/esm/core/InlineStyles/css-object-to-string/css-object-to-string.mjs"
│  was ignored.
│
▲  Vite
│  node_modules/@mantine/core/esm/core/Box/style-props/resolvers/index.mjs
│  (1:0): Module level directives cause errors when bundled, "use client"
│  in
│  "node_modules/@mantine/core/esm/core/Box/style-props/resolvers/index.mjs"
│  was ignored.
│
▲  Vite
│  node_modules/@mantine/core/esm/core/Box/style-props/parse-style-props/sort-media-queries.mjs
│  (1:0): Module level directives cause errors when bundled, "use client"
│  in
│  "node_modules/@mantine/core/esm/core/Box/style-props/parse-style-props/sort-media-queries.mjs"
│  was ignored.
│
▲  Vite
│  node_modules/@mantine/core/esm/core/Box/get-box-mod/get-box-mod.mjs
│  (1:0): Module level directives cause errors when bundled, "use client"
│  in
│  "node_modules/@mantine/core/esm/core/Box/get-box-mod/get-box-mod.mjs"
│  was ignored.
│
▲  Vite
│  node_modules/@mantine/core/esm/core/Box/get-box-style/get-box-style.mjs
│  (1:0): Module level directives cause errors when bundled, "use client"
│  in
│  "node_modules/@mantine/core/esm/core/Box/get-box-style/get-box-style.mjs"
│  was ignored.
│
▲  Vite
│  node_modules/@mantine/core/esm/components/Collapse/use-collapse.mjs
│  (1:0): Module level directives cause errors when bundled, "use client"
│  in
│  "node_modules/@mantine/core/esm/components/Collapse/use-collapse.mjs"
│  was ignored.
│
▲  Vite
│  node_modules/@mantine/core/esm/components/ScrollArea/ScrollArea.module.css.mjs
│  (1:0): Module level directives cause errors when bundled, "use client"
│  in
│  "node_modules/@mantine/core/esm/components/ScrollArea/ScrollArea.module.css.mjs"
│  was ignored.
│
▲  Vite
│  node_modules/@mantine/core/esm/components/ScrollArea/ScrollAreaCorner/ScrollAreaCorner.mjs
│  (1:0): Module level directives cause errors when bundled, "use client"
│  in
│  "node_modules/@mantine/core/esm/components/ScrollArea/ScrollAreaCorner/ScrollAreaCorner.mjs"
│  was ignored.
│
▲  Vite
│  node_modules/@mantine/core/esm/components/ScrollArea/ScrollAreaRoot/ScrollAreaRoot.mjs
│  (1:0): Module level directives cause errors when bundled, "use client"
│  in
│  "node_modules/@mantine/core/esm/components/ScrollArea/ScrollAreaRoot/ScrollAreaRoot.mjs"
│  was ignored.
│
▲  Vite
│  node_modules/@mantine/core/esm/components/ScrollArea/ScrollAreaThumb/ScrollAreaThumb.mjs
│  (1:0): Module level directives cause errors when bundled, "use client"
│  in
│  "node_modules/@mantine/core/esm/components/ScrollArea/ScrollAreaThumb/ScrollAreaThumb.mjs"
│  was ignored.
│
▲  Vite
│  node_modules/@mantine/core/esm/components/ScrollArea/ScrollAreaScrollbar/ScrollAreaScrollbar.mjs
│  (1:0): Module level directives cause errors when bundled, "use client"
│  in
│  "node_modules/@mantine/core/esm/components/ScrollArea/ScrollAreaScrollbar/ScrollAreaScrollbar.mjs"
│  was ignored.
│
▲  Vite
│  node_modules/@mantine/core/esm/components/ScrollArea/ScrollAreaViewport/ScrollAreaViewport.mjs
│  (1:0): Module level directives cause errors when bundled, "use client"
│  in
│  "node_modules/@mantine/core/esm/components/ScrollArea/ScrollAreaViewport/ScrollAreaViewport.mjs"
│  was ignored.
│
▲  Vite
│  node_modules/@mantine/core/esm/components/UnstyledButton/UnstyledButton.module.css.mjs
│  (1:0): Module level directives cause errors when bundled, "use client"
│  in
│  "node_modules/@mantine/core/esm/components/UnstyledButton/UnstyledButton.module.css.mjs"
│  was ignored.
│
▲  Vite
│  node_modules/@mantine/core/esm/components/VisuallyHidden/VisuallyHidden.module.css.mjs
│  (1:0): Module level directives cause errors when bundled, "use client"
│  in
│  "node_modules/@mantine/core/esm/components/VisuallyHidden/VisuallyHidden.module.css.mjs"
│  was ignored.
│
▲  Vite
│  node_modules/@mantine/core/esm/components/Popover/Popover.context.mjs
│  (1:0): Module level directives cause errors when bundled, "use client"
│  in
│  "node_modules/@mantine/core/esm/components/Popover/Popover.context.mjs"
│  was ignored.
│
▲  Vite
│  node_modules/@mantine/core/esm/components/Paper/Paper.module.css.mjs
│  (1:0): Module level directives cause errors when bundled, "use client"
│  in
│  "node_modules/@mantine/core/esm/components/Paper/Paper.module.css.mjs"
│  was ignored.
│
▲  Vite
│  node_modules/@mantine/core/esm/components/Popover/Popover.module.css.mjs
│  (1:0): Module level directives cause errors when bundled, "use client"
│  in
│  "node_modules/@mantine/core/esm/components/Popover/Popover.module.css.mjs"
│  was ignored.
│
▲  Vite node_modules/@mantine/core/esm/components/Popover/use-popover.mjs
│  (1:0): Module level directives cause errors when bundled, "use client"
│  in "node_modules/@mantine/core/esm/components/Popover/use-popover.mjs"
│  was ignored.
│
▲  Vite
│  node_modules/@mantine/core/esm/components/ActionIcon/ActionIcon.module.css.mjs
│  (1:0): Module level directives cause errors when bundled, "use client"
│  in
│  "node_modules/@mantine/core/esm/components/ActionIcon/ActionIcon.module.css.mjs"
│  was ignored.
│
▲  Vite
│  node_modules/@mantine/core/esm/components/CloseButton/CloseButton.module.css.mjs
│  (1:0): Module level directives cause errors when bundled, "use client"
│  in
│  "node_modules/@mantine/core/esm/components/CloseButton/CloseButton.module.css.mjs"
│  was ignored.
│
▲  Vite
│  node_modules/@mantine/core/esm/components/Group/filter-falsy-children/filter-falsy-children.mjs
│  (1:0): Module level directives cause errors when bundled, "use client"
│  in
│  "node_modules/@mantine/core/esm/components/Group/filter-falsy-children/filter-falsy-children.mjs"
│  was ignored.
│
▲  Vite
│  node_modules/@mantine/core/esm/components/Group/Group.module.css.mjs
│  (1:0): Module level directives cause errors when bundled, "use client"
│  in
│  "node_modules/@mantine/core/esm/components/Group/Group.module.css.mjs"
│  was ignored.
│
▲  Vite
│  node_modules/@mantine/core/esm/components/Loader/Loader.module.css.mjs
│  (1:0): Module level directives cause errors when bundled, "use client"
│  in
│  "node_modules/@mantine/core/esm/components/Loader/Loader.module.css.mjs"
│  was ignored.
│
▲  Vite node_modules/@mantine/core/esm/components/Loader/loaders/Bars.mjs
│  (1:0): Module level directives cause errors when bundled, "use client"
│  in "node_modules/@mantine/core/esm/components/Loader/loaders/Bars.mjs"
│  was ignored.
│
▲  Vite node_modules/@mantine/core/esm/components/Loader/loaders/Dots.mjs
│  (1:0): Module level directives cause errors when bundled, "use client"
│  in "node_modules/@mantine/core/esm/components/Loader/loaders/Dots.mjs"
│  was ignored.
│
▲  Vite node_modules/@mantine/core/esm/components/Loader/loaders/Oval.mjs
│  (1:0): Module level directives cause errors when bundled, "use client"
│  in "node_modules/@mantine/core/esm/components/Loader/loaders/Oval.mjs"
│  was ignored.
│
▲  Vite
│  node_modules/@mantine/core/esm/components/Overlay/Overlay.module.css.mjs
│  (1:0): Module level directives cause errors when bundled, "use client"
│  in
│  "node_modules/@mantine/core/esm/components/Overlay/Overlay.module.css.mjs"
│  was ignored.
│
▲  Vite
│  node_modules/@mantine/core/esm/components/ModalBase/ModalBase.context.mjs
│  (1:0): Module level directives cause errors when bundled, "use client"
│  in
│  "node_modules/@mantine/core/esm/components/ModalBase/ModalBase.context.mjs"
│  was ignored.
│
▲  Vite node_modules/@mantine/core/esm/components/ModalBase/use-modal.mjs
│  (1:0): Module level directives cause errors when bundled, "use client"
│  in "node_modules/@mantine/core/esm/components/ModalBase/use-modal.mjs"
│  was ignored.
│
▲  Vite
│  node_modules/@mantine/core/esm/components/ModalBase/ModalBase.module.css.mjs
│  (1:0): Module level directives cause errors when bundled, "use client"
│  in
│  "node_modules/@mantine/core/esm/components/ModalBase/ModalBase.module.css.mjs"
│  was ignored.
│
▲  Vite
│  node_modules/@mantine/core/esm/components/ModalBase/use-modal-body-id.mjs
│  (1:0): Module level directives cause errors when bundled, "use client"
│  in
│  "node_modules/@mantine/core/esm/components/ModalBase/use-modal-body-id.mjs"
│  was ignored.
│
▲  Vite
│  node_modules/@mantine/core/esm/components/ModalBase/use-modal-transition.mjs
│  (1:0): Module level directives cause errors when bundled, "use client"
│  in
│  "node_modules/@mantine/core/esm/components/ModalBase/use-modal-transition.mjs"
│  was ignored.
│
▲  Vite
│  node_modules/@mantine/core/esm/components/ModalBase/use-modal-title-id.mjs
│  (1:0): Module level directives cause errors when bundled, "use client"
│  in
│  "node_modules/@mantine/core/esm/components/ModalBase/use-modal-title-id.mjs"
│  was ignored.
│
▲  Vite
│  node_modules/@mantine/core/esm/components/Input/Input.module.css.mjs
│  (1:0): Module level directives cause errors when bundled, "use client"
│  in
│  "node_modules/@mantine/core/esm/components/Input/Input.module.css.mjs"
│  was ignored.
│
▲  Vite
│  node_modules/@mantine/core/esm/components/Input/InputWrapper/get-input-offsets/get-input-offsets.mjs
│  (1:0): Module level directives cause errors when bundled, "use client"
│  in
│  "node_modules/@mantine/core/esm/components/Input/InputWrapper/get-input-offsets/get-input-offsets.mjs"
│  was ignored.
│
▲  Vite node_modules/@mantine/core/esm/components/Input/Input.context.mjs
│  (1:0): Module level directives cause errors when bundled, "use client"
│  in "node_modules/@mantine/core/esm/components/Input/Input.context.mjs"
│  was ignored.
│
▲  Vite
│  node_modules/@mantine/core/esm/components/Input/InputClearSection/InputClearSection.mjs
│  (1:0): Module level directives cause errors when bundled, "use client"
│  in
│  "node_modules/@mantine/core/esm/components/Input/InputClearSection/InputClearSection.mjs"
│  was ignored.
│
▲  Vite
│  node_modules/@mantine/core/esm/components/Flex/Flex.module.css.mjs
│  (1:0): Module level directives cause errors when bundled, "use client"
│  in
│  "node_modules/@mantine/core/esm/components/Flex/Flex.module.css.mjs"
│  was ignored.
│
▲  Vite
│  node_modules/@mantine/core/esm/utils/Floating/FloatingArrow/get-arrow-position-styles.mjs
│  (1:0): Module level directives cause errors when bundled, "use client"
│  in
│  "node_modules/@mantine/core/esm/utils/Floating/FloatingArrow/get-arrow-position-styles.mjs"
│  was ignored.
│
▲  Vite
│  node_modules/@mantine/core/esm/components/Accordion/Accordion.context.mjs
│  (1:0): Module level directives cause errors when bundled, "use client"
│  in
│  "node_modules/@mantine/core/esm/components/Accordion/Accordion.context.mjs"
│  was ignored.
│
▲  Vite
│  node_modules/@mantine/core/esm/components/Accordion/Accordion.module.css.mjs
│  (1:0): Module level directives cause errors when bundled, "use client"
│  in
│  "node_modules/@mantine/core/esm/components/Accordion/Accordion.module.css.mjs"
│  was ignored.
│
▲  Vite
│  node_modules/@mantine/core/esm/components/Accordion/AccordionItem.context.mjs
│  (1:0): Module level directives cause errors when bundled, "use client"
│  in
│  "node_modules/@mantine/core/esm/components/Accordion/AccordionItem.context.mjs"
│  was ignored.
│
▲  Vite
│  node_modules/@mantine/core/esm/components/Affix/Affix.module.css.mjs
│  (1:0): Module level directives cause errors when bundled, "use client"
│  in
│  "node_modules/@mantine/core/esm/components/Affix/Affix.module.css.mjs"
│  was ignored.
│
▲  Vite
│  node_modules/@mantine/core/esm/components/Alert/Alert.module.css.mjs
│  (1:0): Module level directives cause errors when bundled, "use client"
│  in
│  "node_modules/@mantine/core/esm/components/Alert/Alert.module.css.mjs"
│  was ignored.
│
▲  Vite
│  node_modules/@mantine/core/esm/components/Anchor/Anchor.module.css.mjs
│  (1:0): Module level directives cause errors when bundled, "use client"
│  in
│  "node_modules/@mantine/core/esm/components/Anchor/Anchor.module.css.mjs"
│  was ignored.
│
▲  Vite
│  node_modules/@mantine/core/esm/components/AngleSlider/AngleSlider.module.css.mjs
│  (1:0): Module level directives cause errors when bundled, "use client"
│  in
│  "node_modules/@mantine/core/esm/components/AngleSlider/AngleSlider.module.css.mjs"
│  was ignored.
│
▲  Vite
│  node_modules/@mantine/core/esm/components/AppShell/AppShell.context.mjs
│  (1:0): Module level directives cause errors when bundled, "use client"
│  in
│  "node_modules/@mantine/core/esm/components/AppShell/AppShell.context.mjs"
│  was ignored.
│
▲  Vite
│  node_modules/@mantine/core/esm/components/AppShell/AppShell.module.css.mjs
│  (1:0): Module level directives cause errors when bundled, "use client"
│  in
│  "node_modules/@mantine/core/esm/components/AppShell/AppShell.module.css.mjs"
│  was ignored.
│
▲  Vite
│  node_modules/@mantine/core/esm/components/AppShell/AppShellMediaStyles/AppShellMediaStyles.mjs
│  (1:0): Module level directives cause errors when bundled, "use client"
│  in
│  "node_modules/@mantine/core/esm/components/AppShell/AppShellMediaStyles/AppShellMediaStyles.mjs"
│  was ignored.
│
▲  Vite
│  node_modules/@mantine/core/esm/components/AppShell/use-resizing/use-resizing.mjs
│  (1:0): Module level directives cause errors when bundled, "use client"
│  in
│  "node_modules/@mantine/core/esm/components/AppShell/use-resizing/use-resizing.mjs"
│  was ignored.
│
▲  Vite
│  node_modules/@mantine/core/esm/components/Avatar/Avatar.module.css.mjs
│  (1:0): Module level directives cause errors when bundled, "use client"
│  in
│  "node_modules/@mantine/core/esm/components/Avatar/Avatar.module.css.mjs"
│  was ignored.
│
▲  Vite
│  node_modules/@mantine/core/esm/components/Avatar/AvatarGroup/AvatarGroup.context.mjs
│  (1:0): Module level directives cause errors when bundled, "use client"
│  in
│  "node_modules/@mantine/core/esm/components/Avatar/AvatarGroup/AvatarGroup.context.mjs"
│  was ignored.
│
▲  Vite
│  node_modules/@mantine/core/esm/components/Avatar/AvatarPlaceholderIcon.mjs
│  (1:0): Module level directives cause errors when bundled, "use client"
│  in
│  "node_modules/@mantine/core/esm/components/Avatar/AvatarPlaceholderIcon.mjs"
│  was ignored.
│
▲  Vite
│  node_modules/@mantine/core/esm/components/Avatar/get-initials-color/get-initials-color.mjs
│  (1:0): Module level directives cause errors when bundled, "use client"
│  in
│  "node_modules/@mantine/core/esm/components/Avatar/get-initials-color/get-initials-color.mjs"
│  was ignored.
│
▲  Vite
│  node_modules/@mantine/core/esm/components/Avatar/get-initials/get-initials.mjs
│  (1:0): Module level directives cause errors when bundled, "use client"
│  in
│  "node_modules/@mantine/core/esm/components/Avatar/get-initials/get-initials.mjs"
│  was ignored.
│
▲  Vite
│  node_modules/@mantine/core/esm/components/Combobox/Combobox.context.mjs
│  (1:0): Module level directives cause errors when bundled, "use client"
│  in
│  "node_modules/@mantine/core/esm/components/Combobox/Combobox.context.mjs"
│  was ignored.
│
▲  Vite
│  node_modules/@mantine/core/esm/components/BackgroundImage/BackgroundImage.module.css.mjs
│  (1:0): Module level directives cause errors when bundled, "use client"
│  in
│  "node_modules/@mantine/core/esm/components/BackgroundImage/BackgroundImage.module.css.mjs"
│  was ignored.
│
▲  Vite
│  node_modules/@mantine/core/esm/components/Badge/Badge.module.css.mjs
│  (1:0): Module level directives cause errors when bundled, "use client"
│  in
│  "node_modules/@mantine/core/esm/components/Badge/Badge.module.css.mjs"
│  was ignored.
│
▲  Vite
│  node_modules/@mantine/core/esm/components/Blockquote/Blockquote.module.css.mjs
│  (1:0): Module level directives cause errors when bundled, "use client"
│  in
│  "node_modules/@mantine/core/esm/components/Blockquote/Blockquote.module.css.mjs"
│  was ignored.
│
▲  Vite
│  node_modules/@mantine/core/esm/components/Breadcrumbs/Breadcrumbs.module.css.mjs
│  (1:0): Module level directives cause errors when bundled, "use client"
│  in
│  "node_modules/@mantine/core/esm/components/Breadcrumbs/Breadcrumbs.module.css.mjs"
│  was ignored.
│
▲  Vite
│  node_modules/@mantine/core/esm/components/Burger/Burger.module.css.mjs
│  (1:0): Module level directives cause errors when bundled, "use client"
│  in
│  "node_modules/@mantine/core/esm/components/Burger/Burger.module.css.mjs"
│  was ignored.
│
▲  Vite
│  node_modules/@mantine/core/esm/components/Button/Button.module.css.mjs
│  (1:0): Module level directives cause errors when bundled, "use client"
│  in
│  "node_modules/@mantine/core/esm/components/Button/Button.module.css.mjs"
│  was ignored.
│
▲  Vite
│  node_modules/@mantine/core/esm/components/Card/Card.module.css.mjs
│  (1:0): Module level directives cause errors when bundled, "use client"
│  in
│  "node_modules/@mantine/core/esm/components/Card/Card.module.css.mjs"
│  was ignored.
│
▲  Vite node_modules/@mantine/core/esm/components/Card/Card.context.mjs
│  (1:0): Module level directives cause errors when bundled, "use client"
│  in "node_modules/@mantine/core/esm/components/Card/Card.context.mjs"
│  was ignored.
│
▲  Vite
│  node_modules/@mantine/core/esm/components/FloatingIndicator/FloatingIndicator.module.css.mjs
│  (1:0): Module level directives cause errors when bundled, "use client"
│  in
│  "node_modules/@mantine/core/esm/components/FloatingIndicator/FloatingIndicator.module.css.mjs"
│  was ignored.
│
▲  Vite
│  node_modules/@mantine/core/esm/components/FloatingIndicator/use-floating-indicator.mjs
│  (1:0): Module level directives cause errors when bundled, "use client"
│  in
│  "node_modules/@mantine/core/esm/components/FloatingIndicator/use-floating-indicator.mjs"
│  was ignored.
│
▲  Vite
│  node_modules/@mantine/core/esm/utils/InputsGroupFieldset/InputsGroupFieldset.mjs
│  (1:0): Module level directives cause errors when bundled, "use client"
│  in
│  "node_modules/@mantine/core/esm/utils/InputsGroupFieldset/InputsGroupFieldset.mjs"
│  was ignored.
│
▲  Vite
│  node_modules/@mantine/core/esm/components/Checkbox/Checkbox.module.css.mjs
│  (1:0): Module level directives cause errors when bundled, "use client"
│  in
│  "node_modules/@mantine/core/esm/components/Checkbox/Checkbox.module.css.mjs"
│  was ignored.
│
▲  Vite
│  node_modules/@mantine/core/esm/components/Checkbox/CheckboxIndicator/CheckboxIndicator.module.css.mjs
│  (1:0): Module level directives cause errors when bundled, "use client"
│  in
│  "node_modules/@mantine/core/esm/components/Checkbox/CheckboxIndicator/CheckboxIndicator.module.css.mjs"
│  was ignored.
│
▲  Vite node_modules/@mantine/core/esm/utils/InlineInput/InlineInput.mjs
│  (1:0): Module level directives cause errors when bundled, "use client"
│  in "node_modules/@mantine/core/esm/utils/InlineInput/InlineInput.mjs"
│  was ignored.
│
▲  Vite
│  node_modules/@mantine/core/esm/components/Checkbox/CheckboxCard/CheckboxCard.module.css.mjs
│  (1:0): Module level directives cause errors when bundled, "use client"
│  in
│  "node_modules/@mantine/core/esm/components/Checkbox/CheckboxCard/CheckboxCard.module.css.mjs"
│  was ignored.
│
▲  Vite
│  node_modules/@mantine/core/esm/components/Chip/Chip.module.css.mjs
│  (1:0): Module level directives cause errors when bundled, "use client"
│  in
│  "node_modules/@mantine/core/esm/components/Chip/Chip.module.css.mjs"
│  was ignored.
│
▲  Vite
│  node_modules/@mantine/core/esm/components/Code/Code.module.css.mjs
│  (1:0): Module level directives cause errors when bundled, "use client"
│  in
│  "node_modules/@mantine/core/esm/components/Code/Code.module.css.mjs"
│  was ignored.
│
▲  Vite
│  node_modules/@mantine/core/esm/components/Chip/ChipGroup.context.mjs
│  (1:0): Module level directives cause errors when bundled, "use client"
│  in
│  "node_modules/@mantine/core/esm/components/Chip/ChipGroup.context.mjs"
│  was ignored.
│
▲  Vite
│  node_modules/@mantine/core/esm/components/ColorPicker/ColorPicker.context.mjs
│  (1:0): Module level directives cause errors when bundled, "use client"
│  in
│  "node_modules/@mantine/core/esm/components/ColorPicker/ColorPicker.context.mjs"
│  was ignored.
│
▲  Vite
│  node_modules/@mantine/core/esm/components/ColorPicker/ColorPicker.module.css.mjs
│  (1:0): Module level directives cause errors when bundled, "use client"
│  in
│  "node_modules/@mantine/core/esm/components/ColorPicker/ColorPicker.module.css.mjs"
│  was ignored.
│
▲  Vite
│  node_modules/@mantine/core/esm/components/ColorPicker/Saturation/Saturation.mjs
│  (1:0): Module level directives cause errors when bundled, "use client"
│  in
│  "node_modules/@mantine/core/esm/components/ColorPicker/Saturation/Saturation.mjs"
│  was ignored.
│
▲  Vite
│  node_modules/@mantine/core/esm/components/ColorPicker/Swatches/Swatches.mjs
│  (1:0): Module level directives cause errors when bundled, "use client"
│  in
│  "node_modules/@mantine/core/esm/components/ColorPicker/Swatches/Swatches.mjs"
│  was ignored.
│
▲  Vite
│  node_modules/@mantine/core/esm/components/ColorPicker/ColorSlider/ColorSlider.mjs
│  (1:0): Module level directives cause errors when bundled, "use client"
│  in
│  "node_modules/@mantine/core/esm/components/ColorPicker/ColorSlider/ColorSlider.mjs"
│  was ignored.
│
▲  Vite
│  node_modules/@mantine/core/esm/components/ColorSwatch/ColorSwatch.module.css.mjs
│  (1:0): Module level directives cause errors when bundled, "use client"
│  in
│  "node_modules/@mantine/core/esm/components/ColorSwatch/ColorSwatch.module.css.mjs"
│  was ignored.
│
▲  Vite
│  node_modules/@mantine/core/esm/components/ColorInput/ColorInput.module.css.mjs
│  (1:0): Module level directives cause errors when bundled, "use client"
│  in
│  "node_modules/@mantine/core/esm/components/ColorInput/ColorInput.module.css.mjs"
│  was ignored.
│
▲  Vite
│  node_modules/@mantine/core/esm/components/ColorInput/EyeDropperIcon.mjs
│  (1:0): Module level directives cause errors when bundled, "use client"
│  in
│  "node_modules/@mantine/core/esm/components/ColorInput/EyeDropperIcon.mjs"
│  was ignored.
│
▲  Vite
│  node_modules/@mantine/core/esm/components/Combobox/Combobox.module.css.mjs
│  (1:0): Module level directives cause errors when bundled, "use client"
│  in
│  "node_modules/@mantine/core/esm/components/Combobox/Combobox.module.css.mjs"
│  was ignored.
│
▲  Vite
│  node_modules/@mantine/core/esm/components/AspectRatio/AspectRatio.module.css.mjs
│  (1:0): Module level directives cause errors when bundled, "use client"
│  in
│  "node_modules/@mantine/core/esm/components/AspectRatio/AspectRatio.module.css.mjs"
│  was ignored.
│
▲  Vite
│  node_modules/@mantine/core/esm/components/Combobox/OptionsDropdown/is-empty-combobox-data.mjs
│  (1:0): Module level directives cause errors when bundled, "use client"
│  in
│  "node_modules/@mantine/core/esm/components/Combobox/OptionsDropdown/is-empty-combobox-data.mjs"
│  was ignored.
│
▲  Vite
│  node_modules/@mantine/core/esm/components/Combobox/use-combobox/get-index/get-virtualized-index.mjs
│  (1:0): Module level directives cause errors when bundled, "use client"
│  in
│  "node_modules/@mantine/core/esm/components/Combobox/use-combobox/get-index/get-virtualized-index.mjs"
│  was ignored.
│
▲  Vite
│  node_modules/@mantine/core/esm/components/Combobox/OptionsDropdown/validate-options.mjs
│  (1:0): Module level directives cause errors when bundled, "use client"
│  in
│  "node_modules/@mantine/core/esm/components/Combobox/OptionsDropdown/validate-options.mjs"
│  was ignored.
│
▲  Vite
│  node_modules/@mantine/core/esm/components/Container/Container.module.css.mjs
│  (1:0): Module level directives cause errors when bundled, "use client"
│  in
│  "node_modules/@mantine/core/esm/components/Container/Container.module.css.mjs"
│  was ignored.
│
▲  Vite
│  node_modules/@mantine/core/esm/components/Dialog/Dialog.module.css.mjs
│  (1:0): Module level directives cause errors when bundled, "use client"
│  in
│  "node_modules/@mantine/core/esm/components/Dialog/Dialog.module.css.mjs"
│  was ignored.
│
▲  Vite
│  node_modules/@mantine/core/esm/components/Divider/Divider.module.css.mjs
│  (1:0): Module level directives cause errors when bundled, "use client"
│  in
│  "node_modules/@mantine/core/esm/components/Divider/Divider.module.css.mjs"
│  was ignored.
│
▲  Vite
│  node_modules/@mantine/core/esm/components/Drawer/Drawer.context.mjs
│  (1:0): Module level directives cause errors when bundled, "use client"
│  in
│  "node_modules/@mantine/core/esm/components/Drawer/Drawer.context.mjs"
│  was ignored.
│
▲  Vite
│  node_modules/@mantine/core/esm/components/Drawer/Drawer.module.css.mjs
│  (1:0): Module level directives cause errors when bundled, "use client"
│  in
│  "node_modules/@mantine/core/esm/components/Drawer/Drawer.module.css.mjs"
│  was ignored.
│
▲  Vite
│  node_modules/@mantine/core/esm/components/Fieldset/Fieldset.module.css.mjs
│  (1:0): Module level directives cause errors when bundled, "use client"
│  in
│  "node_modules/@mantine/core/esm/components/Fieldset/Fieldset.module.css.mjs"
│  was ignored.
│
▲  Vite node_modules/@mantine/core/esm/components/Grid/Grid.context.mjs
│  (1:0): Module level directives cause errors when bundled, "use client"
│  in "node_modules/@mantine/core/esm/components/Grid/Grid.context.mjs"
│  was ignored.
│
▲  Vite
│  node_modules/@mantine/core/esm/components/Grid/Grid.module.css.mjs
│  (1:0): Module level directives cause errors when bundled, "use client"
│  in
│  "node_modules/@mantine/core/esm/components/Grid/Grid.module.css.mjs"
│  was ignored.
│
▲  Vite node_modules/@mantine/core/esm/components/Grid/GridVariables.mjs
│  (1:0): Module level directives cause errors when bundled, "use client"
│  in "node_modules/@mantine/core/esm/components/Grid/GridVariables.mjs"
│  was ignored.
│
▲  Vite
│  node_modules/@mantine/core/esm/components/Grid/GridCol/GridColVariables.mjs
│  (1:0): Module level directives cause errors when bundled, "use client"
│  in
│  "node_modules/@mantine/core/esm/components/Grid/GridCol/GridColVariables.mjs"
│  was ignored.
│
▲  Vite
│  node_modules/@mantine/core/esm/components/Highlight/highlighter/highlighter.mjs
│  (1:0): Module level directives cause errors when bundled, "use client"
│  in
│  "node_modules/@mantine/core/esm/components/Highlight/highlighter/highlighter.mjs"
│  was ignored.
│
▲  Vite
│  node_modules/@mantine/core/esm/components/HoverCard/HoverCard.context.mjs
│  (1:0): Module level directives cause errors when bundled, "use client"
│  in
│  "node_modules/@mantine/core/esm/components/HoverCard/HoverCard.context.mjs"
│  was ignored.
│
▲  Vite
│  node_modules/@mantine/core/esm/components/HoverCard/use-hover-card.mjs
│  (1:0): Module level directives cause errors when bundled, "use client"
│  in
│  "node_modules/@mantine/core/esm/components/HoverCard/use-hover-card.mjs"
│  was ignored.
│
▲  Vite
│  node_modules/@mantine/core/esm/components/HoverCard/HoverCardGroup/HoverCardGroup.context.mjs
│  (1:0): Module level directives cause errors when bundled, "use client"
│  in
│  "node_modules/@mantine/core/esm/components/HoverCard/HoverCardGroup/HoverCardGroup.context.mjs"
│  was ignored.
│
▲  Vite
│  node_modules/@mantine/core/esm/components/Image/Image.module.css.mjs
│  (1:0): Module level directives cause errors when bundled, "use client"
│  in
│  "node_modules/@mantine/core/esm/components/Image/Image.module.css.mjs"
│  was ignored.
│
▲  Vite
│  node_modules/@mantine/core/esm/components/Center/Center.module.css.mjs
│  (1:0): Module level directives cause errors when bundled, "use client"
│  in
│  "node_modules/@mantine/core/esm/components/Center/Center.module.css.mjs"
│  was ignored.
│
▲  Vite
│  node_modules/@mantine/core/esm/components/Indicator/get-position-variables/get-position-variables.mjs
│  (1:0): Module level directives cause errors when bundled, "use client"
│  in
│  "node_modules/@mantine/core/esm/components/Indicator/get-position-variables/get-position-variables.mjs"
│  was ignored.
│
▲  Vite
│  node_modules/@mantine/core/esm/components/Indicator/Indicator.module.css.mjs
│  (1:0): Module level directives cause errors when bundled, "use client"
│  in
│  "node_modules/@mantine/core/esm/components/Indicator/Indicator.module.css.mjs"
│  was ignored.
│
▲  Vite
│  node_modules/@mantine/core/esm/components/JsonInput/validate-json/validate-json.mjs
│  (1:0): Module level directives cause errors when bundled, "use client"
│  in
│  "node_modules/@mantine/core/esm/components/JsonInput/validate-json/validate-json.mjs"
│  was ignored.
│
▲  Vite node_modules/@mantine/core/esm/components/List/List.context.mjs
│  (1:0): Module level directives cause errors when bundled, "use client"
│  in "node_modules/@mantine/core/esm/components/List/List.context.mjs"
│  was ignored.
│
▲  Vite
│  node_modules/@mantine/core/esm/components/List/List.module.css.mjs
│  (1:0): Module level directives cause errors when bundled, "use client"
│  in
│  "node_modules/@mantine/core/esm/components/List/List.module.css.mjs"
│  was ignored.
│
▲  Vite node_modules/@mantine/core/esm/components/Kbd/Kbd.module.css.mjs
│  (1:0): Module level directives cause errors when bundled, "use client"
│  in "node_modules/@mantine/core/esm/components/Kbd/Kbd.module.css.mjs"
│  was ignored.
│
▲  Vite
│  node_modules/@mantine/core/esm/components/LoadingOverlay/LoadingOverlay.module.css.mjs
│  (1:0): Module level directives cause errors when bundled, "use client"
│  in
│  "node_modules/@mantine/core/esm/components/LoadingOverlay/LoadingOverlay.module.css.mjs"
│  was ignored.
│
▲  Vite
│  node_modules/@mantine/core/esm/components/Menu/Menu.module.css.mjs
│  (1:0): Module level directives cause errors when bundled, "use client"
│  in
│  "node_modules/@mantine/core/esm/components/Menu/Menu.module.css.mjs"
│  was ignored.
│
▲  Vite node_modules/@mantine/core/esm/components/Menu/Menu.context.mjs
│  (1:0): Module level directives cause errors when bundled, "use client"
│  in "node_modules/@mantine/core/esm/components/Menu/Menu.context.mjs"
│  was ignored.
│
▲  Vite node_modules/@mantine/core/esm/components/Mark/get-mark-color.mjs
│  (1:0): Module level directives cause errors when bundled, "use client"
│  in "node_modules/@mantine/core/esm/components/Mark/get-mark-color.mjs"
│  was ignored.
│
▲  Vite
│  node_modules/@mantine/core/esm/components/Mark/Mark.module.css.mjs
│  (1:0): Module level directives cause errors when bundled, "use client"
│  in
│  "node_modules/@mantine/core/esm/components/Mark/Mark.module.css.mjs"
│  was ignored.
│
▲  Vite
│  node_modules/@mantine/core/esm/components/Menu/MenuSub/MenuSub.context.mjs
│  (1:0): Module level directives cause errors when bundled, "use client"
│  in
│  "node_modules/@mantine/core/esm/components/Menu/MenuSub/MenuSub.context.mjs"
│  was ignored.
│
▲  Vite
│  node_modules/@mantine/core/esm/components/Modal/Modal.module.css.mjs
│  (1:0): Module level directives cause errors when bundled, "use client"
│  in
│  "node_modules/@mantine/core/esm/components/Modal/Modal.module.css.mjs"
│  was ignored.
│
▲  Vite node_modules/@mantine/core/esm/components/Modal/Modal.context.mjs
│  (1:0): Module level directives cause errors when bundled, "use client"
│  in "node_modules/@mantine/core/esm/components/Modal/Modal.context.mjs"
│  was ignored.
│
▲  Vite
│  node_modules/@mantine/core/esm/components/MultiSelect/filter-picked-values.mjs
│  (1:0): Module level directives cause errors when bundled, "use client"
│  in
│  "node_modules/@mantine/core/esm/components/MultiSelect/filter-picked-values.mjs"
│  was ignored.
│
▲  Vite
│  node_modules/@mantine/core/esm/components/NativeSelect/NativeSelectOption.mjs
│  (1:0): Module level directives cause errors when bundled, "use client"
│  in
│  "node_modules/@mantine/core/esm/components/NativeSelect/NativeSelectOption.mjs"
│  was ignored.
│
▲  Vite
│  node_modules/@mantine/core/esm/components/Combobox/use-combobox/get-index/get-index.mjs
│  (1:0): Module level directives cause errors when bundled, "use client"
│  in
│  "node_modules/@mantine/core/esm/components/Combobox/use-combobox/get-index/get-index.mjs"
│  was ignored.
│
▲  Vite
│  node_modules/@mantine/core/esm/components/NavLink/NavLink.module.css.mjs
│  (1:0): Module level directives cause errors when bundled, "use client"
│  in
│  "node_modules/@mantine/core/esm/components/NavLink/NavLink.module.css.mjs"
│  was ignored.
│
▲  Vite
│  node_modules/@mantine/core/esm/components/Notification/Notification.module.css.mjs
│  (1:0): Module level directives cause errors when bundled, "use client"
│  in
│  "node_modules/@mantine/core/esm/components/Notification/Notification.module.css.mjs"
│  was ignored.
│
▲  Vite
│  node_modules/@mantine/core/esm/components/NumberInput/NumberInput.module.css.mjs
│  (1:0): Module level directives cause errors when bundled, "use client"
│  in
│  "node_modules/@mantine/core/esm/components/NumberInput/NumberInput.module.css.mjs"
│  was ignored.
│
▲  Vite
│  node_modules/@mantine/core/esm/components/NumberInput/NumberInputChevron.mjs
│  (1:0): Module level directives cause errors when bundled, "use client"
│  in
│  "node_modules/@mantine/core/esm/components/NumberInput/NumberInputChevron.mjs"
│  was ignored.
│
▲  Vite
│  node_modules/@mantine/core/esm/components/Pagination/Pagination.context.mjs
│  (1:0): Module level directives cause errors when bundled, "use client"
│  in
│  "node_modules/@mantine/core/esm/components/Pagination/Pagination.context.mjs"
│  was ignored.
│
▲  Vite
│  node_modules/@mantine/core/esm/components/Pagination/Pagination.module.css.mjs
│  (1:0): Module level directives cause errors when bundled, "use client"
│  in
│  "node_modules/@mantine/core/esm/components/Pagination/Pagination.module.css.mjs"
│  was ignored.
│
▲  Vite
│  node_modules/@mantine/core/esm/components/Pagination/Pagination.icons.mjs
│  (1:0): Module level directives cause errors when bundled, "use client"
│  in
│  "node_modules/@mantine/core/esm/components/Pagination/Pagination.icons.mjs"
│  was ignored.
│
▲  Vite
│  node_modules/@mantine/core/esm/components/PasswordInput/PasswordInput.module.css.mjs
│  (1:0): Module level directives cause errors when bundled, "use client"
│  in
│  "node_modules/@mantine/core/esm/components/PasswordInput/PasswordInput.module.css.mjs"
│  was ignored.
│
▲  Vite
│  node_modules/@mantine/core/esm/components/PasswordInput/PasswordToggleIcon.mjs
│  (1:0): Module level directives cause errors when bundled, "use client"
│  in
│  "node_modules/@mantine/core/esm/components/PasswordInput/PasswordToggleIcon.mjs"
│  was ignored.
│
▲  Vite
│  node_modules/@mantine/core/esm/components/PillsInput/PillsInput.context.mjs
│  (1:0): Module level directives cause errors when bundled, "use client"
│  in
│  "node_modules/@mantine/core/esm/components/PillsInput/PillsInput.context.mjs"
│  was ignored.
│
▲  Vite
│  node_modules/@mantine/core/esm/components/Pill/Pill.module.css.mjs
│  (1:0): Module level directives cause errors when bundled, "use client"
│  in
│  "node_modules/@mantine/core/esm/components/Pill/Pill.module.css.mjs"
│  was ignored.
│
▲  Vite
│  node_modules/@mantine/core/esm/components/Pill/PillGroup.context.mjs
│  (1:0): Module level directives cause errors when bundled, "use client"
│  in
│  "node_modules/@mantine/core/esm/components/Pill/PillGroup.context.mjs"
│  was ignored.
│
▲  Vite
│  node_modules/@mantine/core/esm/components/PillsInput/PillsInput.module.css.mjs
│  (1:0): Module level directives cause errors when bundled, "use client"
│  in
│  "node_modules/@mantine/core/esm/components/PillsInput/PillsInput.module.css.mjs"
│  was ignored.
│
▲  Vite
│  node_modules/@mantine/core/esm/components/PinInput/create-pin-array/create-pin-array.mjs
│  (1:0): Module level directives cause errors when bundled, "use client"
│  in
│  "node_modules/@mantine/core/esm/components/PinInput/create-pin-array/create-pin-array.mjs"
│  was ignored.
│
▲  Vite
│  node_modules/@mantine/core/esm/components/PinInput/PinInput.module.css.mjs
│  (1:0): Module level directives cause errors when bundled, "use client"
│  in
│  "node_modules/@mantine/core/esm/components/PinInput/PinInput.module.css.mjs"
│  was ignored.
│
▲  Vite
│  node_modules/@mantine/core/esm/components/Progress/Progress.context.mjs
│  (1:0): Module level directives cause errors when bundled, "use client"
│  in
│  "node_modules/@mantine/core/esm/components/Progress/Progress.context.mjs"
│  was ignored.
│
▲  Vite
│  node_modules/@mantine/core/esm/components/Progress/Progress.module.css.mjs
│  (1:0): Module level directives cause errors when bundled, "use client"
│  in
│  "node_modules/@mantine/core/esm/components/Progress/Progress.module.css.mjs"
│  was ignored.
│
▲  Vite
│  node_modules/@mantine/core/esm/components/Radio/Radio.module.css.mjs
│  (1:0): Module level directives cause errors when bundled, "use client"
│  in
│  "node_modules/@mantine/core/esm/components/Radio/Radio.module.css.mjs"
│  was ignored.
│
▲  Vite
│  node_modules/@mantine/core/esm/components/Radio/RadioGroup.context.mjs
│  (1:0): Module level directives cause errors when bundled, "use client"
│  in
│  "node_modules/@mantine/core/esm/components/Radio/RadioGroup.context.mjs"
│  was ignored.
│
▲  Vite
│  node_modules/@mantine/core/esm/components/Radio/RadioCard/RadioCard.module.css.mjs
│  (1:0): Module level directives cause errors when bundled, "use client"
│  in
│  "node_modules/@mantine/core/esm/components/Radio/RadioCard/RadioCard.module.css.mjs"
│  was ignored.
│
▲  Vite
│  node_modules/@mantine/core/esm/components/Radio/RadioIndicator/RadioIndicator.module.css.mjs
│  (1:0): Module level directives cause errors when bundled, "use client"
│  in
│  "node_modules/@mantine/core/esm/components/Radio/RadioIndicator/RadioIndicator.module.css.mjs"
│  was ignored.
│
▲  Vite
│  node_modules/@mantine/core/esm/components/Rating/Rating.context.mjs
│  (1:0): Module level directives cause errors when bundled, "use client"
│  in
│  "node_modules/@mantine/core/esm/components/Rating/Rating.context.mjs"
│  was ignored.
│
▲  Vite
│  node_modules/@mantine/core/esm/components/Rating/Rating.module.css.mjs
│  (1:0): Module level directives cause errors when bundled, "use client"
│  in
│  "node_modules/@mantine/core/esm/components/Rating/Rating.module.css.mjs"
│  was ignored.
│
▲  Vite
│  node_modules/@mantine/core/esm/components/Rating/RatingItem/RatingItem.mjs
│  (1:0): Module level directives cause errors when bundled, "use client"
│  in
│  "node_modules/@mantine/core/esm/components/Rating/RatingItem/RatingItem.mjs"
│  was ignored.
│
▲  Vite
│  node_modules/@mantine/core/esm/components/RingProgress/Curve/Curve.mjs
│  (1:0): Module level directives cause errors when bundled, "use client"
│  in
│  "node_modules/@mantine/core/esm/components/RingProgress/Curve/Curve.mjs"
│  was ignored.
│
▲  Vite
│  node_modules/@mantine/core/esm/components/RingProgress/get-curves/get-curves.mjs
│  (1:0): Module level directives cause errors when bundled, "use client"
│  in
│  "node_modules/@mantine/core/esm/components/RingProgress/get-curves/get-curves.mjs"
│  was ignored.
│
▲  Vite
│  node_modules/@mantine/core/esm/components/RingProgress/RingProgress.module.css.mjs
│  (1:0): Module level directives cause errors when bundled, "use client"
│  in
│  "node_modules/@mantine/core/esm/components/RingProgress/RingProgress.module.css.mjs"
│  was ignored.
│
▲  Vite
│  node_modules/@mantine/core/esm/components/SemiCircleProgress/SemiCircleProgress.module.css.mjs
│  (1:0): Module level directives cause errors when bundled, "use client"
│  in
│  "node_modules/@mantine/core/esm/components/SemiCircleProgress/SemiCircleProgress.module.css.mjs"
│  was ignored.
│
▲  Vite
│  node_modules/@mantine/core/esm/components/SegmentedControl/SegmentedControl.module.css.mjs
│  (1:0): Module level directives cause errors when bundled, "use client"
│  in
│  "node_modules/@mantine/core/esm/components/SegmentedControl/SegmentedControl.module.css.mjs"
│  was ignored.
│
▲  Vite
│  node_modules/@mantine/core/esm/components/SimpleGrid/SimpleGrid.module.css.mjs
│  (1:0): Module level directives cause errors when bundled, "use client"
│  in
│  "node_modules/@mantine/core/esm/components/SimpleGrid/SimpleGrid.module.css.mjs"
│  was ignored.
│
▲  Vite
│  node_modules/@mantine/core/esm/components/Skeleton/Skeleton.module.css.mjs
│  (1:0): Module level directives cause errors when bundled, "use client"
│  in
│  "node_modules/@mantine/core/esm/components/Skeleton/Skeleton.module.css.mjs"
│  was ignored.
│
▲  Vite
│  node_modules/@mantine/core/esm/components/SimpleGrid/SimpleGridVariables.mjs
│  (1:0): Module level directives cause errors when bundled, "use client"
│  in
│  "node_modules/@mantine/core/esm/components/SimpleGrid/SimpleGridVariables.mjs"
│  was ignored.
│
▲  Vite
│  node_modules/@mantine/core/esm/components/Slider/Slider.context.mjs
│  (1:0): Module level directives cause errors when bundled, "use client"
│  in
│  "node_modules/@mantine/core/esm/components/Slider/Slider.context.mjs"
│  was ignored.
│
▲  Vite
│  node_modules/@mantine/core/esm/components/Spoiler/Spoiler.module.css.mjs
│  (1:0): Module level directives cause errors when bundled, "use client"
│  in
│  "node_modules/@mantine/core/esm/components/Spoiler/Spoiler.module.css.mjs"
│  was ignored.
│
▲  Vite
│  node_modules/@mantine/core/esm/components/Slider/Slider.module.css.mjs
│  (1:0): Module level directives cause errors when bundled, "use client"
│  in
│  "node_modules/@mantine/core/esm/components/Slider/Slider.module.css.mjs"
│  was ignored.
│
▲  Vite
│  node_modules/@mantine/core/esm/components/Slider/SliderRoot/SliderRoot.mjs
│  (1:0): Module level directives cause errors when bundled, "use client"
│  in
│  "node_modules/@mantine/core/esm/components/Slider/SliderRoot/SliderRoot.mjs"
│  was ignored.
│
▲  Vite node_modules/@mantine/core/esm/components/Slider/Thumb/Thumb.mjs
│  (1:0): Module level directives cause errors when bundled, "use client"
│  in "node_modules/@mantine/core/esm/components/Slider/Thumb/Thumb.mjs"
│  was ignored.
│
▲  Vite node_modules/@mantine/core/esm/components/Slider/Track/Track.mjs
│  (1:0): Module level directives cause errors when bundled, "use client"
│  in "node_modules/@mantine/core/esm/components/Slider/Track/Track.mjs"
│  was ignored.
│
▲  Vite
│  node_modules/@mantine/core/esm/components/Slider/utils/get-change-value/get-change-value.mjs
│  (1:0): Module level directives cause errors when bundled, "use client"
│  in
│  "node_modules/@mantine/core/esm/components/Slider/utils/get-change-value/get-change-value.mjs"
│  was ignored.
│
▲  Vite
│  node_modules/@mantine/core/esm/components/Slider/utils/get-client-position/get-client-position.mjs
│  (1:0): Module level directives cause errors when bundled, "use client"
│  in
│  "node_modules/@mantine/core/esm/components/Slider/utils/get-client-position/get-client-position.mjs"
│  was ignored.
│
▲  Vite
│  node_modules/@mantine/core/esm/components/Slider/utils/get-position/get-position.mjs
│  (1:0): Module level directives cause errors when bundled, "use client"
│  in
│  "node_modules/@mantine/core/esm/components/Slider/utils/get-position/get-position.mjs"
│  was ignored.
│
▲  Vite
│  node_modules/@mantine/core/esm/components/Slider/utils/get-floating-value/get-gloating-value.mjs
│  (1:0): Module level directives cause errors when bundled, "use client"
│  in
│  "node_modules/@mantine/core/esm/components/Slider/utils/get-floating-value/get-gloating-value.mjs"
│  was ignored.
│
▲  Vite
│  node_modules/@mantine/core/esm/components/Slider/utils/get-precision/get-precision.mjs
│  (1:0): Module level directives cause errors when bundled, "use client"
│  in
│  "node_modules/@mantine/core/esm/components/Slider/utils/get-precision/get-precision.mjs"
│  was ignored.
│
▲  Vite
│  node_modules/@mantine/core/esm/components/Slider/utils/get-step-mark-value/get-step-mark-value.mjs
│  (1:0): Module level directives cause errors when bundled, "use client"
│  in
│  "node_modules/@mantine/core/esm/components/Slider/utils/get-step-mark-value/get-step-mark-value.mjs"
│  was ignored.
│
▲  Vite
│  node_modules/@mantine/core/esm/components/Stack/Stack.module.css.mjs
│  (1:0): Module level directives cause errors when bundled, "use client"
│  in
│  "node_modules/@mantine/core/esm/components/Stack/Stack.module.css.mjs"
│  was ignored.
│
▲  Vite
│  node_modules/@mantine/core/esm/components/Stepper/Stepper.context.mjs
│  (1:0): Module level directives cause errors when bundled, "use client"
│  in
│  "node_modules/@mantine/core/esm/components/Stepper/Stepper.context.mjs"
│  was ignored.
│
▲  Vite
│  node_modules/@mantine/core/esm/components/Stepper/Stepper.module.css.mjs
│  (1:0): Module level directives cause errors when bundled, "use client"
│  in
│  "node_modules/@mantine/core/esm/components/Stepper/Stepper.module.css.mjs"
│  was ignored.
│
▲  Vite
│  node_modules/@mantine/core/esm/components/Switch/Switch.module.css.mjs
│  (1:0): Module level directives cause errors when bundled, "use client"
│  in
│  "node_modules/@mantine/core/esm/components/Switch/Switch.module.css.mjs"
│  was ignored.
│
▲  Vite
│  node_modules/@mantine/core/esm/components/Switch/SwitchGroup.context.mjs
│  (1:0): Module level directives cause errors when bundled, "use client"
│  in
│  "node_modules/@mantine/core/esm/components/Switch/SwitchGroup.context.mjs"
│  was ignored.
│
▲  Vite node_modules/@mantine/core/esm/components/Table/Table.context.mjs
│  (1:0): Module level directives cause errors when bundled, "use client"
│  in "node_modules/@mantine/core/esm/components/Table/Table.context.mjs"
│  was ignored.
│
▲  Vite
│  node_modules/@mantine/core/esm/components/Table/Table.module.css.mjs
│  (1:0): Module level directives cause errors when bundled, "use client"
│  in
│  "node_modules/@mantine/core/esm/components/Table/Table.module.css.mjs"
│  was ignored.
│
▲  Vite
│  node_modules/@mantine/core/esm/components/Table/TableDataRenderer.mjs
│  (1:0): Module level directives cause errors when bundled, "use client"
│  in
│  "node_modules/@mantine/core/esm/components/Table/TableDataRenderer.mjs"
│  was ignored.
│
▲  Vite
│  node_modules/@mantine/core/esm/components/TableOfContents/TableOfContents.module.css.mjs
│  (1:0): Module level directives cause errors when bundled, "use client"
│  in
│  "node_modules/@mantine/core/esm/components/TableOfContents/TableOfContents.module.css.mjs"
│  was ignored.
│
▲  Vite node_modules/@mantine/core/esm/components/Tabs/Tabs.context.mjs
│  (1:0): Module level directives cause errors when bundled, "use client"
│  in "node_modules/@mantine/core/esm/components/Tabs/Tabs.context.mjs"
│  was ignored.
│
▲  Vite
│  node_modules/@mantine/core/esm/components/Tabs/Tabs.module.css.mjs
│  (1:0): Module level directives cause errors when bundled, "use client"
│  in
│  "node_modules/@mantine/core/esm/components/Tabs/Tabs.module.css.mjs"
│  was ignored.
│
▲  Vite
│  node_modules/@mantine/core/esm/components/TagsInput/filter-picked-tags.mjs
│  (1:0): Module level directives cause errors when bundled, "use client"
│  in
│  "node_modules/@mantine/core/esm/components/TagsInput/filter-picked-tags.mjs"
│  was ignored.
│
▲  Vite
│  node_modules/@mantine/core/esm/components/TagsInput/get-splitted-tags.mjs
│  (1:0): Module level directives cause errors when bundled, "use client"
│  in
│  "node_modules/@mantine/core/esm/components/TagsInput/get-splitted-tags.mjs"
│  was ignored.
│
▲  Vite
│  node_modules/@mantine/core/esm/components/Text/Text.module.css.mjs
│  (1:0): Module level directives cause errors when bundled, "use client"
│  in
│  "node_modules/@mantine/core/esm/components/Text/Text.module.css.mjs"
│  was ignored.
│
▲  Vite
│  node_modules/@mantine/core/esm/components/Timeline/Timeline.context.mjs
│  (1:0): Module level directives cause errors when bundled, "use client"
│  in
│  "node_modules/@mantine/core/esm/components/Timeline/Timeline.context.mjs"
│  was ignored.
│
▲  Vite
│  node_modules/@mantine/core/esm/components/ThemeIcon/ThemeIcon.module.css.mjs
│  (1:0): Module level directives cause errors when bundled, "use client"
│  in
│  "node_modules/@mantine/core/esm/components/ThemeIcon/ThemeIcon.module.css.mjs"
│  was ignored.
│
▲  Vite
│  node_modules/@mantine/core/esm/components/Timeline/Timeline.module.css.mjs
│  (1:0): Module level directives cause errors when bundled, "use client"
│  in
│  "node_modules/@mantine/core/esm/components/Timeline/Timeline.module.css.mjs"
│  was ignored.
│
▲  Vite
│  node_modules/@mantine/core/esm/components/Title/Title.module.css.mjs
│  (1:0): Module level directives cause errors when bundled, "use client"
│  in
│  "node_modules/@mantine/core/esm/components/Title/Title.module.css.mjs"
│  was ignored.
│
▲  Vite
│  node_modules/@mantine/core/esm/components/Tooltip/Tooltip.module.css.mjs
│  (1:0): Module level directives cause errors when bundled, "use client"
│  in
│  "node_modules/@mantine/core/esm/components/Tooltip/Tooltip.module.css.mjs"
│  was ignored.
│
▲  Vite
│  node_modules/@mantine/core/esm/components/Title/get-title-size.mjs
│  (1:0): Module level directives cause errors when bundled, "use client"
│  in
│  "node_modules/@mantine/core/esm/components/Title/get-title-size.mjs"
│  was ignored.
│
▲  Vite node_modules/@mantine/core/esm/components/Tooltip/use-tooltip.mjs
│  (1:0): Module level directives cause errors when bundled, "use client"
│  in "node_modules/@mantine/core/esm/components/Tooltip/use-tooltip.mjs"
│  was ignored.
│
▲  Vite
│  node_modules/@mantine/core/esm/components/Tooltip/TooltipGroup/TooltipGroup.context.mjs
│  (1:0): Module level directives cause errors when bundled, "use client"
│  in
│  "node_modules/@mantine/core/esm/components/Tooltip/TooltipGroup/TooltipGroup.context.mjs"
│  was ignored.
│
▲  Vite
│  node_modules/@mantine/core/esm/components/Tooltip/TooltipFloating/use-floating-tooltip.mjs
│  (1:0): Module level directives cause errors when bundled, "use client"
│  in
│  "node_modules/@mantine/core/esm/components/Tooltip/TooltipFloating/use-floating-tooltip.mjs"
│  was ignored.
│
▲  Vite
│  node_modules/@mantine/core/esm/components/Transition/get-transition-styles/get-transition-styles.mjs
│  (1:0): Module level directives cause errors when bundled, "use client"
│  in
│  "node_modules/@mantine/core/esm/components/Transition/get-transition-styles/get-transition-styles.mjs"
│  was ignored.
│
▲  Vite
│  node_modules/@mantine/core/esm/components/Transition/use-transition.mjs
│  (1:0): Module level directives cause errors when bundled, "use client"
│  in
│  "node_modules/@mantine/core/esm/components/Transition/use-transition.mjs"
│  was ignored.
│
▲  Vite
│  node_modules/@mantine/core/esm/components/Tree/Tree.module.css.mjs
│  (1:0): Module level directives cause errors when bundled, "use client"
│  in
│  "node_modules/@mantine/core/esm/components/Tree/Tree.module.css.mjs"
│  was ignored.
│
▲  Vite node_modules/@mantine/core/esm/components/Tree/TreeNode.mjs
│  (1:0): Module level directives cause errors when bundled, "use client"
│  in "node_modules/@mantine/core/esm/components/Tree/TreeNode.mjs" was
│  ignored.
│
▲  Vite
│  node_modules/@mantine/core/esm/components/Tree/get-all-checked-nodes/get-all-checked-nodes.mjs
│  (1:0): Module level directives cause errors when bundled, "use client"
│  in
│  "node_modules/@mantine/core/esm/components/Tree/get-all-checked-nodes/get-all-checked-nodes.mjs"
│  was ignored.
│
▲  Vite
│  node_modules/@mantine/core/esm/components/Tree/get-children-nodes-values/get-children-nodes-values.mjs
│  (1:0): Module level directives cause errors when bundled, "use client"
│  in
│  "node_modules/@mantine/core/esm/components/Tree/get-children-nodes-values/get-children-nodes-values.mjs"
│  was ignored.
│
▲  Vite
│  node_modules/@mantine/core/esm/components/Tree/is-node-indeterminate/is-node-indeterminate.mjs
│  (1:0): Module level directives cause errors when bundled, "use client"
│  in
│  "node_modules/@mantine/core/esm/components/Tree/is-node-indeterminate/is-node-indeterminate.mjs"
│  was ignored.
│
▲  Vite
│  node_modules/@mantine/core/esm/components/Typography/Typography.module.css.mjs
│  (1:0): Module level directives cause errors when bundled, "use client"
│  in
│  "node_modules/@mantine/core/esm/components/Typography/Typography.module.css.mjs"
│  was ignored.
│
▲  Vite
│  node_modules/@mantine/core/esm/components/Tree/is-node-checked/is-node-checked.mjs
│  (1:0): Module level directives cause errors when bundled, "use client"
│  in
│  "node_modules/@mantine/core/esm/components/Tree/is-node-checked/is-node-checked.mjs"
│  was ignored.
│
▲  Vite node_modules/react-apexcharts/dist/react-apexcharts.esm.js (1:0):
│  Module level directives cause errors when bundled, "use client" in
│  "node_modules/react-apexcharts/dist/react-apexcharts.esm.js" was
│  ignored.
│
▲  Vite node_modules/@marsidev/react-turnstile/dist/index.js (1:0):
│  Module level directives cause errors when bundled, "use client" in
│  "node_modules/@marsidev/react-turnstile/dist/index.js" was ignored.
│
▲  Vite
│  node_modules/@mantine/notifications/esm/get-grouped-notifications/get-grouped-notifications.mjs
│  (1:0): Module level directives cause errors when bundled, "use client"
│  in
│  "node_modules/@mantine/notifications/esm/get-grouped-notifications/get-grouped-notifications.mjs"
│  was ignored.
│
▲  Vite
│  node_modules/@mantine/notifications/esm/get-notification-state-styles.mjs
│  (1:0): Module level directives cause errors when bundled, "use client"
│  in
│  "node_modules/@mantine/notifications/esm/get-notification-state-styles.mjs"
│  was ignored.
│
▲  Vite node_modules/@mantine/notifications/esm/NotificationContainer.mjs
│  (1:0): Module level directives cause errors when bundled, "use client"
│  in "node_modules/@mantine/notifications/esm/NotificationContainer.mjs"
│  was ignored.
│
▲  Vite
│  node_modules/@mantine/notifications/esm/Notifications.module.css.mjs
│  (1:0): Module level directives cause errors when bundled, "use client"
│  in
│  "node_modules/@mantine/notifications/esm/Notifications.module.css.mjs"
│  was ignored.
│
▲  Vite node_modules/@mantine/modals/esm/context.mjs (1:0): Module level
│  directives cause errors when bundled, "use client" in
│  "node_modules/@mantine/modals/esm/context.mjs" was ignored.
│
▲  Vite node_modules/@mantine/modals/esm/ConfirmModal.mjs (1:0): Module
│  level directives cause errors when bundled, "use client" in
│  "node_modules/@mantine/modals/esm/ConfirmModal.mjs" was ignored.
│
▲  Vite node_modules/@mantine/modals/esm/reducer.mjs (1:0): Module level
│  directives cause errors when bundled, "use client" in
│  "node_modules/@mantine/modals/esm/reducer.mjs" was ignored.
│
▲  Vite node_modules/@radix-ui/react-dialog/dist/index.mjs (1:0): Module
│  level directives cause errors when bundled, "use client" in
│  "node_modules/@radix-ui/react-dialog/dist/index.mjs" was ignored.
│
▲  Vite node_modules/@mantine/hooks/esm/utils/clamp/clamp.mjs (1:0):
│  Module level directives cause errors when bundled, "use client" in
│  "node_modules/@mantine/hooks/esm/utils/clamp/clamp.mjs" was ignored.
│
▲  Vite node_modules/@mantine/hooks/esm/utils/lower-first/lower-first.mjs
│  (1:0): Module level directives cause errors when bundled, "use client"
│  in "node_modules/@mantine/hooks/esm/utils/lower-first/lower-first.mjs"
│  was ignored.
│
▲  Vite node_modules/@mantine/hooks/esm/utils/random-id/random-id.mjs
│  (1:0): Module level directives cause errors when bundled, "use client"
│  in "node_modules/@mantine/hooks/esm/utils/random-id/random-id.mjs" was
│  ignored.
│
▲  Vite node_modules/@mantine/hooks/esm/utils/range/range.mjs (1:0):
│  Module level directives cause errors when bundled, "use client" in
│  "node_modules/@mantine/hooks/esm/utils/range/range.mjs" was ignored.
│
▲  Vite
│  node_modules/@mantine/hooks/esm/utils/shallow-equal/shallow-equal.mjs
│  (1:0): Module level directives cause errors when bundled, "use client"
│  in
│  "node_modules/@mantine/hooks/esm/utils/shallow-equal/shallow-equal.mjs"
│  was ignored.
│
▲  Vite node_modules/@mantine/hooks/esm/utils/upper-first/upper-first.mjs
│  (1:0): Module level directives cause errors when bundled, "use client"
│  in "node_modules/@mantine/hooks/esm/utils/upper-first/upper-first.mjs"
│  was ignored.
│
▲  Vite
│  node_modules/@mantine/hooks/esm/utils/use-callback-ref/use-callback-ref.mjs
│  (1:0): Module level directives cause errors when bundled, "use client"
│  in
│  "node_modules/@mantine/hooks/esm/utils/use-callback-ref/use-callback-ref.mjs"
│  was ignored.
│
▲  Vite
│  node_modules/@mantine/hooks/esm/use-click-outside/use-click-outside.mjs
│  (1:0): Module level directives cause errors when bundled, "use client"
│  in
│  "node_modules/@mantine/hooks/esm/use-click-outside/use-click-outside.mjs"
│  was ignored.
│
▲  Vite node_modules/@mantine/hooks/esm/use-clipboard/use-clipboard.mjs
│  (1:0): Module level directives cause errors when bundled, "use client"
│  in "node_modules/@mantine/hooks/esm/use-clipboard/use-clipboard.mjs"
│  was ignored.
│
▲  Vite
│  node_modules/@mantine/hooks/esm/use-debounced-callback/use-debounced-callback.mjs
│  (1:0): Module level directives cause errors when bundled, "use client"
│  in
│  "node_modules/@mantine/hooks/esm/use-debounced-callback/use-debounced-callback.mjs"
│  was ignored.
│
▲  Vite
│  node_modules/@mantine/hooks/esm/use-color-scheme/use-color-scheme.mjs
│  (1:0): Module level directives cause errors when bundled, "use client"
│  in
│  "node_modules/@mantine/hooks/esm/use-color-scheme/use-color-scheme.mjs"
│  was ignored.
│
▲  Vite node_modules/@mantine/hooks/esm/use-counter/use-counter.mjs
│  (1:0): Module level directives cause errors when bundled, "use client"
│  in "node_modules/@mantine/hooks/esm/use-counter/use-counter.mjs" was
│  ignored.
│
▲  Vite
│  node_modules/@mantine/hooks/esm/use-debounced-state/use-debounced-state.mjs
│  (1:0): Module level directives cause errors when bundled, "use client"
│  in
│  "node_modules/@mantine/hooks/esm/use-debounced-state/use-debounced-state.mjs"
│  was ignored.
│
▲  Vite
│  node_modules/@mantine/hooks/esm/use-debounced-value/use-debounced-value.mjs
│  (1:0): Module level directives cause errors when bundled, "use client"
│  in
│  "node_modules/@mantine/hooks/esm/use-debounced-value/use-debounced-value.mjs"
│  was ignored.
│
▲  Vite
│  node_modules/@mantine/hooks/esm/use-document-title/use-document-title.mjs
│  (1:0): Module level directives cause errors when bundled, "use client"
│  in
│  "node_modules/@mantine/hooks/esm/use-document-title/use-document-title.mjs"
│  was ignored.
│
▲  Vite
│  node_modules/@mantine/hooks/esm/use-document-visibility/use-document-visibility.mjs
│  (1:0): Module level directives cause errors when bundled, "use client"
│  in
│  "node_modules/@mantine/hooks/esm/use-document-visibility/use-document-visibility.mjs"
│  was ignored.
│
▲  Vite
│  node_modules/@mantine/hooks/esm/use-focus-return/use-focus-return.mjs
│  (1:0): Module level directives cause errors when bundled, "use client"
│  in
│  "node_modules/@mantine/hooks/esm/use-focus-return/use-focus-return.mjs"
│  was ignored.
│
▲  Vite node_modules/@mantine/hooks/esm/use-did-update/use-did-update.mjs
│  (1:0): Module level directives cause errors when bundled, "use client"
│  in "node_modules/@mantine/hooks/esm/use-did-update/use-did-update.mjs"
│  was ignored.
│
▲  Vite
│  node_modules/@mantine/hooks/esm/use-force-update/use-force-update.mjs
│  (1:0): Module level directives cause errors when bundled, "use client"
│  in
│  "node_modules/@mantine/hooks/esm/use-force-update/use-force-update.mjs"
│  was ignored.
│
▲  Vite node_modules/@mantine/hooks/esm/use-idle/use-idle.mjs (1:0):
│  Module level directives cause errors when bundled, "use client" in
│  "node_modules/@mantine/hooks/esm/use-idle/use-idle.mjs" was ignored.
│
▲  Vite node_modules/@mantine/hooks/esm/use-id/use-id.mjs (1:0): Module
│  level directives cause errors when bundled, "use client" in
│  "node_modules/@mantine/hooks/esm/use-id/use-id.mjs" was ignored.
│
▲  Vite
│  node_modules/@mantine/hooks/esm/use-isomorphic-effect/use-isomorphic-effect.mjs
│  (1:0): Module level directives cause errors when bundled, "use client"
│  in
│  "node_modules/@mantine/hooks/esm/use-isomorphic-effect/use-isomorphic-effect.mjs"
│  was ignored.
│
▲  Vite node_modules/@mantine/hooks/esm/use-interval/use-interval.mjs
│  (1:0): Module level directives cause errors when bundled, "use client"
│  in "node_modules/@mantine/hooks/esm/use-interval/use-interval.mjs" was
│  ignored.
│
▲  Vite node_modules/@mantine/hooks/esm/use-list-state/use-list-state.mjs
│  (1:0): Module level directives cause errors when bundled, "use client"
│  in "node_modules/@mantine/hooks/esm/use-list-state/use-list-state.mjs"
│  was ignored.
│
▲  Vite
│  node_modules/@mantine/hooks/esm/use-local-storage/use-local-storage.mjs
│  (1:0): Module level directives cause errors when bundled, "use client"
│  in
│  "node_modules/@mantine/hooks/esm/use-local-storage/use-local-storage.mjs"
│  was ignored.
│
▲  Vite
│  node_modules/@mantine/hooks/esm/use-session-storage/use-session-storage.mjs
│  (1:0): Module level directives cause errors when bundled, "use client"
│  in
│  "node_modules/@mantine/hooks/esm/use-session-storage/use-session-storage.mjs"
│  was ignored.
│
▲  Vite
│  node_modules/@mantine/hooks/esm/use-media-query/use-media-query.mjs
│  (1:0): Module level directives cause errors when bundled, "use client"
│  in
│  "node_modules/@mantine/hooks/esm/use-media-query/use-media-query.mjs"
│  was ignored.
│
▲  Vite node_modules/@mantine/hooks/esm/use-mouse/use-mouse.mjs (1:0):
│  Module level directives cause errors when bundled, "use client" in
│  "node_modules/@mantine/hooks/esm/use-mouse/use-mouse.mjs" was ignored.
│
▲  Vite node_modules/@mantine/hooks/esm/use-merged-ref/use-merged-ref.mjs
│  (1:0): Module level directives cause errors when bundled, "use client"
│  in "node_modules/@mantine/hooks/esm/use-merged-ref/use-merged-ref.mjs"
│  was ignored.
│
▲  Vite node_modules/@mantine/hooks/esm/use-queue/use-queue.mjs (1:0):
│  Module level directives cause errors when bundled, "use client" in
│  "node_modules/@mantine/hooks/esm/use-queue/use-queue.mjs" was ignored.
│
▲  Vite node_modules/@mantine/hooks/esm/use-page-leave/use-page-leave.mjs
│  (1:0): Module level directives cause errors when bundled, "use client"
│  in "node_modules/@mantine/hooks/esm/use-page-leave/use-page-leave.mjs"
│  was ignored.
│
▲  Vite
│  node_modules/@mantine/hooks/esm/use-scroll-into-view/use-scroll-into-view.mjs
│  (1:0): Module level directives cause errors when bundled, "use client"
│  in
│  "node_modules/@mantine/hooks/esm/use-scroll-into-view/use-scroll-into-view.mjs"
│  was ignored.
│
▲  Vite node_modules/@mantine/hooks/esm/use-pagination/use-pagination.mjs
│  (1:0): Module level directives cause errors when bundled, "use client"
│  in "node_modules/@mantine/hooks/esm/use-pagination/use-pagination.mjs"
│  was ignored.
│
▲  Vite node_modules/@mantine/hooks/esm/use-move/use-move.mjs (1:0):
│  Module level directives cause errors when bundled, "use client" in
│  "node_modules/@mantine/hooks/esm/use-move/use-move.mjs" was ignored.
│
▲  Vite
│  node_modules/@mantine/hooks/esm/use-reduced-motion/use-reduced-motion.mjs
│  (1:0): Module level directives cause errors when bundled, "use client"
│  in
│  "node_modules/@mantine/hooks/esm/use-reduced-motion/use-reduced-motion.mjs"
│  was ignored.
│
▲  Vite
│  node_modules/@mantine/hooks/esm/use-shallow-effect/use-shallow-effect.mjs
│  (1:0): Module level directives cause errors when bundled, "use client"
│  in
│  "node_modules/@mantine/hooks/esm/use-shallow-effect/use-shallow-effect.mjs"
│  was ignored.
│
▲  Vite
│  node_modules/@mantine/hooks/esm/use-resize-observer/use-resize-observer.mjs
│  (1:0): Module level directives cause errors when bundled, "use client"
│  in
│  "node_modules/@mantine/hooks/esm/use-resize-observer/use-resize-observer.mjs"
│  was ignored.
│
▲  Vite node_modules/@mantine/hooks/esm/use-toggle/use-toggle.mjs (1:0):
│  Module level directives cause errors when bundled, "use client" in
│  "node_modules/@mantine/hooks/esm/use-toggle/use-toggle.mjs" was
│  ignored.
│
▲  Vite
│  node_modules/@mantine/hooks/esm/use-viewport-size/use-viewport-size.mjs
│  (1:0): Module level directives cause errors when bundled, "use client"
│  in
│  "node_modules/@mantine/hooks/esm/use-viewport-size/use-viewport-size.mjs"
│  was ignored.
│
▲  Vite
│  node_modules/@mantine/hooks/esm/use-uncontrolled/use-uncontrolled.mjs
│  (1:0): Module level directives cause errors when bundled, "use client"
│  in
│  "node_modules/@mantine/hooks/esm/use-uncontrolled/use-uncontrolled.mjs"
│  was ignored.
│
▲  Vite
│  node_modules/@mantine/hooks/esm/use-window-event/use-window-event.mjs
│  (1:0): Module level directives cause errors when bundled, "use client"
│  in
│  "node_modules/@mantine/hooks/esm/use-window-event/use-window-event.mjs"
│  was ignored.
│
▲  Vite
│  node_modules/@mantine/hooks/esm/use-window-scroll/use-window-scroll.mjs
│  (1:0): Module level directives cause errors when bundled, "use client"
│  in
│  "node_modules/@mantine/hooks/esm/use-window-scroll/use-window-scroll.mjs"
│  was ignored.
│
▲  Vite
│  node_modules/@mantine/hooks/esm/use-intersection/use-intersection.mjs
│  (1:0): Module level directives cause errors when bundled, "use client"
│  in
│  "node_modules/@mantine/hooks/esm/use-intersection/use-intersection.mjs"
│  was ignored.
│
▲  Vite node_modules/@mantine/hooks/esm/use-hash/use-hash.mjs (1:0):
│  Module level directives cause errors when bundled, "use client" in
│  "node_modules/@mantine/hooks/esm/use-hash/use-hash.mjs" was ignored.
│
▲  Vite node_modules/@mantine/hooks/esm/use-hotkeys/use-hotkeys.mjs
│  (1:0): Module level directives cause errors when bundled, "use client"
│  in "node_modules/@mantine/hooks/esm/use-hotkeys/use-hotkeys.mjs" was
│  ignored.
│
▲  Vite node_modules/@mantine/hooks/esm/use-fullscreen/use-fullscreen.mjs
│  (1:0): Module level directives cause errors when bundled, "use client"
│  in "node_modules/@mantine/hooks/esm/use-fullscreen/use-fullscreen.mjs"
│  was ignored.
│
▲  Vite node_modules/@mantine/hooks/esm/use-logger/use-logger.mjs (1:0):
│  Module level directives cause errors when bundled, "use client" in
│  "node_modules/@mantine/hooks/esm/use-logger/use-logger.mjs" was
│  ignored.
│
▲  Vite node_modules/@mantine/hooks/esm/use-hover/use-hover.mjs (1:0):
│  Module level directives cause errors when bundled, "use client" in
│  "node_modules/@mantine/hooks/esm/use-hover/use-hover.mjs" was ignored.
│
▲  Vite
│  node_modules/@mantine/hooks/esm/use-validated-state/use-validated-state.mjs
│  (1:0): Module level directives cause errors when bundled, "use client"
│  in
│  "node_modules/@mantine/hooks/esm/use-validated-state/use-validated-state.mjs"
│  was ignored.
│
▲  Vite node_modules/@mantine/hooks/esm/use-os/use-os.mjs (1:0): Module
│  level directives cause errors when bundled, "use client" in
│  "node_modules/@mantine/hooks/esm/use-os/use-os.mjs" was ignored.
│
▲  Vite node_modules/@mantine/hooks/esm/use-set-state/use-set-state.mjs
│  (1:0): Module level directives cause errors when bundled, "use client"
│  in "node_modules/@mantine/hooks/esm/use-set-state/use-set-state.mjs"
│  was ignored.
│
▲  Vite
│  node_modules/@mantine/hooks/esm/use-input-state/use-input-state.mjs
│  (1:0): Module level directives cause errors when bundled, "use client"
│  in
│  "node_modules/@mantine/hooks/esm/use-input-state/use-input-state.mjs"
│  was ignored.
│
▲  Vite
│  node_modules/@mantine/hooks/esm/use-event-listener/use-event-listener.mjs
│  (1:0): Module level directives cause errors when bundled, "use client"
│  in
│  "node_modules/@mantine/hooks/esm/use-event-listener/use-event-listener.mjs"
│  was ignored.
│
▲  Vite
│  node_modules/@mantine/hooks/esm/use-focus-within/use-focus-within.mjs
│  (1:0): Module level directives cause errors when bundled, "use client"
│  in
│  "node_modules/@mantine/hooks/esm/use-focus-within/use-focus-within.mjs"
│  was ignored.
│
▲  Vite node_modules/@mantine/hooks/esm/use-disclosure/use-disclosure.mjs
│  (1:0): Module level directives cause errors when bundled, "use client"
│  in "node_modules/@mantine/hooks/esm/use-disclosure/use-disclosure.mjs"
│  was ignored.
│
▲  Vite node_modules/@mantine/hooks/esm/use-network/use-network.mjs
│  (1:0): Module level directives cause errors when bundled, "use client"
│  in "node_modules/@mantine/hooks/esm/use-network/use-network.mjs" was
│  ignored.
│
▲  Vite
│  node_modules/@mantine/hooks/esm/use-text-selection/use-text-selection.mjs
│  (1:0): Module level directives cause errors when bundled, "use client"
│  in
│  "node_modules/@mantine/hooks/esm/use-text-selection/use-text-selection.mjs"
│  was ignored.
│
▲  Vite node_modules/@mantine/hooks/esm/use-timeout/use-timeout.mjs
│  (1:0): Module level directives cause errors when bundled, "use client"
│  in "node_modules/@mantine/hooks/esm/use-timeout/use-timeout.mjs" was
│  ignored.
│
▲  Vite node_modules/@mantine/hooks/esm/use-previous/use-previous.mjs
│  (1:0): Module level directives cause errors when bundled, "use client"
│  in "node_modules/@mantine/hooks/esm/use-previous/use-previous.mjs" was
│  ignored.
│
▲  Vite node_modules/@mantine/hooks/esm/use-favicon/use-favicon.mjs
│  (1:0): Module level directives cause errors when bundled, "use client"
│  in "node_modules/@mantine/hooks/esm/use-favicon/use-favicon.mjs" was
│  ignored.
│
▲  Vite node_modules/@mantine/hooks/esm/use-headroom/use-headroom.mjs
│  (1:0): Module level directives cause errors when bundled, "use client"
│  in "node_modules/@mantine/hooks/esm/use-headroom/use-headroom.mjs" was
│  ignored.
│
▲  Vite
│  node_modules/@mantine/hooks/esm/use-eye-dropper/use-eye-dropper.mjs
│  (1:0): Module level directives cause errors when bundled, "use client"
│  in
│  "node_modules/@mantine/hooks/esm/use-eye-dropper/use-eye-dropper.mjs"
│  was ignored.
│
▲  Vite
│  node_modules/@mantine/hooks/esm/use-in-viewport/use-in-viewport.mjs
│  (1:0): Module level directives cause errors when bundled, "use client"
│  in
│  "node_modules/@mantine/hooks/esm/use-in-viewport/use-in-viewport.mjs"
│  was ignored.
│
▲  Vite
│  node_modules/@mantine/hooks/esm/use-mutation-observer/use-mutation-observer.mjs
│  (1:0): Module level directives cause errors when bundled, "use client"
│  in
│  "node_modules/@mantine/hooks/esm/use-mutation-observer/use-mutation-observer.mjs"
│  was ignored.
│
▲  Vite
│  node_modules/@mantine/hooks/esm/use-state-history/use-state-history.mjs
│  (1:0): Module level directives cause errors when bundled, "use client"
│  in
│  "node_modules/@mantine/hooks/esm/use-state-history/use-state-history.mjs"
│  was ignored.
│
▲  Vite node_modules/@mantine/hooks/esm/use-map/use-map.mjs (1:0): Module
│  level directives cause errors when bundled, "use client" in
│  "node_modules/@mantine/hooks/esm/use-map/use-map.mjs" was ignored.
│
▲  Vite node_modules/@mantine/hooks/esm/use-set/use-set.mjs (1:0): Module
│  level directives cause errors when bundled, "use client" in
│  "node_modules/@mantine/hooks/esm/use-set/use-set.mjs" was ignored.
│
▲  Vite node_modules/@mantine/hooks/esm/use-mounted/use-mounted.mjs
│  (1:0): Module level directives cause errors when bundled, "use client"
│  in "node_modules/@mantine/hooks/esm/use-mounted/use-mounted.mjs" was
│  ignored.
│
▲  Vite
│  node_modules/@mantine/hooks/esm/use-throttled-callback/use-throttled-callback.mjs
│  (1:0): Module level directives cause errors when bundled, "use client"
│  in
│  "node_modules/@mantine/hooks/esm/use-throttled-callback/use-throttled-callback.mjs"
│  was ignored.
│
▲  Vite
│  node_modules/@mantine/hooks/esm/use-throttled-value/use-throttled-value.mjs
│  (1:0): Module level directives cause errors when bundled, "use client"
│  in
│  "node_modules/@mantine/hooks/esm/use-throttled-value/use-throttled-value.mjs"
│  was ignored.
│
▲  Vite
│  node_modules/@mantine/hooks/esm/use-throttled-state/use-throttled-state.mjs
│  (1:0): Module level directives cause errors when bundled, "use client"
│  in
│  "node_modules/@mantine/hooks/esm/use-throttled-state/use-throttled-state.mjs"
│  was ignored.
│
▲  Vite
│  node_modules/@mantine/hooks/esm/use-is-first-render/use-is-first-render.mjs
│  (1:0): Module level directives cause errors when bundled, "use client"
│  in
│  "node_modules/@mantine/hooks/esm/use-is-first-render/use-is-first-render.mjs"
│  was ignored.
│
▲  Vite
│  node_modules/@mantine/hooks/esm/use-orientation/use-orientation.mjs
│  (1:0): Module level directives cause errors when bundled, "use client"
│  in
│  "node_modules/@mantine/hooks/esm/use-orientation/use-orientation.mjs"
│  was ignored.
│
▲  Vite node_modules/@mantine/hooks/esm/use-fetch/use-fetch.mjs (1:0):
│  Module level directives cause errors when bundled, "use client" in
│  "node_modules/@mantine/hooks/esm/use-fetch/use-fetch.mjs" was ignored.
│
▲  Vite node_modules/@mantine/hooks/esm/use-scroll-spy/use-scroll-spy.mjs
│  (1:0): Module level directives cause errors when bundled, "use client"
│  in "node_modules/@mantine/hooks/esm/use-scroll-spy/use-scroll-spy.mjs"
│  was ignored.
│
▲  Vite
│  node_modules/@mantine/hooks/esm/use-radial-move/use-radial-move.mjs
│  (1:0): Module level directives cause errors when bundled, "use client"
│  in
│  "node_modules/@mantine/hooks/esm/use-radial-move/use-radial-move.mjs"
│  was ignored.
│
▲  Vite
│  node_modules/@mantine/hooks/esm/use-file-dialog/use-file-dialog.mjs
│  (1:0): Module level directives cause errors when bundled, "use client"
│  in
│  "node_modules/@mantine/hooks/esm/use-file-dialog/use-file-dialog.mjs"
│  was ignored.
│
▲  Vite node_modules/@mantine/hooks/esm/use-long-press/use-long-press.mjs
│  (1:0): Module level directives cause errors when bundled, "use client"
│  in "node_modules/@mantine/hooks/esm/use-long-press/use-long-press.mjs"
│  was ignored.
│
▲  Vite node_modules/@mantine/hooks/esm/use-selection/use-selection.mjs
│  (1:0): Module level directives cause errors when bundled, "use client"
│  in "node_modules/@mantine/hooks/esm/use-selection/use-selection.mjs"
│  was ignored.
│
▲  Vite node_modules/@mantine/hooks/esm/use-hotkeys/parse-hotkey.mjs
│  (1:0): Module level directives cause errors when bundled, "use client"
│  in "node_modules/@mantine/hooks/esm/use-hotkeys/parse-hotkey.mjs" was
│  ignored.
│
▲  Vite
│  node_modules/@mantine/core/esm/core/styles-api/use-styles/get-class-name/get-options-class-names/get-options-class-names.mjs
│  (1:0): Module level directives cause errors when bundled, "use client"
│  in
│  "node_modules/@mantine/core/esm/core/styles-api/use-styles/get-class-name/get-options-class-names/get-options-class-names.mjs"
│  was ignored.
│
▲  Vite
│  node_modules/@mantine/core/esm/core/styles-api/use-styles/get-class-name/get-resolved-class-names/get-resolved-class-names.mjs
│  (1:0): Module level directives cause errors when bundled, "use client"
│  in
│  "node_modules/@mantine/core/esm/core/styles-api/use-styles/get-class-name/get-resolved-class-names/get-resolved-class-names.mjs"
│  was ignored.
│
▲  Vite
│  node_modules/@mantine/core/esm/core/styles-api/use-styles/get-class-name/get-static-class-names/get-static-class-names.mjs
│  (1:0): Module level directives cause errors when bundled, "use client"
│  in
│  "node_modules/@mantine/core/esm/core/styles-api/use-styles/get-class-name/get-static-class-names/get-static-class-names.mjs"
│  was ignored.
│
▲  Vite
│  node_modules/@mantine/core/esm/core/styles-api/use-styles/get-class-name/get-selector-class-name/get-selector-class-name.mjs
│  (1:0): Module level directives cause errors when bundled, "use client"
│  in
│  "node_modules/@mantine/core/esm/core/styles-api/use-styles/get-class-name/get-selector-class-name/get-selector-class-name.mjs"
│  was ignored.
│
▲  Vite
│  node_modules/@mantine/core/esm/core/styles-api/use-styles/get-class-name/get-root-class-name/get-root-class-name.mjs
│  (1:0): Module level directives cause errors when bundled, "use client"
│  in
│  "node_modules/@mantine/core/esm/core/styles-api/use-styles/get-class-name/get-root-class-name/get-root-class-name.mjs"
│  was ignored.
│
▲  Vite
│  node_modules/@mantine/core/esm/core/styles-api/use-styles/get-class-name/get-theme-class-names/get-theme-class-names.mjs
│  (1:0): Module level directives cause errors when bundled, "use client"
│  in
│  "node_modules/@mantine/core/esm/core/styles-api/use-styles/get-class-name/get-theme-class-names/get-theme-class-names.mjs"
│  was ignored.
│
▲  Vite
│  node_modules/@mantine/core/esm/core/styles-api/use-styles/get-class-name/get-variant-class-name/get-variant-class-name.mjs
│  (1:0): Module level directives cause errors when bundled, "use client"
│  in
│  "node_modules/@mantine/core/esm/core/styles-api/use-styles/get-class-name/get-variant-class-name/get-variant-class-name.mjs"
│  was ignored.
│
▲  Vite
│  node_modules/@mantine/core/esm/core/styles-api/use-styles/get-style/get-theme-styles/get-theme-styles.mjs
│  (1:0): Module level directives cause errors when bundled, "use client"
│  in
│  "node_modules/@mantine/core/esm/core/styles-api/use-styles/get-style/get-theme-styles/get-theme-styles.mjs"
│  was ignored.
│
▲  Vite
│  node_modules/@mantine/core/esm/core/styles-api/use-styles/get-style/resolve-style/resolve-style.mjs
│  (1:0): Module level directives cause errors when bundled, "use client"
│  in
│  "node_modules/@mantine/core/esm/core/styles-api/use-styles/get-style/resolve-style/resolve-style.mjs"
│  was ignored.
│
▲  Vite
│  node_modules/@mantine/core/esm/core/styles-api/use-styles/get-style/resolve-vars/resolve-vars.mjs
│  (1:0): Module level directives cause errors when bundled, "use client"
│  in
│  "node_modules/@mantine/core/esm/core/styles-api/use-styles/get-style/resolve-vars/resolve-vars.mjs"
│  was ignored.
│
▲  Vite
│  node_modules/@mantine/core/esm/core/Box/style-props/resolvers/border-resolver/border-resolver.mjs
│  (1:0): Module level directives cause errors when bundled, "use client"
│  in
│  "node_modules/@mantine/core/esm/core/Box/style-props/resolvers/border-resolver/border-resolver.mjs"
│  was ignored.
│
▲  Vite
│  node_modules/@mantine/core/esm/core/Box/style-props/resolvers/color-resolver/color-resolver.mjs
│  (1:0): Module level directives cause errors when bundled, "use client"
│  in
│  "node_modules/@mantine/core/esm/core/Box/style-props/resolvers/color-resolver/color-resolver.mjs"
│  was ignored.
│
▲  Vite
│  node_modules/@mantine/core/esm/core/Box/style-props/resolvers/font-family-resolver/font-family-resolver.mjs
│  (1:0): Module level directives cause errors when bundled, "use client"
│  in
│  "node_modules/@mantine/core/esm/core/Box/style-props/resolvers/font-family-resolver/font-family-resolver.mjs"
│  was ignored.
│
▲  Vite
│  node_modules/@mantine/core/esm/core/Box/style-props/resolvers/identity-resolver/identity-resolver.mjs
│  (1:0): Module level directives cause errors when bundled, "use client"
│  in
│  "node_modules/@mantine/core/esm/core/Box/style-props/resolvers/identity-resolver/identity-resolver.mjs"
│  was ignored.
│
▲  Vite
│  node_modules/@mantine/core/esm/core/Box/style-props/resolvers/font-size-resolver/font-size-resolver.mjs
│  (1:0): Module level directives cause errors when bundled, "use client"
│  in
│  "node_modules/@mantine/core/esm/core/Box/style-props/resolvers/font-size-resolver/font-size-resolver.mjs"
│  was ignored.
│
▲  Vite
│  node_modules/@mantine/core/esm/core/Box/style-props/resolvers/line-height-resolver/line-height-resolver.mjs
│  (1:0): Module level directives cause errors when bundled, "use client"
│  in
│  "node_modules/@mantine/core/esm/core/Box/style-props/resolvers/line-height-resolver/line-height-resolver.mjs"
│  was ignored.
│
▲  Vite
│  node_modules/@mantine/core/esm/core/Box/style-props/resolvers/size-resolver/size-resolver.mjs
│  (1:0): Module level directives cause errors when bundled, "use client"
│  in
│  "node_modules/@mantine/core/esm/core/Box/style-props/resolvers/size-resolver/size-resolver.mjs"
│  was ignored.
│
▲  Vite
│  node_modules/@mantine/core/esm/core/Box/style-props/resolvers/radius-resolver/radius-resolver.mjs
│  (1:0): Module level directives cause errors when bundled, "use client"
│  in
│  "node_modules/@mantine/core/esm/core/Box/style-props/resolvers/radius-resolver/radius-resolver.mjs"
│  was ignored.
│
▲  Vite
│  node_modules/@mantine/core/esm/core/Box/style-props/resolvers/spacing-resolver/spacing-resolver.mjs
│  (1:0): Module level directives cause errors when bundled, "use client"
│  in
│  "node_modules/@mantine/core/esm/core/Box/style-props/resolvers/spacing-resolver/spacing-resolver.mjs"
│  was ignored.
│
▲  Vite
│  node_modules/@mantine/core/esm/components/ScrollArea/ScrollArea.context.mjs
│  (1:0): Module level directives cause errors when bundled, "use client"
│  in
│  "node_modules/@mantine/core/esm/components/ScrollArea/ScrollArea.context.mjs"
│  was ignored.
│
▲  Vite
│  node_modules/@mantine/core/esm/components/ScrollArea/ScrollAreaScrollbar/Scrollbar.context.mjs
│  (1:0): Module level directives cause errors when bundled, "use client"
│  in
│  "node_modules/@mantine/core/esm/components/ScrollArea/ScrollAreaScrollbar/Scrollbar.context.mjs"
│  was ignored.
│
▲  Vite
│  node_modules/@mantine/core/esm/components/ScrollArea/use-resize-observer.mjs
│  (1:0): Module level directives cause errors when bundled, "use client"
│  in
│  "node_modules/@mantine/core/esm/components/ScrollArea/use-resize-observer.mjs"
│  was ignored.
│
▲  Vite
│  node_modules/@mantine/core/esm/components/ScrollArea/utils/compose-event-handlers.mjs
│  (1:0): Module level directives cause errors when bundled, "use client"
│  in
│  "node_modules/@mantine/core/esm/components/ScrollArea/utils/compose-event-handlers.mjs"
│  was ignored.
│
▲  Vite
│  node_modules/@mantine/core/esm/components/ScrollArea/utils/add-unlinked-scroll-listener.mjs
│  (1:0): Module level directives cause errors when bundled, "use client"
│  in
│  "node_modules/@mantine/core/esm/components/ScrollArea/utils/add-unlinked-scroll-listener.mjs"
│  was ignored.
│
▲  Vite
│  node_modules/@mantine/core/esm/components/ScrollArea/ScrollAreaScrollbar/ScrollAreaScrollbarAuto.mjs
│  (1:0): Module level directives cause errors when bundled, "use client"
│  in
│  "node_modules/@mantine/core/esm/components/ScrollArea/ScrollAreaScrollbar/ScrollAreaScrollbarAuto.mjs"
│  was ignored.
│
▲  Vite
│  node_modules/@mantine/core/esm/components/ScrollArea/ScrollAreaScrollbar/ScrollAreaScrollbarHover.mjs
│  (1:0): Module level directives cause errors when bundled, "use client"
│  in
│  "node_modules/@mantine/core/esm/components/ScrollArea/ScrollAreaScrollbar/ScrollAreaScrollbarHover.mjs"
│  was ignored.
│
▲  Vite
│  node_modules/@mantine/core/esm/components/ScrollArea/ScrollAreaScrollbar/ScrollAreaScrollbarScroll.mjs
│  (1:0): Module level directives cause errors when bundled, "use client"
│  in
│  "node_modules/@mantine/core/esm/components/ScrollArea/ScrollAreaScrollbar/ScrollAreaScrollbarScroll.mjs"
│  was ignored.
│
▲  Vite
│  node_modules/@mantine/core/esm/components/ModalBase/use-lock-scroll.mjs
│  (1:0): Module level directives cause errors when bundled, "use client"
│  in
│  "node_modules/@mantine/core/esm/components/ModalBase/use-lock-scroll.mjs"
│  was ignored.
│
▲  Vite
│  node_modules/@mantine/core/esm/components/ScrollArea/ScrollAreaScrollbar/ScrollAreaScrollbarVisible.mjs
│  (1:0): Module level directives cause errors when bundled, "use client"
│  in
│  "node_modules/@mantine/core/esm/components/ScrollArea/ScrollAreaScrollbar/ScrollAreaScrollbarVisible.mjs"
│  was ignored.
│
▲  Vite
│  node_modules/@mantine/core/esm/components/AppShell/AppShellMediaStyles/get-variables/get-variables.mjs
│  (1:0): Module level directives cause errors when bundled, "use client"
│  in
│  "node_modules/@mantine/core/esm/components/AppShell/AppShellMediaStyles/get-variables/get-variables.mjs"
│  was ignored.
│
▲  Vite
│  node_modules/@mantine/core/esm/components/ScrollArea/utils/to-int.mjs
│  (1:0): Module level directives cause errors when bundled, "use client"
│  in
│  "node_modules/@mantine/core/esm/components/ScrollArea/utils/to-int.mjs"
│  was ignored.
│
▲  Vite
│  node_modules/@mantine/core/esm/utils/InlineInput/InlineInput.module.css.mjs
│  (1:0): Module level directives cause errors when bundled, "use client"
│  in
│  "node_modules/@mantine/core/esm/utils/InlineInput/InlineInput.module.css.mjs"
│  was ignored.
│
▲  Vite
│  node_modules/@mantine/core/esm/components/ColorPicker/Thumb/Thumb.mjs
│  (1:0): Module level directives cause errors when bundled, "use client"
│  in
│  "node_modules/@mantine/core/esm/components/ColorPicker/Thumb/Thumb.mjs"
│  was ignored.
│
▲  Vite
│  node_modules/@mantine/core/esm/components/Rating/StarSymbol/StarSymbol.mjs
│  (1:0): Module level directives cause errors when bundled, "use client"
│  in
│  "node_modules/@mantine/core/esm/components/Rating/StarSymbol/StarSymbol.mjs"
│  was ignored.
│
▲  Vite
│  node_modules/@mantine/core/esm/components/RingProgress/Curve/get-curve-props.mjs
│  (1:0): Module level directives cause errors when bundled, "use client"
│  in
│  "node_modules/@mantine/core/esm/components/RingProgress/Curve/get-curve-props.mjs"
│  was ignored.
│
▲  Vite node_modules/@mantine/core/esm/components/Slider/Marks/Marks.mjs
│  (1:0): Module level directives cause errors when bundled, "use client"
│  in "node_modules/@mantine/core/esm/components/Slider/Marks/Marks.mjs"
│  was ignored.
│
▲  Vite node_modules/@mantine/form/esm/use-form.mjs (1:0): Module level
│  directives cause errors when bundled, "use client" in
│  "node_modules/@mantine/form/esm/use-form.mjs" was ignored.
│
▲  Vite node_modules/@mantine/form/esm/actions/actions.mjs (1:0): Module
│  level directives cause errors when bundled, "use client" in
│  "node_modules/@mantine/form/esm/actions/actions.mjs" was ignored.
│
▲  Vite node_modules/@mantine/form/esm/FormProvider/FormProvider.mjs
│  (1:0): Module level directives cause errors when bundled, "use client"
│  in "node_modules/@mantine/form/esm/FormProvider/FormProvider.mjs" was
│  ignored.
│
▲  Vite node_modules/@mantine/form/esm/Form/Form.mjs (1:0): Module level
│  directives cause errors when bundled, "use client" in
│  "node_modules/@mantine/form/esm/Form/Form.mjs" was ignored.
│
▲  Vite node_modules/@mantine/form/esm/form-index.mjs (1:0): Module level
│  directives cause errors when bundled, "use client" in
│  "node_modules/@mantine/form/esm/form-index.mjs" was ignored.
│
▲  Vite
│  node_modules/@mantine/form/esm/validators/is-not-empty/is-not-empty.mjs
│  (1:0): Module level directives cause errors when bundled, "use client"
│  in
│  "node_modules/@mantine/form/esm/validators/is-not-empty/is-not-empty.mjs"
│  was ignored.
│
▲  Vite node_modules/@mantine/form/esm/validators/matches/matches.mjs
│  (1:0): Module level directives cause errors when bundled, "use client"
│  in "node_modules/@mantine/form/esm/validators/matches/matches.mjs" was
│  ignored.
│
▲  Vite
│  node_modules/@mantine/form/esm/validators/has-length/has-length.mjs
│  (1:0): Module level directives cause errors when bundled, "use client"
│  in
│  "node_modules/@mantine/form/esm/validators/has-length/has-length.mjs"
│  was ignored.
│
▲  Vite
│  node_modules/@mantine/form/esm/validators/is-in-range/is-in-range.mjs
│  (1:0): Module level directives cause errors when bundled, "use client"
│  in
│  "node_modules/@mantine/form/esm/validators/is-in-range/is-in-range.mjs"
│  was ignored.
│
▲  Vite
│  node_modules/@mantine/form/esm/validators/matches-field/matches-field.mjs
│  (1:0): Module level directives cause errors when bundled, "use client"
│  in
│  "node_modules/@mantine/form/esm/validators/matches-field/matches-field.mjs"
│  was ignored.
│
▲  Vite
│  node_modules/@mantine/form/esm/validators/is-json-string/is-json-string.mjs
│  (1:0): Module level directives cause errors when bundled, "use client"
│  in
│  "node_modules/@mantine/form/esm/validators/is-json-string/is-json-string.mjs"
│  was ignored.
│
▲  Vite
│  node_modules/@mantine/form/esm/validators/is-not-empty-html/is-not-empty-html.mjs
│  (1:0): Module level directives cause errors when bundled, "use client"
│  in
│  "node_modules/@mantine/form/esm/validators/is-not-empty-html/is-not-empty-html.mjs"
│  was ignored.
│
▲  Vite node_modules/@mantine/form/esm/use-field.mjs (1:0): Module level
│  directives cause errors when bundled, "use client" in
│  "node_modules/@mantine/form/esm/use-field.mjs" was ignored.
│
▲  Vite node_modules/@mantine/form/esm/validate/validate-values.mjs
│  (1:0): Module level directives cause errors when bundled, "use client"
│  in "node_modules/@mantine/form/esm/validate/validate-values.mjs" was
│  ignored.
│
▲  Vite
│  node_modules/@mantine/form/esm/resolvers/zod-resolver/zod-resolver.mjs
│  (1:0): Module level directives cause errors when bundled, "use client"
│  in
│  "node_modules/@mantine/form/esm/resolvers/zod-resolver/zod-resolver.mjs"
│  was ignored.
│
▲  Vite
│  node_modules/@mantine/form/esm/resolvers/superstruct-resolver/superstruct-resolver.mjs
│  (1:0): Module level directives cause errors when bundled, "use client"
│  in
│  "node_modules/@mantine/form/esm/resolvers/superstruct-resolver/superstruct-resolver.mjs"
│  was ignored.
│
▲  Vite
│  node_modules/@mantine/form/esm/resolvers/yup-resolver/yup-resolver.mjs
│  (1:0): Module level directives cause errors when bundled, "use client"
│  in
│  "node_modules/@mantine/form/esm/resolvers/yup-resolver/yup-resolver.mjs"
│  was ignored.
│
▲  Vite
│  node_modules/@mantine/form/esm/resolvers/joi-resolver/joi-resolver.mjs
│  (1:0): Module level directives cause errors when bundled, "use client"
│  in
│  "node_modules/@mantine/form/esm/resolvers/joi-resolver/joi-resolver.mjs"
│  was ignored.
│
▲  Vite node_modules/@mantine/form/esm/validators/is-email/is-email.mjs
│  (1:0): Module level directives cause errors when bundled, "use client"
│  in "node_modules/@mantine/form/esm/validators/is-email/is-email.mjs"
│  was ignored.
│
▲  Vite src/components/admin/AdminSearchInput.tsx (1:0): Error when using
│  sourcemap for reporting an error: Can't resolve original location of
│  error.
│
▲  Vite src/components/admin/AdminSearchInput.tsx (1:0): Module level
│  directives cause errors when bundled, "use client" in
│  "src/components/admin/AdminSearchInput.tsx" was ignored.
│
▲  Vite src/modules/listings/components/ViewTracker.tsx (1:0): Error when
│  using sourcemap for reporting an error: Can't resolve original
│  location of error.
│
▲  Vite src/modules/listings/components/ViewTracker.tsx (1:0): Module
│  level directives cause errors when bundled, "use client" in
│  "src/modules/listings/components/ViewTracker.tsx" was ignored.
│
▲  Vite src/modules/listings/components/RecentlyViewedTracker.tsx (1:0):
│  Error when using sourcemap for reporting an error: Can't resolve
│  original location of error.
│
▲  Vite src/modules/listings/components/RecentlyViewedTracker.tsx (1:0):
│  Module level directives cause errors when bundled, "use client" in
│  "src/modules/listings/components/RecentlyViewedTracker.tsx" was
│  ignored.
│
▲  Vite src/modules/listings/components/ListingInquiryDialog.tsx (1:0):
│  Error when using sourcemap for reporting an error: Can't resolve
│  original location of error.
│
▲  Vite src/modules/listings/components/ListingInquiryDialog.tsx (1:0):
│  Module level directives cause errors when bundled, "use client" in
│  "src/modules/listings/components/ListingInquiryDialog.tsx" was
│  ignored.
│
▲  Vite src/components/ui/label.tsx (1:0): Error when using sourcemap for
│  reporting an error: Can't resolve original location of error.
│
▲  Vite src/components/ui/label.tsx (1:0): Module level directives cause
│  errors when bundled, "use client" in "src/components/ui/label.tsx" was
│  ignored.
│
▲  Vite src/components/shared/YearCombobox.tsx (1:0): Error when using
│  sourcemap for reporting an error: Can't resolve original location of
│  error.
│
▲  Vite src/components/shared/YearCombobox.tsx (1:0): Module level
│  directives cause errors when bundled, "use client" in
│  "src/components/shared/YearCombobox.tsx" was ignored.
│
▲  Vite src/modules/listings/components/ListingReportDialog.tsx (1:0):
│  Error when using sourcemap for reporting an error: Can't resolve
│  original location of error.
│
▲  Vite src/modules/listings/components/ListingReportDialog.tsx (1:0):
│  Module level directives cause errors when bundled, "use client" in
│  "src/modules/listings/components/ListingReportDialog.tsx" was ignored.
│
▲  Vite src/components/ui/switch.tsx (1:0): Error when using sourcemap
│  for reporting an error: Can't resolve original location of error.
│
▲  Vite src/components/ui/switch.tsx (1:0): Module level directives cause
│  errors when bundled, "use client" in "src/components/ui/switch.tsx"
│  was ignored.
│
▲  Vite src/components/shared/ViewAllLink.tsx (1:0): Error when using
│  sourcemap for reporting an error: Can't resolve original location of
│  error.
│
▲  Vite src/components/shared/ViewAllLink.tsx (1:0): Module level
│  directives cause errors when bundled, "use client" in
│  "src/components/shared/ViewAllLink.tsx" was ignored.
│
▲  Vite src/components/admin/useAdminAvatarUpload.ts (1:0): Error when
│  using sourcemap for reporting an error: Can't resolve original
│  location of error.
│
▲  Vite src/components/admin/useAdminAvatarUpload.ts (1:0): Module level
│  directives cause errors when bundled, "use client" in
│  "src/components/admin/useAdminAvatarUpload.ts" was ignored.
│
▲  Vite src/components/shared/useHomepageFilters.ts (1:0): Error when
│  using sourcemap for reporting an error: Can't resolve original
│  location of error.
│
▲  Vite src/components/shared/useHomepageFilters.ts (1:0): Module level
│  directives cause errors when bundled, "use client" in
│  "src/components/shared/useHomepageFilters.ts" was ignored.
│
▲  Vite src/components/ui/input-group.tsx (1:0): Error when using
│  sourcemap for reporting an error: Can't resolve original location of
│  error.
│
▲  Vite src/components/ui/input-group.tsx (1:0): Module level directives
│  cause errors when bundled, "use client" in
│  "src/components/ui/input-group.tsx" was ignored.
│
▲  Vite src/modules/admin/actions/propertyTypes.ts (1:0): Error when
│  using sourcemap for reporting an error: Can't resolve original
│  location of error.
│
▲  Vite src/modules/admin/actions/propertyTypes.ts (1:0): Module level
│  directives cause errors when bundled, "use server" in
│  "src/modules/admin/actions/propertyTypes.ts" was ignored.
│
▲  Vite src/modules/listings/hooks/useFavoritesRealtime.ts (1:0): Error
│  when using sourcemap for reporting an error: Can't resolve original
│  location of error.
│
▲  Vite src/modules/listings/hooks/useFavoritesRealtime.ts (1:0): Module
│  level directives cause errors when bundled, "use client" in
│  "src/modules/listings/hooks/useFavoritesRealtime.ts" was ignored.
│
▲  Vite src/modules/companies/actions.ts (1:0): Error when using
│  sourcemap for reporting an error: Can't resolve original location of
│  error.
│
▲  Vite src/modules/companies/actions.ts (1:0): Module level directives
│  cause errors when bundled, "use server" in
│  "src/modules/companies/actions.ts" was ignored.
│
▲  Vite src/modules/listings/actions/favoriteActions.ts (1:0): Error when
│  using sourcemap for reporting an error: Can't resolve original
│  location of error.
│
▲  Vite src/modules/listings/actions/favoriteActions.ts (1:0): Module
│  level directives cause errors when bundled, "use server" in
│  "src/modules/listings/actions/favoriteActions.ts" was ignored.
│
▲  Vite src/modules/listings/hooks/useListingsUrlFilters.ts (1:0): Error
│  when using sourcemap for reporting an error: Can't resolve original
│  location of error.
│
▲  Vite src/modules/listings/hooks/useListingsUrlFilters.ts (1:0): Module
│  level directives cause errors when bundled, "use client" in
│  "src/modules/listings/hooks/useListingsUrlFilters.ts" was ignored.
│
▲  Vite src/modules/auth/components/AuthRedirect.tsx (1:0): Error when
│  using sourcemap for reporting an error: Can't resolve original
│  location of error.
│
▲  Vite src/modules/auth/components/AuthRedirect.tsx (1:0): Module level
│  directives cause errors when bundled, "use client" in
│  "src/modules/auth/components/AuthRedirect.tsx" was ignored.
│
▲  Vite src/modules/listings/actions/getListingOwnerContact.ts (1:0):
│  Error when using sourcemap for reporting an error: Can't resolve
│  original location of error.
│
▲  Vite src/modules/listings/actions/getListingOwnerContact.ts (1:0):
│  Module level directives cause errors when bundled, "use server" in
│  "src/modules/listings/actions/getListingOwnerContact.ts" was ignored.
│
▲  Vite src/modules/admin/actions/locale.ts (1:0): Error when using
│  sourcemap for reporting an error: Can't resolve original location of
│  error.
│
▲  Vite src/modules/admin/actions/locale.ts (1:0): Module level
│  directives cause errors when bundled, "use server" in
│  "src/modules/admin/actions/locale.ts" was ignored.
│
▲  Vite src/modules/listings/actions/collectionActions.ts (1:0): Error
│  when using sourcemap for reporting an error: Can't resolve original
│  location of error.
│
▲  Vite src/modules/listings/actions/collectionActions.ts (1:0): Module
│  level directives cause errors when bundled, "use server" in
│  "src/modules/listings/actions/collectionActions.ts" was ignored.
│
▲  Vite src/lib/auth/controller.ts (1:0): Error when using sourcemap for
│  reporting an error: Can't resolve original location of error.
│
▲  Vite src/lib/auth/controller.ts (1:0): Module level directives cause
│  errors when bundled, "use client" in "src/lib/auth/controller.ts" was
│  ignored.
│
▲  Vite src/design-system/media/useAdaptiveImageConfig.ts (1:0): Error
│  when using sourcemap for reporting an error: Can't resolve original
│  location of error.
│
▲  Vite src/design-system/media/useAdaptiveImageConfig.ts (1:0): Module
│  level directives cause errors when bundled, "use client" in
│  "src/design-system/media/useAdaptiveImageConfig.ts" was ignored.
│
▲  Vite src/modules/listings/components/form/DynamicFieldSection.tsx
│  (1:0): Error when using sourcemap for reporting an error: Can't
│  resolve original location of error.
│
▲  Vite src/modules/listings/components/form/DynamicFieldSection.tsx
│  (1:0): Module level directives cause errors when bundled, "use client"
│  in "src/modules/listings/components/form/DynamicFieldSection.tsx" was
│  ignored.
│
▲  Vite src/modules/notifications/actions/emailTemplates.ts (1:0): Error
│  when using sourcemap for reporting an error: Can't resolve original
│  location of error.
│
▲  Vite src/modules/notifications/actions/emailTemplates.ts (1:0): Module
│  level directives cause errors when bundled, "use server" in
│  "src/modules/notifications/actions/emailTemplates.ts" was ignored.
│
▲  Vite src/hooks/usePropertyTypes.ts (1:0): Error when using sourcemap
│  for reporting an error: Can't resolve original location of error.
│
▲  Vite src/hooks/usePropertyTypes.ts (1:0): Module level directives
│  cause errors when bundled, "use client" in
│  "src/hooks/usePropertyTypes.ts" was ignored.
│
▲  Vite src/hooks/useAdminPageFreshness.ts (1:0): Error when using
│  sourcemap for reporting an error: Can't resolve original location of
│  error.
│
▲  Vite src/hooks/useAdminPageFreshness.ts (1:0): Module level directives
│  cause errors when bundled, "use client" in
│  "src/hooks/useAdminPageFreshness.ts" was ignored.
│
▲  Vite src/modules/listings/actions/reportListing.ts (1:0): Error when
│  using sourcemap for reporting an error: Can't resolve original
│  location of error.
│
▲  Vite src/modules/listings/actions/reportListing.ts (1:0): Module level
│  directives cause errors when bundled, "use server" in
│  "src/modules/listings/actions/reportListing.ts" was ignored.
│
▲  Vite src/design-system/mantine/patterns/useApexTooltipMirror.ts (1:0):
│  Error when using sourcemap for reporting an error: Can't resolve
│  original location of error.
│
▲  Vite src/design-system/mantine/patterns/useApexTooltipMirror.ts (1:0):
│  Module level directives cause errors when bundled, "use client" in
│  "src/design-system/mantine/patterns/useApexTooltipMirror.ts" was
│  ignored.
│
▲  Vite src/modules/locations/hooks/useLocations.ts (1:0): Error when
│  using sourcemap for reporting an error: Can't resolve original
│  location of error.
│
▲  Vite src/modules/locations/hooks/useLocations.ts (1:0): Module level
│  directives cause errors when bundled, "use client" in
│  "src/modules/locations/hooks/useLocations.ts" was ignored.
│
▲  Vite src/modules/listings/actions/contactEvents.ts (1:0): Error when
│  using sourcemap for reporting an error: Can't resolve original
│  location of error.
│
▲  Vite src/modules/listings/actions/contactEvents.ts (1:0): Module level
│  directives cause errors when bundled, "use server" in
│  "src/modules/listings/actions/contactEvents.ts" was ignored.
│
▲  Vite src/hooks/useExchangeRate.ts (1:0): Error when using sourcemap
│  for reporting an error: Can't resolve original location of error.
│
▲  Vite src/hooks/useExchangeRate.ts (1:0): Module level directives cause
│  errors when bundled, "use client" in "src/hooks/useExchangeRate.ts"
│  was ignored.
│
▲  Vite src/hooks/useKeepActiveInView.ts (1:0): Error when using
│  sourcemap for reporting an error: Can't resolve original location of
│  error.
│
▲  Vite src/hooks/useKeepActiveInView.ts (1:0): Module level directives
│  cause errors when bundled, "use client" in
│  "src/hooks/useKeepActiveInView.ts" was ignored.
│
▲  Vite src/modules/listings/actions/recentlyViewedActions.ts (1:0):
│  Error when using sourcemap for reporting an error: Can't resolve
│  original location of error.
│
▲  Vite src/modules/listings/actions/recentlyViewedActions.ts (1:0):
│  Module level directives cause errors when bundled, "use server" in
│  "src/modules/listings/actions/recentlyViewedActions.ts" was ignored.
│
▲  Vite src/modules/admin/actions/permissions.ts (1:0): Error when using
│  sourcemap for reporting an error: Can't resolve original location of
│  error.
│
▲  Vite src/modules/admin/actions/permissions.ts (1:0): Module level
│  directives cause errors when bundled, "use server" in
│  "src/modules/admin/actions/permissions.ts" was ignored.
│
▲  Vite src/modules/admin/actions/index.ts (1:0): Error when using
│  sourcemap for reporting an error: Can't resolve original location of
│  error.
│
▲  Vite src/modules/admin/actions/index.ts (1:0): Module level directives
│  cause errors when bundled, "use server" in
│  "src/modules/admin/actions/index.ts" was ignored.
│
▲  Vite src/hooks/usePresence.ts (1:0): Error when using sourcemap for
│  reporting an error: Can't resolve original location of error.
│
▲  Vite src/hooks/usePresence.ts (1:0): Module level directives cause
│  errors when bundled, "use client" in "src/hooks/usePresence.ts" was
│  ignored.
│
▲  Vite src/modules/listings/components/ImageUpload.tsx (1:0): Error when
│  using sourcemap for reporting an error: Can't resolve original
│  location of error.
│
▲  Vite src/modules/listings/components/ImageUpload.tsx (1:0): Module
│  level directives cause errors when bundled, "use client" in
│  "src/modules/listings/components/ImageUpload.tsx" was ignored.
│
▲  Vite src/hooks/useSwipeTrackSync.ts (1:0): Error when using sourcemap
│  for reporting an error: Can't resolve original location of error.
│
▲  Vite src/hooks/useSwipeTrackSync.ts (1:0): Module level directives
│  cause errors when bundled, "use client" in
│  "src/hooks/useSwipeTrackSync.ts" was ignored.
│
▲  Vite node_modules/@base-ui/react/esm/button/Button.js (1:0): Module
│  level directives cause errors when bundled, "use client" in
│  "node_modules/@base-ui/react/esm/button/Button.js" was ignored.
│
▲  Vite node_modules/@base-ui/react/esm/input/Input.js (1:0): Module
│  level directives cause errors when bundled, "use client" in
│  "node_modules/@base-ui/react/esm/input/Input.js" was ignored.
│
▲  Vite node_modules/@mantine/hooks/esm/use-focus-trap/use-focus-trap.mjs
│  (1:0): Module level directives cause errors when bundled, "use client"
│  in "node_modules/@mantine/hooks/esm/use-focus-trap/use-focus-trap.mjs"
│  was ignored.
│
▲  Vite src/modules/companies/hooks/useCompanies.ts (1:0): Error when
│  using sourcemap for reporting an error: Can't resolve original
│  location of error.
│
▲  Vite src/modules/companies/hooks/useCompanies.ts (1:0): Module level
│  directives cause errors when bundled, "use client" in
│  "src/modules/companies/hooks/useCompanies.ts" was ignored.
│
▲  Vite src/modules/auth/actions/captcha.ts (1:0): Error when using
│  sourcemap for reporting an error: Can't resolve original location of
│  error.
│
▲  Vite src/modules/auth/actions/captcha.ts (1:0): Module level
│  directives cause errors when bundled, "use server" in
│  "src/modules/auth/actions/captcha.ts" was ignored.
│
▲  Vite src/lib/performance/imageGuard.ts (1:0): Error when using
│  sourcemap for reporting an error: Can't resolve original location of
│  error.
│
▲  Vite src/lib/performance/imageGuard.ts (1:0): Module level directives
│  cause errors when bundled, "use client" in
│  "src/lib/performance/imageGuard.ts" was ignored.
│
▲  Vite src/lib/performance/predictive.ts (1:0): Error when using
│  sourcemap for reporting an error: Can't resolve original location of
│  error.
│
▲  Vite src/lib/performance/predictive.ts (1:0): Module level directives
│  cause errors when bundled, "use client" in
│  "src/lib/performance/predictive.ts" was ignored.
│
▲  Vite src/lib/performance/store.ts (1:0): Error when using sourcemap
│  for reporting an error: Can't resolve original location of error.
│
▲  Vite src/lib/performance/store.ts (1:0): Module level directives cause
│  errors when bundled, "use client" in "src/lib/performance/store.ts"
│  was ignored.
│
▲  Vite src/modules/notifications/lib/mutations.ts (1:0): Error when
│  using sourcemap for reporting an error: Can't resolve original
│  location of error.
│
▲  Vite src/modules/notifications/lib/mutations.ts (1:0): Module level
│  directives cause errors when bundled, "use server" in
│  "src/modules/notifications/lib/mutations.ts" was ignored.
│
▲  Vite src/modules/auth/actions/recovery.ts (1:0): Error when using
│  sourcemap for reporting an error: Can't resolve original location of
│  error.
│
▲  Vite src/modules/auth/actions/recovery.ts (1:0): Module level
│  directives cause errors when bundled, "use server" in
│  "src/modules/auth/actions/recovery.ts" was ignored.
│
▲  Vite node_modules/@mantine/store/esm/store.mjs (1:0): Module level
│  directives cause errors when bundled, "use client" in
│  "node_modules/@mantine/store/esm/store.mjs" was ignored.
│
▲  Vite
│  node_modules/@mantine/notifications/esm/get-auto-close/get-auto-close.mjs
│  (1:0): Module level directives cause errors when bundled, "use client"
│  in
│  "node_modules/@mantine/notifications/esm/get-auto-close/get-auto-close.mjs"
│  was ignored.
│
▲  Vite node_modules/@radix-ui/react-dismissable-layer/dist/index.mjs
│  (1:0): Module level directives cause errors when bundled, "use client"
│  in "node_modules/@radix-ui/react-dismissable-layer/dist/index.mjs" was
│  ignored.
│
▲  Vite node_modules/@radix-ui/react-portal/dist/index.mjs (1:0): Module
│  level directives cause errors when bundled, "use client" in
│  "node_modules/@radix-ui/react-portal/dist/index.mjs" was ignored.
│
▲  Vite node_modules/@radix-ui/react-focus-scope/dist/index.mjs (1:0):
│  Module level directives cause errors when bundled, "use client" in
│  "node_modules/@radix-ui/react-focus-scope/dist/index.mjs" was ignored.
│
▲  Vite node_modules/@radix-ui/react-presence/dist/index.mjs (1:0):
│  Module level directives cause errors when bundled, "use client" in
│  "node_modules/@radix-ui/react-presence/dist/index.mjs" was ignored.
│
▲  Vite node_modules/@radix-ui/react-focus-guards/dist/index.mjs (1:0):
│  Module level directives cause errors when bundled, "use client" in
│  "node_modules/@radix-ui/react-focus-guards/dist/index.mjs" was
│  ignored.
│
▲  Vite node_modules/@base-ui/react/esm/popover/root/PopoverRoot.js
│  (1:0): Module level directives cause errors when bundled, "use client"
│  in "node_modules/@base-ui/react/esm/popover/root/PopoverRoot.js" was
│  ignored.
│
▲  Vite node_modules/@mantine/hooks/esm/use-id/use-react-id.mjs (1:0):
│  Module level directives cause errors when bundled, "use client" in
│  "node_modules/@mantine/hooks/esm/use-id/use-react-id.mjs" was ignored.
│
▲  Vite
│  node_modules/@mantine/hooks/esm/use-local-storage/create-storage.mjs
│  (1:0): Module level directives cause errors when bundled, "use client"
│  in
│  "node_modules/@mantine/hooks/esm/use-local-storage/create-storage.mjs"
│  was ignored.
│
▲  Vite
│  node_modules/@mantine/core/esm/core/styles-api/use-styles/get-style/resolve-vars/merge-vars.mjs
│  (1:0): Module level directives cause errors when bundled, "use client"
│  in
│  "node_modules/@mantine/core/esm/core/styles-api/use-styles/get-style/resolve-vars/merge-vars.mjs"
│  was ignored.
│
▲  Vite
│  node_modules/@mantine/core/esm/components/ScrollArea/utils/get-thumb-ratio.mjs
│  (1:0): Module level directives cause errors when bundled, "use client"
│  in
│  "node_modules/@mantine/core/esm/components/ScrollArea/utils/get-thumb-ratio.mjs"
│  was ignored.
│
▲  Vite
│  node_modules/@mantine/core/esm/components/ScrollArea/utils/get-thumb-offset-from-scroll.mjs
│  (1:0): Module level directives cause errors when bundled, "use client"
│  in
│  "node_modules/@mantine/core/esm/components/ScrollArea/utils/get-thumb-offset-from-scroll.mjs"
│  was ignored.
│
▲  Vite
│  node_modules/@mantine/core/esm/components/ScrollArea/utils/get-scroll-position-from-pointer.mjs
│  (1:0): Module level directives cause errors when bundled, "use client"
│  in
│  "node_modules/@mantine/core/esm/components/ScrollArea/utils/get-scroll-position-from-pointer.mjs"
│  was ignored.
│
▲  Vite
│  node_modules/@mantine/core/esm/components/ScrollArea/ScrollAreaScrollbar/ScrollbarY.mjs
│  (1:0): Module level directives cause errors when bundled, "use client"
│  in
│  "node_modules/@mantine/core/esm/components/ScrollArea/ScrollAreaScrollbar/ScrollbarY.mjs"
│  was ignored.
│
▲  Vite
│  node_modules/@mantine/core/esm/components/ScrollArea/ScrollAreaScrollbar/ScrollbarX.mjs
│  (1:0): Module level directives cause errors when bundled, "use client"
│  in
│  "node_modules/@mantine/core/esm/components/ScrollArea/ScrollAreaScrollbar/ScrollbarX.mjs"
│  was ignored.
│
▲  Vite
│  node_modules/@mantine/core/esm/components/AppShell/AppShellMediaStyles/assign-aside-variables/assign-aside-variables.mjs
│  (1:0): Module level directives cause errors when bundled, "use client"
│  in
│  "node_modules/@mantine/core/esm/components/AppShell/AppShellMediaStyles/assign-aside-variables/assign-aside-variables.mjs"
│  was ignored.
│
▲  Vite
│  node_modules/@mantine/core/esm/components/AppShell/AppShellMediaStyles/assign-header-variables/assign-header-variables.mjs
│  (1:0): Module level directives cause errors when bundled, "use client"
│  in
│  "node_modules/@mantine/core/esm/components/AppShell/AppShellMediaStyles/assign-header-variables/assign-header-variables.mjs"
│  was ignored.
│
▲  Vite
│  node_modules/@mantine/core/esm/components/AppShell/AppShellMediaStyles/assign-footer-variables/assign-footer-variables.mjs
│  (1:0): Module level directives cause errors when bundled, "use client"
│  in
│  "node_modules/@mantine/core/esm/components/AppShell/AppShellMediaStyles/assign-footer-variables/assign-footer-variables.mjs"
│  was ignored.
│
▲  Vite
│  node_modules/@mantine/core/esm/components/AppShell/AppShellMediaStyles/assign-navbar-variables/assign-navbar-variables.mjs
│  (1:0): Module level directives cause errors when bundled, "use client"
│  in
│  "node_modules/@mantine/core/esm/components/AppShell/AppShellMediaStyles/assign-navbar-variables/assign-navbar-variables.mjs"
│  was ignored.
│
▲  Vite
│  node_modules/@mantine/core/esm/components/AppShell/AppShellMediaStyles/assign-padding-variables/assign-padding-variables.mjs
│  (1:0): Module level directives cause errors when bundled, "use client"
│  in
│  "node_modules/@mantine/core/esm/components/AppShell/AppShellMediaStyles/assign-padding-variables/assign-padding-variables.mjs"
│  was ignored.
│
▲  Vite
│  node_modules/@mantine/core/esm/components/Rating/StarSymbol/StarIcon.mjs
│  (1:0): Module level directives cause errors when bundled, "use client"
│  in
│  "node_modules/@mantine/core/esm/components/Rating/StarSymbol/StarIcon.mjs"
│  was ignored.
│
▲  Vite
│  node_modules/@mantine/core/esm/components/Slider/Marks/is-mark-filled.mjs
│  (1:0): Module level directives cause errors when bundled, "use client"
│  in
│  "node_modules/@mantine/core/esm/components/Slider/Marks/is-mark-filled.mjs"
│  was ignored.
│
▲  Vite node_modules/@base-ui/react/esm/select/root/SelectRoot.js (1:0):
│  Module level directives cause errors when bundled, "use client" in
│  "node_modules/@base-ui/react/esm/select/root/SelectRoot.js" was
│  ignored.
│
▲  Vite
│  node_modules/@base-ui/react/esm/menu/submenu-root/MenuSubmenuRoot.js
│  (1:0): Module level directives cause errors when bundled, "use client"
│  in
│  "node_modules/@base-ui/react/esm/menu/submenu-root/MenuSubmenuRoot.js"
│  was ignored.
│
▲  Vite
│  node_modules/@mantine/form/esm/get-input-on-change/get-input-on-change.mjs
│  (1:0): Module level directives cause errors when bundled, "use client"
│  in
│  "node_modules/@mantine/form/esm/get-input-on-change/get-input-on-change.mjs"
│  was ignored.
│
▲  Vite
│  node_modules/@mantine/form/esm/hooks/use-form-errors/use-form-errors.mjs
│  (1:0): Module level directives cause errors when bundled, "use client"
│  in
│  "node_modules/@mantine/form/esm/hooks/use-form-errors/use-form-errors.mjs"
│  was ignored.
│
▲  Vite
│  node_modules/@mantine/form/esm/hooks/use-form-list/use-form-list.mjs
│  (1:0): Module level directives cause errors when bundled, "use client"
│  in
│  "node_modules/@mantine/form/esm/hooks/use-form-list/use-form-list.mjs"
│  was ignored.
│
▲  Vite
│  node_modules/@mantine/form/esm/hooks/use-form-status/use-form-status.mjs
│  (1:0): Module level directives cause errors when bundled, "use client"
│  in
│  "node_modules/@mantine/form/esm/hooks/use-form-status/use-form-status.mjs"
│  was ignored.
│
▲  Vite
│  node_modules/@mantine/form/esm/hooks/use-form-values/use-form-values.mjs
│  (1:0): Module level directives cause errors when bundled, "use client"
│  in
│  "node_modules/@mantine/form/esm/hooks/use-form-values/use-form-values.mjs"
│  was ignored.
│
▲  Vite
│  node_modules/@mantine/form/esm/hooks/use-form-watch/use-form-watch.mjs
│  (1:0): Module level directives cause errors when bundled, "use client"
│  in
│  "node_modules/@mantine/form/esm/hooks/use-form-watch/use-form-watch.mjs"
│  was ignored.
│
▲  Vite node_modules/@mantine/form/esm/paths/get-path.mjs (1:0): Module
│  level directives cause errors when bundled, "use client" in
│  "node_modules/@mantine/form/esm/paths/get-path.mjs" was ignored.
│
▲  Vite node_modules/@mantine/form/esm/paths/get-data-path.mjs (1:0):
│  Module level directives cause errors when bundled, "use client" in
│  "node_modules/@mantine/form/esm/paths/get-data-path.mjs" was ignored.
│
▲  Vite node_modules/@mantine/form/esm/validate/validate-field-value.mjs
│  (1:0): Module level directives cause errors when bundled, "use client"
│  in "node_modules/@mantine/form/esm/validate/validate-field-value.mjs"
│  was ignored.
│
▲  Vite
│  node_modules/@mantine/form/esm/validate/should-validate-on-change.mjs
│  (1:0): Module level directives cause errors when bundled, "use client"
│  in
│  "node_modules/@mantine/form/esm/validate/should-validate-on-change.mjs"
│  was ignored.
│
▲  Vite
│  node_modules/@mantine/form/esm/hooks/use-form-errors/filter-errors/filter-errors.mjs
│  (1:0): Module level directives cause errors when bundled, "use client"
│  in
│  "node_modules/@mantine/form/esm/hooks/use-form-errors/filter-errors/filter-errors.mjs"
│  was ignored.
│
▲  Vite node_modules/@mantine/hooks/esm/use-focus-trap/scope-tab.mjs
│  (1:0): Module level directives cause errors when bundled, "use client"
│  in "node_modules/@mantine/hooks/esm/use-focus-trap/scope-tab.mjs" was
│  ignored.
│
▲  Vite
│  node_modules/@base-ui/react/esm/navigation-menu/popup/NavigationMenuPopup.js
│  (1:0): Module level directives cause errors when bundled, "use client"
│  in
│  "node_modules/@base-ui/react/esm/navigation-menu/popup/NavigationMenuPopup.js"
│  was ignored.
│
▲  Vite
│  node_modules/@base-ui/react/esm/select/scroll-down-arrow/SelectScrollDownArrow.js
│  (1:0): Module level directives cause errors when bundled, "use client"
│  in
│  "node_modules/@base-ui/react/esm/select/scroll-down-arrow/SelectScrollDownArrow.js"
│  was ignored.
│
▲  Vite node_modules/@base-ui/react/esm/dialog/title/DialogTitle.js
│  (1:0): Module level directives cause errors when bundled, "use client"
│  in "node_modules/@base-ui/react/esm/dialog/title/DialogTitle.js" was
│  ignored.
│
▲  Vite
│  node_modules/@base-ui/react/esm/menu/radio-group/MenuRadioGroup.js
│  (1:0): Module level directives cause errors when bundled, "use client"
│  in
│  "node_modules/@base-ui/react/esm/menu/radio-group/MenuRadioGroup.js"
│  was ignored.
│
▲  Vite node_modules/@base-ui/react/esm/menu/group/MenuGroup.js (1:0):
│  Module level directives cause errors when bundled, "use client" in
│  "node_modules/@base-ui/react/esm/menu/group/MenuGroup.js" was ignored.
│
▲  Vite
│  node_modules/@base-ui/react/esm/menu/group-label/MenuGroupLabel.js
│  (1:0): Module level directives cause errors when bundled, "use client"
│  in
│  "node_modules/@base-ui/react/esm/menu/group-label/MenuGroupLabel.js"
│  was ignored.
│
▲  Vite node_modules/@base-ui/react/esm/menu/backdrop/MenuBackdrop.js
│  (1:0): Module level directives cause errors when bundled, "use client"
│  in "node_modules/@base-ui/react/esm/menu/backdrop/MenuBackdrop.js" was
│  ignored.
│
▲  Vite
│  node_modules/@base-ui/react/esm/navigation-menu/backdrop/NavigationMenuBackdrop.js
│  (1:0): Module level directives cause errors when bundled, "use client"
│  in
│  "node_modules/@base-ui/react/esm/navigation-menu/backdrop/NavigationMenuBackdrop.js"
│  was ignored.
│
▲  Vite node_modules/@base-ui/react/esm/select/list/SelectList.js (1:0):
│  Module level directives cause errors when bundled, "use client" in
│  "node_modules/@base-ui/react/esm/select/list/SelectList.js" was
│  ignored.
│
▲  Vite
│  node_modules/@base-ui/react/esm/navigation-menu/viewport/NavigationMenuViewport.js
│  (1:0): Module level directives cause errors when bundled, "use client"
│  in
│  "node_modules/@base-ui/react/esm/navigation-menu/viewport/NavigationMenuViewport.js"
│  was ignored.
│
▲  Vite node_modules/@base-ui/react/esm/popover/arrow/PopoverArrow.js
│  (1:0): Module level directives cause errors when bundled, "use client"
│  in "node_modules/@base-ui/react/esm/popover/arrow/PopoverArrow.js" was
│  ignored.
│
▲  Vite node_modules/@base-ui/react/esm/select/arrow/SelectArrow.js
│  (1:0): Module level directives cause errors when bundled, "use client"
│  in "node_modules/@base-ui/react/esm/select/arrow/SelectArrow.js" was
│  ignored.
│
▲  Vite
│  node_modules/@base-ui/react/esm/popover/description/PopoverDescription.js
│  (1:0): Module level directives cause errors when bundled, "use client"
│  in
│  "node_modules/@base-ui/react/esm/popover/description/PopoverDescription.js"
│  was ignored.
│
▲  Vite node_modules/@base-ui/react/esm/tabs/tab/TabsTab.js (1:0): Module
│  level directives cause errors when bundled, "use client" in
│  "node_modules/@base-ui/react/esm/tabs/tab/TabsTab.js" was ignored.
│
▲  Vite node_modules/@base-ui/react/esm/select/item/SelectItem.js (1:0):
│  Module level directives cause errors when bundled, "use client" in
│  "node_modules/@base-ui/react/esm/select/item/SelectItem.js" was
│  ignored.
│
▲  Vite node_modules/@base-ui/react/esm/menu/arrow/MenuArrow.js (1:0):
│  Module level directives cause errors when bundled, "use client" in
│  "node_modules/@base-ui/react/esm/menu/arrow/MenuArrow.js" was ignored.
│
▲  Vite node_modules/@base-ui/react/esm/menu/trigger/MenuTrigger.js
│  (1:0): Module level directives cause errors when bundled, "use client"
│  in "node_modules/@base-ui/react/esm/menu/trigger/MenuTrigger.js" was
│  ignored.
│
▲  Vite node_modules/@base-ui/react/esm/dialog/root/DialogRoot.js (1:0):
│  Module level directives cause errors when bundled, "use client" in
│  "node_modules/@base-ui/react/esm/dialog/root/DialogRoot.js" was
│  ignored.
│
▲  Vite node_modules/@base-ui/react/esm/menu/viewport/MenuViewport.js
│  (1:0): Module level directives cause errors when bundled, "use client"
│  in "node_modules/@base-ui/react/esm/menu/viewport/MenuViewport.js" was
│  ignored.
│
▲  Vite node_modules/@base-ui/react/esm/menu/portal/MenuPortal.js (1:0):
│  Module level directives cause errors when bundled, "use client" in
│  "node_modules/@base-ui/react/esm/menu/portal/MenuPortal.js" was
│  ignored.
│
▲  Vite
│  node_modules/@base-ui/react/esm/navigation-menu/content/NavigationMenuContent.js
│  (1:0): Module level directives cause errors when bundled, "use client"
│  in
│  "node_modules/@base-ui/react/esm/navigation-menu/content/NavigationMenuContent.js"
│  was ignored.
│
▲  Vite node_modules/@base-ui/react/esm/dialog/viewport/DialogViewport.js
│  (1:0): Module level directives cause errors when bundled, "use client"
│  in "node_modules/@base-ui/react/esm/dialog/viewport/DialogViewport.js"
│  was ignored.
│
▲  Vite node_modules/@base-ui/react/esm/select/portal/SelectPortal.js
│  (1:0): Module level directives cause errors when bundled, "use client"
│  in "node_modules/@base-ui/react/esm/select/portal/SelectPortal.js" was
│  ignored.
│
▲  Vite node_modules/@base-ui/react/esm/popover/popup/PopoverPopup.js
│  (1:0): Module level directives cause errors when bundled, "use client"
│  in "node_modules/@base-ui/react/esm/popover/popup/PopoverPopup.js" was
│  ignored.
│
▲  Vite
│  node_modules/@base-ui/react/esm/menu/checkbox-item-indicator/MenuCheckboxItemIndicator.js
│  (1:0): Module level directives cause errors when bundled, "use client"
│  in
│  "node_modules/@base-ui/react/esm/menu/checkbox-item-indicator/MenuCheckboxItemIndicator.js"
│  was ignored.
│
▲  Vite
│  node_modules/@base-ui/react/esm/navigation-menu/link/NavigationMenuLink.js
│  (1:0): Module level directives cause errors when bundled, "use client"
│  in
│  "node_modules/@base-ui/react/esm/navigation-menu/link/NavigationMenuLink.js"
│  was ignored.
│
▲  Vite
│  node_modules/@base-ui/react/esm/menu/submenu-trigger/MenuSubmenuTrigger.js
│  (1:0): Module level directives cause errors when bundled, "use client"
│  in
│  "node_modules/@base-ui/react/esm/menu/submenu-trigger/MenuSubmenuTrigger.js"
│  was ignored.
│
▲  Vite src/modules/listings/components/ListingGallery.tsx (1:0): Error
│  when using sourcemap for reporting an error: Can't resolve original
│  location of error.
│
▲  Vite src/modules/listings/components/ListingGallery.tsx (1:0): Module
│  level directives cause errors when bundled, "use client" in
│  "src/modules/listings/components/ListingGallery.tsx" was ignored.
│
▲  Vite node_modules/@base-ui/react/esm/select/value/SelectValue.js
│  (1:0): Module level directives cause errors when bundled, "use client"
│  in "node_modules/@base-ui/react/esm/select/value/SelectValue.js" was
│  ignored.
│
▲  Vite node_modules/@base-ui/react/esm/popover/close/PopoverClose.js
│  (1:0): Module level directives cause errors when bundled, "use client"
│  in "node_modules/@base-ui/react/esm/popover/close/PopoverClose.js" was
│  ignored.
│
▲  Vite node_modules/@base-ui/react/esm/popover/trigger/PopoverTrigger.js
│  (1:0): Module level directives cause errors when bundled, "use client"
│  in "node_modules/@base-ui/react/esm/popover/trigger/PopoverTrigger.js"
│  was ignored.
│
▲  Vite node_modules/@base-ui/react/esm/separator/Separator.js (1:0):
│  Module level directives cause errors when bundled, "use client" in
│  "node_modules/@base-ui/react/esm/separator/Separator.js" was ignored.
│
▲  Vite node_modules/@base-ui/react/esm/popover/title/PopoverTitle.js
│  (1:0): Module level directives cause errors when bundled, "use client"
│  in "node_modules/@base-ui/react/esm/popover/title/PopoverTitle.js" was
│  ignored.
│
▲  Vite
│  node_modules/@base-ui/react/esm/select/item-indicator/SelectItemIndicator.js
│  (1:0): Module level directives cause errors when bundled, "use client"
│  in
│  "node_modules/@base-ui/react/esm/select/item-indicator/SelectItemIndicator.js"
│  was ignored.
│
▲  Vite node_modules/@base-ui/react/esm/dialog/portal/DialogPortal.js
│  (1:0): Module level directives cause errors when bundled, "use client"
│  in "node_modules/@base-ui/react/esm/dialog/portal/DialogPortal.js" was
│  ignored.
│
▲  Vite node_modules/@base-ui/react/esm/tabs/root/TabsRoot.js (1:0):
│  Module level directives cause errors when bundled, "use client" in
│  "node_modules/@base-ui/react/esm/tabs/root/TabsRoot.js" was ignored.
│
▲  Vite node_modules/@base-ui/react/esm/dialog/close/DialogClose.js
│  (1:0): Module level directives cause errors when bundled, "use client"
│  in "node_modules/@base-ui/react/esm/dialog/close/DialogClose.js" was
│  ignored.
│
▲  Vite
│  node_modules/@base-ui/react/esm/popover/backdrop/PopoverBackdrop.js
│  (1:0): Module level directives cause errors when bundled, "use client"
│  in
│  "node_modules/@base-ui/react/esm/popover/backdrop/PopoverBackdrop.js"
│  was ignored.
│
▲  Vite
│  node_modules/@base-ui/react/esm/dialog/description/DialogDescription.js
│  (1:0): Module level directives cause errors when bundled, "use client"
│  in
│  "node_modules/@base-ui/react/esm/dialog/description/DialogDescription.js"
│  was ignored.
│
▲  Vite node_modules/@base-ui/react/esm/menu/positioner/MenuPositioner.js
│  (1:0): Module level directives cause errors when bundled, "use client"
│  in "node_modules/@base-ui/react/esm/menu/positioner/MenuPositioner.js"
│  was ignored.
│
▲  Vite node_modules/@base-ui/react/esm/popover/portal/PopoverPortal.js
│  (1:0): Module level directives cause errors when bundled, "use client"
│  in "node_modules/@base-ui/react/esm/popover/portal/PopoverPortal.js"
│  was ignored.
│
▲  Vite
│  node_modules/@base-ui/react/esm/checkbox/indicator/CheckboxIndicator.js
│  (1:0): Module level directives cause errors when bundled, "use client"
│  in
│  "node_modules/@base-ui/react/esm/checkbox/indicator/CheckboxIndicator.js"
│  was ignored.
│
▲  Vite
│  node_modules/@base-ui/react/esm/select/group-label/SelectGroupLabel.js
│  (1:0): Module level directives cause errors when bundled, "use client"
│  in
│  "node_modules/@base-ui/react/esm/select/group-label/SelectGroupLabel.js"
│  was ignored.
│
▲  Vite
│  node_modules/@base-ui/react/esm/navigation-menu/trigger/NavigationMenuTrigger.js
│  (1:0): Module level directives cause errors when bundled, "use client"
│  in
│  "node_modules/@base-ui/react/esm/navigation-menu/trigger/NavigationMenuTrigger.js"
│  was ignored.
│
▲  Vite node_modules/@base-ui/react/esm/select/popup/SelectPopup.js
│  (1:0): Module level directives cause errors when bundled, "use client"
│  in "node_modules/@base-ui/react/esm/select/popup/SelectPopup.js" was
│  ignored.
│
▲  Vite
│  node_modules/@base-ui/react/esm/menu/checkbox-item/MenuCheckboxItem.js
│  (1:0): Module level directives cause errors when bundled, "use client"
│  in
│  "node_modules/@base-ui/react/esm/menu/checkbox-item/MenuCheckboxItem.js"
│  was ignored.
│
▲  Vite node_modules/@base-ui/react/esm/menu/popup/MenuPopup.js (1:0):
│  Module level directives cause errors when bundled, "use client" in
│  "node_modules/@base-ui/react/esm/menu/popup/MenuPopup.js" was ignored.
│
▲  Vite
│  node_modules/@base-ui/react/esm/navigation-menu/positioner/NavigationMenuPositioner.js
│  (1:0): Module level directives cause errors when bundled, "use client"
│  in
│  "node_modules/@base-ui/react/esm/navigation-menu/positioner/NavigationMenuPositioner.js"
│  was ignored.
│
▲  Vite
│  node_modules/@base-ui/react/esm/navigation-menu/arrow/NavigationMenuArrow.js
│  (1:0): Module level directives cause errors when bundled, "use client"
│  in
│  "node_modules/@base-ui/react/esm/navigation-menu/arrow/NavigationMenuArrow.js"
│  was ignored.
│
▲  Vite node_modules/@base-ui/react/esm/select/label/SelectLabel.js
│  (1:0): Module level directives cause errors when bundled, "use client"
│  in "node_modules/@base-ui/react/esm/select/label/SelectLabel.js" was
│  ignored.
│
▲  Vite
│  node_modules/@base-ui/react/esm/navigation-menu/list/NavigationMenuList.js
│  (1:0): Module level directives cause errors when bundled, "use client"
│  in
│  "node_modules/@base-ui/react/esm/navigation-menu/list/NavigationMenuList.js"
│  was ignored.
│
▲  Vite node_modules/@base-ui/react/esm/dialog/backdrop/DialogBackdrop.js
│  (1:0): Module level directives cause errors when bundled, "use client"
│  in "node_modules/@base-ui/react/esm/dialog/backdrop/DialogBackdrop.js"
│  was ignored.
│
▲  Vite
│  node_modules/@base-ui/react/esm/popover/viewport/PopoverViewport.js
│  (1:0): Module level directives cause errors when bundled, "use client"
│  in
│  "node_modules/@base-ui/react/esm/popover/viewport/PopoverViewport.js"
│  was ignored.
│
▲  Vite
│  node_modules/@base-ui/react/esm/select/positioner/SelectPositioner.js
│  (1:0): Module level directives cause errors when bundled, "use client"
│  in
│  "node_modules/@base-ui/react/esm/select/positioner/SelectPositioner.js"
│  was ignored.
│
▲  Vite node_modules/@base-ui/react/esm/tabs/indicator/TabsIndicator.js
│  (1:0): Module level directives cause errors when bundled, "use client"
│  in "node_modules/@base-ui/react/esm/tabs/indicator/TabsIndicator.js"
│  was ignored.
│
▲  Vite
│  node_modules/@base-ui/react/esm/popover/positioner/PopoverPositioner.js
│  (1:0): Module level directives cause errors when bundled, "use client"
│  in
│  "node_modules/@base-ui/react/esm/popover/positioner/PopoverPositioner.js"
│  was ignored.
│
▲  Vite node_modules/@base-ui/react/esm/tabs/list/TabsList.js (1:0):
│  Module level directives cause errors when bundled, "use client" in
│  "node_modules/@base-ui/react/esm/tabs/list/TabsList.js" was ignored.
│
▲  Vite
│  node_modules/@base-ui/react/esm/select/item-text/SelectItemText.js
│  (1:0): Module level directives cause errors when bundled, "use client"
│  in
│  "node_modules/@base-ui/react/esm/select/item-text/SelectItemText.js"
│  was ignored.
│
▲  Vite node_modules/@base-ui/react/esm/menu/link-item/MenuLinkItem.js
│  (1:0): Module level directives cause errors when bundled, "use client"
│  in "node_modules/@base-ui/react/esm/menu/link-item/MenuLinkItem.js"
│  was ignored.
│
▲  Vite
│  node_modules/@base-ui/react/esm/navigation-menu/root/NavigationMenuRoot.js
│  (1:0): Module level directives cause errors when bundled, "use client"
│  in
│  "node_modules/@base-ui/react/esm/navigation-menu/root/NavigationMenuRoot.js"
│  was ignored.
│
▲  Vite
│  node_modules/@base-ui/react/esm/menu/radio-item-indicator/MenuRadioItemIndicator.js
│  (1:0): Module level directives cause errors when bundled, "use client"
│  in
│  "node_modules/@base-ui/react/esm/menu/radio-item-indicator/MenuRadioItemIndicator.js"
│  was ignored.
│
▲  Vite
│  node_modules/@base-ui/react/esm/select/scroll-up-arrow/SelectScrollUpArrow.js
│  (1:0): Module level directives cause errors when bundled, "use client"
│  in
│  "node_modules/@base-ui/react/esm/select/scroll-up-arrow/SelectScrollUpArrow.js"
│  was ignored.
│
▲  Vite node_modules/@base-ui/react/esm/select/trigger/SelectTrigger.js
│  (1:0): Module level directives cause errors when bundled, "use client"
│  in "node_modules/@base-ui/react/esm/select/trigger/SelectTrigger.js"
│  was ignored.
│
▲  Vite node_modules/@base-ui/react/esm/tabs/panel/TabsPanel.js (1:0):
│  Module level directives cause errors when bundled, "use client" in
│  "node_modules/@base-ui/react/esm/tabs/panel/TabsPanel.js" was ignored.
│
▲  Vite node_modules/@base-ui/react/esm/checkbox/root/CheckboxRoot.js
│  (1:0): Module level directives cause errors when bundled, "use client"
│  in "node_modules/@base-ui/react/esm/checkbox/root/CheckboxRoot.js" was
│  ignored.
│
▲  Vite node_modules/@base-ui/react/esm/select/backdrop/SelectBackdrop.js
│  (1:0): Module level directives cause errors when bundled, "use client"
│  in "node_modules/@base-ui/react/esm/select/backdrop/SelectBackdrop.js"
│  was ignored.
│
▲  Vite node_modules/@base-ui/react/esm/dialog/trigger/DialogTrigger.js
│  (1:0): Module level directives cause errors when bundled, "use client"
│  in "node_modules/@base-ui/react/esm/dialog/trigger/DialogTrigger.js"
│  was ignored.
│
▲  Vite node_modules/@mantine/hooks/esm/use-focus-trap/tabbable.mjs
│  (1:0): Module level directives cause errors when bundled, "use client"
│  in "node_modules/@mantine/hooks/esm/use-focus-trap/tabbable.mjs" was
│  ignored.
│
▲  Vite node_modules/@base-ui/react/esm/menu/item/MenuItem.js (1:0):
│  Module level directives cause errors when bundled, "use client" in
│  "node_modules/@base-ui/react/esm/menu/item/MenuItem.js" was ignored.
│
▲  Vite node_modules/@base-ui/react/esm/internals/use-button/useButton.js
│  (1:0): Module level directives cause errors when bundled, "use client"
│  in "node_modules/@base-ui/react/esm/internals/use-button/useButton.js"
│  was ignored.
│
▲  Vite node_modules/@base-ui/react/esm/menu/radio-item/MenuRadioItem.js
│  (1:0): Module level directives cause errors when bundled, "use client"
│  in "node_modules/@base-ui/react/esm/menu/radio-item/MenuRadioItem.js"
│  was ignored.
│
▲  Vite
│  node_modules/@base-ui/react/esm/navigation-menu/item/NavigationMenuItem.js
│  (1:0): Module level directives cause errors when bundled, "use client"
│  in
│  "node_modules/@base-ui/react/esm/navigation-menu/item/NavigationMenuItem.js"
│  was ignored.
│
▲  Vite src/modules/listings/components/RecentlyViewedGrid.tsx (1:0):
│  Error when using sourcemap for reporting an error: Can't resolve
│  original location of error.
│
▲  Vite src/modules/listings/components/RecentlyViewedGrid.tsx (1:0):
│  Module level directives cause errors when bundled, "use client" in
│  "src/modules/listings/components/RecentlyViewedGrid.tsx" was ignored.
│
▲  Vite node_modules/@base-ui/react/esm/menu/root/MenuRoot.js (1:0):
│  Module level directives cause errors when bundled, "use client" in
│  "node_modules/@base-ui/react/esm/menu/root/MenuRoot.js" was ignored.
│
▲  Vite node_modules/@base-ui/react/esm/select/icon/SelectIcon.js (1:0):
│  Module level directives cause errors when bundled, "use client" in
│  "node_modules/@base-ui/react/esm/select/icon/SelectIcon.js" was
│  ignored.
│
▲  Vite
│  node_modules/@base-ui/react/esm/navigation-menu/icon/NavigationMenuIcon.js
│  (1:0): Module level directives cause errors when bundled, "use client"
│  in
│  "node_modules/@base-ui/react/esm/navigation-menu/icon/NavigationMenuIcon.js"
│  was ignored.
│
▲  Vite node_modules/@base-ui/react/esm/select/group/SelectGroup.js
│  (1:0): Module level directives cause errors when bundled, "use client"
│  in "node_modules/@base-ui/react/esm/select/group/SelectGroup.js" was
│  ignored.
│
▲  Vite
│  node_modules/@base-ui/react/esm/navigation-menu/portal/NavigationMenuPortal.js
│  (1:0): Module level directives cause errors when bundled, "use client"
│  in
│  "node_modules/@base-ui/react/esm/navigation-menu/portal/NavigationMenuPortal.js"
│  was ignored.
│
▲  Vite node_modules/@base-ui/react/esm/dialog/popup/DialogPopup.js
│  (1:0): Module level directives cause errors when bundled, "use client"
│  in "node_modules/@base-ui/react/esm/dialog/popup/DialogPopup.js" was
│  ignored.
│
▲  Vite src/modules/listings/actions/submitListingInquiry.ts (1:0): Error
│  when using sourcemap for reporting an error: Can't resolve original
│  location of error.
│
▲  Vite src/modules/listings/actions/submitListingInquiry.ts (1:0):
│  Module level directives cause errors when bundled, "use server" in
│  "src/modules/listings/actions/submitListingInquiry.ts" was ignored.
│
▲  Vite src/modules/listings/actions/applyListingTransition.ts (1:0):
│  Error when using sourcemap for reporting an error: Can't resolve
│  original location of error.
│
▲  Vite src/modules/listings/actions/applyListingTransition.ts (1:0):
│  Module level directives cause errors when bundled, "use server" in
│  "src/modules/listings/actions/applyListingTransition.ts" was ignored.
│
▲  Vite node_modules/@base-ui/utils/esm/useOnFirstRender.js (1:0): Module
│  level directives cause errors when bundled, "use client" in
│  "node_modules/@base-ui/utils/esm/useOnFirstRender.js" was ignored.
│
▲  Vite node_modules/@base-ui/react/esm/utils/useOpenInteractionType.js
│  (1:0): Module level directives cause errors when bundled, "use client"
│  in "node_modules/@base-ui/react/esm/utils/useOpenInteractionType.js"
│  was ignored.
│
▲  Vite
│  node_modules/@mantine/core/esm/components/ScrollArea/utils/get-thumb-size.mjs
│  (1:0): Module level directives cause errors when bundled, "use client"
│  in
│  "node_modules/@mantine/core/esm/components/ScrollArea/utils/get-thumb-size.mjs"
│  was ignored.
│
▲  Vite
│  node_modules/@mantine/core/esm/components/ScrollArea/utils/linear-scale.mjs
│  (1:0): Module level directives cause errors when bundled, "use client"
│  in
│  "node_modules/@mantine/core/esm/components/ScrollArea/utils/linear-scale.mjs"
│  was ignored.
│
▲  Vite
│  node_modules/@mantine/core/esm/components/ScrollArea/utils/is-scrolling-within-scrollbar-bounds.mjs
│  (1:0): Module level directives cause errors when bundled, "use client"
│  in
│  "node_modules/@mantine/core/esm/components/ScrollArea/utils/is-scrolling-within-scrollbar-bounds.mjs"
│  was ignored.
│
▲  Vite
│  node_modules/@mantine/core/esm/components/AppShell/AppShellMediaStyles/get-base-size/get-base-size.mjs
│  (1:0): Module level directives cause errors when bundled, "use client"
│  in
│  "node_modules/@mantine/core/esm/components/AppShell/AppShellMediaStyles/get-base-size/get-base-size.mjs"
│  was ignored.
│
▲  Vite
│  node_modules/@mantine/core/esm/components/ScrollArea/ScrollAreaScrollbar/Scrollbar.mjs
│  (1:0): Module level directives cause errors when bundled, "use client"
│  in
│  "node_modules/@mantine/core/esm/components/ScrollArea/ScrollAreaScrollbar/Scrollbar.mjs"
│  was ignored.
│
▲  Vite
│  node_modules/@mantine/core/esm/components/AppShell/AppShellMediaStyles/is-responsive-size/is-responsive-size.mjs
│  (1:0): Module level directives cause errors when bundled, "use client"
│  in
│  "node_modules/@mantine/core/esm/components/AppShell/AppShellMediaStyles/is-responsive-size/is-responsive-size.mjs"
│  was ignored.
│
▲  Vite
│  node_modules/@mantine/core/esm/components/AppShell/AppShellMediaStyles/is-primitive-size/is-primitive-size.mjs
│  (1:0): Module level directives cause errors when bundled, "use client"
│  in
│  "node_modules/@mantine/core/esm/components/AppShell/AppShellMediaStyles/is-primitive-size/is-primitive-size.mjs"
│  was ignored.
│
▲  Vite
│  node_modules/@mantine/core/esm/components/AppShell/AppShellMediaStyles/get-padding-value/get-padding-value.mjs
│  (1:0): Module level directives cause errors when bundled, "use client"
│  in
│  "node_modules/@mantine/core/esm/components/AppShell/AppShellMediaStyles/get-padding-value/get-padding-value.mjs"
│  was ignored.
│
▲  Vite node_modules/@base-ui/utils/esm/useRefWithInit.js (1:0): Module
│  level directives cause errors when bundled, "use client" in
│  "node_modules/@base-ui/utils/esm/useRefWithInit.js" was ignored.
│
▲  Vite node_modules/@base-ui/utils/esm/usePreviousValue.js (1:0): Module
│  level directives cause errors when bundled, "use client" in
│  "node_modules/@base-ui/utils/esm/usePreviousValue.js" was ignored.
│
▲  Vite node_modules/@base-ui/utils/esm/useValueAsRef.js (1:0): Module
│  level directives cause errors when bundled, "use client" in
│  "node_modules/@base-ui/utils/esm/useValueAsRef.js" was ignored.
│
▲  Vite node_modules/@base-ui/utils/esm/useIsoLayoutEffect.js (1:0):
│  Module level directives cause errors when bundled, "use client" in
│  "node_modules/@base-ui/utils/esm/useIsoLayoutEffect.js" was ignored.
│
▲  Vite
│  node_modules/@base-ui/react/esm/internals/field-register-control/useRegisterFieldControl.js
│  (1:0): Module level directives cause errors when bundled, "use client"
│  in
│  "node_modules/@base-ui/react/esm/internals/field-register-control/useRegisterFieldControl.js"
│  was ignored.
│
▲  Vite
│  node_modules/@base-ui/react/esm/internals/labelable-provider/useLabelableId.js
│  (1:0): Module level directives cause errors when bundled, "use client"
│  in
│  "node_modules/@base-ui/react/esm/internals/labelable-provider/useLabelableId.js"
│  was ignored.
│
▲  Vite node_modules/@base-ui/react/esm/internals/useTransitionStatus.js
│  (1:0): Module level directives cause errors when bundled, "use client"
│  in "node_modules/@base-ui/react/esm/internals/useTransitionStatus.js"
│  was ignored.
│
▲  Vite
│  node_modules/@base-ui/react/esm/internals/useOpenChangeComplete.js
│  (1:0): Module level directives cause errors when bundled, "use client"
│  in
│  "node_modules/@base-ui/react/esm/internals/useOpenChangeComplete.js"
│  was ignored.
│
▲  Vite node_modules/@base-ui/react/esm/internals/resolveValueLabel.js
│  (1:0): Module level directives cause errors when bundled, "use client"
│  in "node_modules/@base-ui/react/esm/internals/resolveValueLabel.js"
│  was ignored.
│
▲  Vite node_modules/@base-ui/react/esm/internals/useValueChanged.js
│  (1:0): Module level directives cause errors when bundled, "use client"
│  in "node_modules/@base-ui/react/esm/internals/useValueChanged.js" was
│  ignored.
│
▲  Vite node_modules/@mantine/form/esm/lists/change-error-indices.mjs
│  (1:0): Module level directives cause errors when bundled, "use client"
│  in "node_modules/@mantine/form/esm/lists/change-error-indices.mjs" was
│  ignored.
│
▲  Vite node_modules/@mantine/form/esm/lists/reorder-errors.mjs (1:0):
│  Module level directives cause errors when bundled, "use client" in
│  "node_modules/@mantine/form/esm/lists/reorder-errors.mjs" was ignored.
│
▲  Vite node_modules/@mantine/form/esm/paths/reorder-path.mjs (1:0):
│  Module level directives cause errors when bundled, "use client" in
│  "node_modules/@mantine/form/esm/paths/reorder-path.mjs" was ignored.
│
▲  Vite node_modules/@mantine/form/esm/paths/insert-path.mjs (1:0):
│  Module level directives cause errors when bundled, "use client" in
│  "node_modules/@mantine/form/esm/paths/insert-path.mjs" was ignored.
│
▲  Vite node_modules/@mantine/form/esm/paths/remove-path.mjs (1:0):
│  Module level directives cause errors when bundled, "use client" in
│  "node_modules/@mantine/form/esm/paths/remove-path.mjs" was ignored.
│
▲  Vite node_modules/@mantine/form/esm/paths/replace-path.mjs (1:0):
│  Module level directives cause errors when bundled, "use client" in
│  "node_modules/@mantine/form/esm/paths/replace-path.mjs" was ignored.
│
▲  Vite node_modules/@mantine/form/esm/get-status/get-status.mjs (1:0):
│  Module level directives cause errors when bundled, "use client" in
│  "node_modules/@mantine/form/esm/get-status/get-status.mjs" was
│  ignored.
│
▲  Vite node_modules/@mantine/form/esm/paths/set-path.mjs (1:0): Module
│  level directives cause errors when bundled, "use client" in
│  "node_modules/@mantine/form/esm/paths/set-path.mjs" was ignored.
│
▲  Vite node_modules/@mantine/form/esm/lists/clear-list-state.mjs (1:0):
│  Module level directives cause errors when bundled, "use client" in
│  "node_modules/@mantine/form/esm/lists/clear-list-state.mjs" was
│  ignored.
│
▲  Vite node_modules/@mantine/form/esm/paths/get-splitted-path.mjs (1:0):
│  Module level directives cause errors when bundled, "use client" in
│  "node_modules/@mantine/form/esm/paths/get-splitted-path.mjs" was
│  ignored.
│
▲  Vite node_modules/@base-ui/react/esm/select/root/SelectRootContext.js
│  (1:0): Module level directives cause errors when bundled, "use client"
│  in "node_modules/@base-ui/react/esm/select/root/SelectRootContext.js"
│  was ignored.
│
▲  Vite
│  node_modules/@base-ui/react/esm/menu/submenu-root/MenuSubmenuRootContext.js
│  (1:0): Module level directives cause errors when bundled, "use client"
│  in
│  "node_modules/@base-ui/react/esm/menu/submenu-root/MenuSubmenuRootContext.js"
│  was ignored.
│
▲  Vite node_modules/@base-ui/utils/esm/useControlled.js (1:0): Module
│  level directives cause errors when bundled, "use client" in
│  "node_modules/@base-ui/utils/esm/useControlled.js" was ignored.
│
▲  Vite
│  node_modules/@base-ui/react/esm/internals/field-root-context/FieldRootContext.js
│  (1:0): Module level directives cause errors when bundled, "use client"
│  in
│  "node_modules/@base-ui/react/esm/internals/field-root-context/FieldRootContext.js"
│  was ignored.
│
▲  Vite node_modules/@base-ui/utils/esm/useStableCallback.js (1:0):
│  Module level directives cause errors when bundled, "use client" in
│  "node_modules/@base-ui/utils/esm/useStableCallback.js" was ignored.
│
▲  Vite src/modules/currency/hooks/useCurrencies.ts (1:0): Error when
│  using sourcemap for reporting an error: Can't resolve original
│  location of error.
│
▲  Vite src/modules/currency/hooks/useCurrencies.ts (1:0): Module level
│  directives cause errors when bundled, "use client" in
│  "src/modules/currency/hooks/useCurrencies.ts" was ignored.
│
▲  Vite
│  node_modules/@base-ui/react/esm/popover/root/PopoverRootContext.js
│  (1:0): Module level directives cause errors when bundled, "use client"
│  in
│  "node_modules/@base-ui/react/esm/popover/root/PopoverRootContext.js"
│  was ignored.
│
▲  Vite node_modules/@base-ui/react/esm/menu/root/MenuRootContext.js
│  (1:0): Module level directives cause errors when bundled, "use client"
│  in "node_modules/@base-ui/react/esm/menu/root/MenuRootContext.js" was
│  ignored.
│
▲  Vite
│  node_modules/@base-ui/react/esm/internals/form-context/FormContext.js
│  (1:0): Module level directives cause errors when bundled, "use client"
│  in
│  "node_modules/@base-ui/react/esm/internals/form-context/FormContext.js"
│  was ignored.
│
▲  Vite node_modules/@base-ui/react/esm/internals/useBaseUiId.js (1:0):
│  Module level directives cause errors when bundled, "use client" in
│  "node_modules/@base-ui/react/esm/internals/useBaseUiId.js" was
│  ignored.
│
▲  Vite node_modules/@base-ui/utils/esm/useId.js (1:0): Module level
│  directives cause errors when bundled, "use client" in
│  "node_modules/@base-ui/utils/esm/useId.js" was ignored.
│
▲  Vite
│  node_modules/@base-ui/react/esm/internals/composite/item/useCompositeItem.js
│  (1:0): Module level directives cause errors when bundled, "use client"
│  in
│  "node_modules/@base-ui/react/esm/internals/composite/item/useCompositeItem.js"
│  was ignored.
│
▲  Vite
│  node_modules/@base-ui/react/esm/internals/composite/list/useCompositeListItem.js
│  (1:0): Module level directives cause errors when bundled, "use client"
│  in
│  "node_modules/@base-ui/react/esm/internals/composite/list/useCompositeListItem.js"
│  was ignored.
│
▲  Vite
│  node_modules/@base-ui/react/esm/internals/composite/item/CompositeItem.js
│  (1:0): Module level directives cause errors when bundled, "use client"
│  in
│  "node_modules/@base-ui/react/esm/internals/composite/item/CompositeItem.js"
│  was ignored.
│
▲  Vite
│  node_modules/@base-ui/react/esm/utils/popups/useTriggerFocusGuards.js
│  (1:0): Module level directives cause errors when bundled, "use client"
│  in
│  "node_modules/@base-ui/react/esm/utils/popups/useTriggerFocusGuards.js"
│  was ignored.
│
▲  Vite
│  node_modules/@base-ui/react/esm/utils/useMixedToggleClickHandler.js
│  (1:0): Module level directives cause errors when bundled, "use client"
│  in
│  "node_modules/@base-ui/react/esm/utils/useMixedToggleClickHandler.js"
│  was ignored.
│
▲  Vite node_modules/@base-ui/utils/esm/useTimeout.js (1:0): Module level
│  directives cause errors when bundled, "use client" in
│  "node_modules/@base-ui/utils/esm/useTimeout.js" was ignored.
│
▲  Vite node_modules/@base-ui/react/esm/dialog/root/useDialogRoot.js
│  (1:0): Module level directives cause errors when bundled, "use client"
│  in "node_modules/@base-ui/react/esm/dialog/root/useDialogRoot.js" was
│  ignored.
│
▲  Vite node_modules/@base-ui/react/esm/utils/usePopupViewport.js (1:0):
│  Module level directives cause errors when bundled, "use client" in
│  "node_modules/@base-ui/react/esm/utils/usePopupViewport.js" was
│  ignored.
│
▲  Vite
│  node_modules/@base-ui/react/esm/internals/composite/root/CompositeRoot.js
│  (1:0): Module level directives cause errors when bundled, "use client"
│  in
│  "node_modules/@base-ui/react/esm/internals/composite/root/CompositeRoot.js"
│  was ignored.
│
▲  Vite node_modules/@base-ui/react/esm/menu/item/useMenuItem.js (1:0):
│  Module level directives cause errors when bundled, "use client" in
│  "node_modules/@base-ui/react/esm/menu/item/useMenuItem.js" was
│  ignored.
│
▲  Vite
│  node_modules/@base-ui/react/esm/internals/composite/list/CompositeList.js
│  (2:0): Module level directives cause errors when bundled, "use client"
│  in
│  "node_modules/@base-ui/react/esm/internals/composite/list/CompositeList.js"
│  was ignored.
│
▲  Vite
│  node_modules/@base-ui/react/esm/internals/useAnimationsFinished.js
│  (1:0): Module level directives cause errors when bundled, "use client"
│  in
│  "node_modules/@base-ui/react/esm/internals/useAnimationsFinished.js"
│  was ignored.
│
▲  Vite node_modules/@base-ui/react/esm/utils/useAnchorPositioning.js
│  (1:0): Module level directives cause errors when bundled, "use client"
│  in "node_modules/@base-ui/react/esm/utils/useAnchorPositioning.js" was
│  ignored.
│
▲  Vite node_modules/@base-ui/react/esm/utils/usePositioner.js (1:0):
│  Module level directives cause errors when bundled, "use client" in
│  "node_modules/@base-ui/react/esm/utils/usePositioner.js" was ignored.
│
▲  Vite
│  node_modules/@base-ui/react/esm/utils/useAnchoredPopupScrollLock.js
│  (1:0): Module level directives cause errors when bundled, "use client"
│  in
│  "node_modules/@base-ui/react/esm/utils/useAnchoredPopupScrollLock.js"
│  was ignored.
│
▲  Vite
│  node_modules/@base-ui/react/esm/checkbox/utils/useStateAttributesMapping.js
│  (1:0): Module level directives cause errors when bundled, "use client"
│  in
│  "node_modules/@base-ui/react/esm/checkbox/utils/useStateAttributesMapping.js"
│  was ignored.
│
▲  Vite
│  node_modules/@base-ui/react/esm/floating-ui-react/hooks/useHoverInteractionSharedState.js
│  (1:0): Module level directives cause errors when bundled, "use client"
│  in
│  "node_modules/@base-ui/react/esm/floating-ui-react/hooks/useHoverInteractionSharedState.js"
│  was ignored.
│
▲  Vite node_modules/@base-ui/react/esm/utils/resolveAriaLabelledBy.js
│  (1:0): Module level directives cause errors when bundled, "use client"
│  in "node_modules/@base-ui/react/esm/utils/resolveAriaLabelledBy.js"
│  was ignored.
│
▲  Vite
│  node_modules/@base-ui/react/esm/internals/labelable-provider/useLabel.js
│  (1:0): Module level directives cause errors when bundled, "use client"
│  in
│  "node_modules/@base-ui/react/esm/internals/labelable-provider/useLabel.js"
│  was ignored.
│
▲  Vite node_modules/@base-ui/utils/esm/useForcedRerendering.js (1:0):
│  Module level directives cause errors when bundled, "use client" in
│  "node_modules/@base-ui/utils/esm/useForcedRerendering.js" was ignored.
│
▲  Vite
│  node_modules/@base-ui/react/esm/menu/item/useMenuItemCommonProps.js
│  (1:0): Module level directives cause errors when bundled, "use client"
│  in
│  "node_modules/@base-ui/react/esm/menu/item/useMenuItemCommonProps.js"
│  was ignored.
│
▲  Vite
│  node_modules/@base-ui/react/esm/internals/labelable-provider/useAriaLabelledBy.js
│  (1:0): Module level directives cause errors when bundled, "use client"
│  in
│  "node_modules/@base-ui/react/esm/internals/labelable-provider/useAriaLabelledBy.js"
│  was ignored.
│
▲  Vite node_modules/@base-ui/react/esm/utils/useFocusableWhenDisabled.js
│  (1:0): Module level directives cause errors when bundled, "use client"
│  in "node_modules/@base-ui/react/esm/utils/useFocusableWhenDisabled.js"
│  was ignored.
│
▲  Vite
│  node_modules/@base-ui/react/esm/floating-ui-react/components/FloatingFocusManager.js
│  (1:0): Module level directives cause errors when bundled, "use client"
│  in
│  "node_modules/@base-ui/react/esm/floating-ui-react/components/FloatingFocusManager.js"
│  was ignored.
│
▲  Vite
│  node_modules/@base-ui/react/esm/floating-ui-react/hooks/useClick.js
│  (1:0): Module level directives cause errors when bundled, "use client"
│  in
│  "node_modules/@base-ui/react/esm/floating-ui-react/hooks/useClick.js"
│  was ignored.
│
▲  Vite
│  node_modules/@base-ui/react/esm/floating-ui-react/hooks/useClientPoint.js
│  (1:0): Module level directives cause errors when bundled, "use client"
│  in
│  "node_modules/@base-ui/react/esm/floating-ui-react/hooks/useClientPoint.js"
│  was ignored.
│
▲  Vite
│  node_modules/@base-ui/react/esm/floating-ui-react/hooks/useDismiss.js
│  (1:0): Module level directives cause errors when bundled, "use client"
│  in
│  "node_modules/@base-ui/react/esm/floating-ui-react/hooks/useDismiss.js"
│  was ignored.
│
▲  Vite
│  node_modules/@base-ui/react/esm/floating-ui-react/hooks/useFloating.js
│  (1:0): Module level directives cause errors when bundled, "use client"
│  in
│  "node_modules/@base-ui/react/esm/floating-ui-react/hooks/useFloating.js"
│  was ignored.
│
▲  Vite
│  node_modules/@base-ui/react/esm/floating-ui-react/hooks/useSyncedFloatingRootContext.js
│  (1:0): Module level directives cause errors when bundled, "use client"
│  in
│  "node_modules/@base-ui/react/esm/floating-ui-react/hooks/useSyncedFloatingRootContext.js"
│  was ignored.
│
▲  Vite
│  node_modules/@base-ui/react/esm/floating-ui-react/hooks/useHoverFloatingInteraction.js
│  (1:0): Module level directives cause errors when bundled, "use client"
│  in
│  "node_modules/@base-ui/react/esm/floating-ui-react/hooks/useHoverFloatingInteraction.js"
│  was ignored.
│
▲  Vite
│  node_modules/@base-ui/react/esm/floating-ui-react/hooks/useHover.js
│  (1:0): Module level directives cause errors when bundled, "use client"
│  in
│  "node_modules/@base-ui/react/esm/floating-ui-react/hooks/useHover.js"
│  was ignored.
│
▲  Vite
│  node_modules/@base-ui/react/esm/floating-ui-react/hooks/useFocus.js
│  (1:0): Module level directives cause errors when bundled, "use client"
│  in
│  "node_modules/@base-ui/react/esm/floating-ui-react/hooks/useFocus.js"
│  was ignored.
│
▲  Vite
│  node_modules/@base-ui/react/esm/floating-ui-react/hooks/useHoverReferenceInteraction.js
│  (1:0): Module level directives cause errors when bundled, "use client"
│  in
│  "node_modules/@base-ui/react/esm/floating-ui-react/hooks/useHoverReferenceInteraction.js"
│  was ignored.
│
▲  Vite node_modules/@base-ui/utils/esm/useOnMount.js (1:0): Module level
│  directives cause errors when bundled, "use client" in
│  "node_modules/@base-ui/utils/esm/useOnMount.js" was ignored.
│
▲  Vite
│  node_modules/@base-ui/react/esm/floating-ui-react/hooks/useTypeahead.js
│  (1:0): Module level directives cause errors when bundled, "use client"
│  in
│  "node_modules/@base-ui/react/esm/floating-ui-react/hooks/useTypeahead.js"
│  was ignored.
│
▲  Vite node_modules/@base-ui/react/esm/utils/popups/popupStoreUtils.js
│  (1:0): Module level directives cause errors when bundled, "use client"
│  in "node_modules/@base-ui/react/esm/utils/popups/popupStoreUtils.js"
│  was ignored.
│
▲  Vite node_modules/@base-ui/utils/esm/useEnhancedClickHandler.js (1:0):
│  Module level directives cause errors when bundled, "use client" in
│  "node_modules/@base-ui/utils/esm/useEnhancedClickHandler.js" was
│  ignored.
│
▲  Vite node_modules/@base-ui/utils/esm/store/StoreInspector.js (1:0):
│  Module level directives cause errors when bundled, "use client" in
│  "node_modules/@base-ui/utils/esm/store/StoreInspector.js" was ignored.
│
▲  Vite
│  node_modules/@base-ui/react/esm/internals/direction-context/DirectionContext.js
│  (1:0): Module level directives cause errors when bundled, "use client"
│  in
│  "node_modules/@base-ui/react/esm/internals/direction-context/DirectionContext.js"
│  was ignored.
│
▲  Vite node_modules/@base-ui/react/esm/select/item/SelectItemContext.js
│  (1:0): Module level directives cause errors when bundled, "use client"
│  in "node_modules/@base-ui/react/esm/select/item/SelectItemContext.js"
│  was ignored.
│
▲  Vite
│  node_modules/@base-ui/react/esm/select/positioner/SelectPositionerContext.js
│  (1:0): Module level directives cause errors when bundled, "use client"
│  in
│  "node_modules/@base-ui/react/esm/select/positioner/SelectPositionerContext.js"
│  was ignored.
│
▲  Vite
│  node_modules/@base-ui/react/esm/navigation-menu/portal/NavigationMenuPortalContext.js
│  (1:0): Module level directives cause errors when bundled, "use client"
│  in
│  "node_modules/@base-ui/react/esm/navigation-menu/portal/NavigationMenuPortalContext.js"
│  was ignored.
│
▲  Vite node_modules/@base-ui/react/esm/tabs/list/TabsListContext.js
│  (1:0): Module level directives cause errors when bundled, "use client"
│  in "node_modules/@base-ui/react/esm/tabs/list/TabsListContext.js" was
│  ignored.
│
▲  Vite
│  node_modules/@base-ui/react/esm/navigation-menu/positioner/NavigationMenuPositionerContext.js
│  (1:0): Module level directives cause errors when bundled, "use client"
│  in
│  "node_modules/@base-ui/react/esm/navigation-menu/positioner/NavigationMenuPositionerContext.js"
│  was ignored.
│
▲  Vite
│  node_modules/@base-ui/react/esm/menu/radio-item/MenuRadioItemContext.js
│  (1:0): Module level directives cause errors when bundled, "use client"
│  in
│  "node_modules/@base-ui/react/esm/menu/radio-item/MenuRadioItemContext.js"
│  was ignored.
│
▲  Vite
│  node_modules/@base-ui/react/esm/popover/portal/PopoverPortalContext.js
│  (1:0): Module level directives cause errors when bundled, "use client"
│  in
│  "node_modules/@base-ui/react/esm/popover/portal/PopoverPortalContext.js"
│  was ignored.
│
▲  Vite node_modules/@base-ui/react/esm/utils/FocusGuard.js (1:0): Module
│  level directives cause errors when bundled, "use client" in
│  "node_modules/@base-ui/react/esm/utils/FocusGuard.js" was ignored.
│
▲  Vite
│  node_modules/@base-ui/react/esm/navigation-menu/item/NavigationMenuItemContext.js
│  (1:0): Module level directives cause errors when bundled, "use client"
│  in
│  "node_modules/@base-ui/react/esm/navigation-menu/item/NavigationMenuItemContext.js"
│  was ignored.
│
▲  Vite
│  node_modules/@base-ui/react/esm/select/portal/SelectPortalContext.js
│  (1:0): Module level directives cause errors when bundled, "use client"
│  in
│  "node_modules/@base-ui/react/esm/select/portal/SelectPortalContext.js"
│  was ignored.
│
▲  Vite
│  node_modules/@base-ui/react/esm/dialog/portal/DialogPortalContext.js
│  (1:0): Module level directives cause errors when bundled, "use client"
│  in
│  "node_modules/@base-ui/react/esm/dialog/portal/DialogPortalContext.js"
│  was ignored.
│
▲  Vite
│  node_modules/@base-ui/react/esm/checkbox-group/CheckboxGroupContext.js
│  (1:0): Module level directives cause errors when bundled, "use client"
│  in
│  "node_modules/@base-ui/react/esm/checkbox-group/CheckboxGroupContext.js"
│  was ignored.
│
▲  Vite node_modules/@base-ui/react/esm/menu/portal/MenuPortalContext.js
│  (1:0): Module level directives cause errors when bundled, "use client"
│  in "node_modules/@base-ui/react/esm/menu/portal/MenuPortalContext.js"
│  was ignored.
│
▲  Vite
│  node_modules/@base-ui/react/esm/select/scroll-arrow/SelectScrollArrow.js
│  (1:0): Module level directives cause errors when bundled, "use client"
│  in
│  "node_modules/@base-ui/react/esm/select/scroll-arrow/SelectScrollArrow.js"
│  was ignored.
│
▲  Vite node_modules/@base-ui/react/esm/utils/closePart.js (1:0): Module
│  level directives cause errors when bundled, "use client" in
│  "node_modules/@base-ui/react/esm/utils/closePart.js" was ignored.
│
▲  Vite
│  node_modules/@base-ui/react/esm/internals/composite/root/CompositeRootContext.js
│  (1:0): Module level directives cause errors when bundled, "use client"
│  in
│  "node_modules/@base-ui/react/esm/internals/composite/root/CompositeRootContext.js"
│  was ignored.
│
▲  Vite
│  node_modules/@base-ui/react/esm/menu/radio-group/MenuRadioGroupContext.js
│  (1:0): Module level directives cause errors when bundled, "use client"
│  in
│  "node_modules/@base-ui/react/esm/menu/radio-group/MenuRadioGroupContext.js"
│  was ignored.
│
▲  Vite node_modules/@base-ui/react/esm/field/item/FieldItemContext.js
│  (1:0): Module level directives cause errors when bundled, "use client"
│  in "node_modules/@base-ui/react/esm/field/item/FieldItemContext.js"
│  was ignored.
│
▲  Vite
│  node_modules/@base-ui/react/esm/navigation-menu/root/NavigationMenuRootContext.js
│  (1:0): Module level directives cause errors when bundled, "use client"
│  in
│  "node_modules/@base-ui/react/esm/navigation-menu/root/NavigationMenuRootContext.js"
│  was ignored.
│
▲  Vite
│  node_modules/@base-ui/react/esm/checkbox/root/CheckboxRootContext.js
│  (1:0): Module level directives cause errors when bundled, "use client"
│  in
│  "node_modules/@base-ui/react/esm/checkbox/root/CheckboxRootContext.js"
│  was ignored.
│
▲  Vite
│  node_modules/@base-ui/react/esm/menu/checkbox-item/MenuCheckboxItemContext.js
│  (1:0): Module level directives cause errors when bundled, "use client"
│  in
│  "node_modules/@base-ui/react/esm/menu/checkbox-item/MenuCheckboxItemContext.js"
│  was ignored.
│
▲  Vite
│  node_modules/@base-ui/react/esm/context-menu/root/ContextMenuRootContext.js
│  (1:0): Module level directives cause errors when bundled, "use client"
│  in
│  "node_modules/@base-ui/react/esm/context-menu/root/ContextMenuRootContext.js"
│  was ignored.
│
▲  Vite node_modules/@base-ui/react/esm/csp-provider/CSPContext.js (1:0):
│  Module level directives cause errors when bundled, "use client" in
│  "node_modules/@base-ui/react/esm/csp-provider/CSPContext.js" was
│  ignored.
│
▲  Vite node_modules/@base-ui/react/esm/menubar/MenubarContext.js (1:0):
│  Module level directives cause errors when bundled, "use client" in
│  "node_modules/@base-ui/react/esm/menubar/MenubarContext.js" was
│  ignored.
│
▲  Vite
│  node_modules/@base-ui/react/esm/toolbar/root/ToolbarRootContext.js
│  (1:0): Module level directives cause errors when bundled, "use client"
│  in
│  "node_modules/@base-ui/react/esm/toolbar/root/ToolbarRootContext.js"
│  was ignored.
│
▲  Vite
│  node_modules/@base-ui/react/esm/internals/labelable-provider/LabelableContext.js
│  (1:0): Module level directives cause errors when bundled, "use client"
│  in
│  "node_modules/@base-ui/react/esm/internals/labelable-provider/LabelableContext.js"
│  was ignored.
│
▲  Vite node_modules/@base-ui/react/esm/dialog/root/DialogRootContext.js
│  (1:0): Module level directives cause errors when bundled, "use client"
│  in "node_modules/@base-ui/react/esm/dialog/root/DialogRootContext.js"
│  was ignored.
│
▲  Vite
│  node_modules/@base-ui/react/esm/menu/positioner/MenuPositionerContext.js
│  (1:0): Module level directives cause errors when bundled, "use client"
│  in
│  "node_modules/@base-ui/react/esm/menu/positioner/MenuPositionerContext.js"
│  was ignored.
│
▲  Vite node_modules/@base-ui/react/esm/tabs/root/TabsRootContext.js
│  (1:0): Module level directives cause errors when bundled, "use client"
│  in "node_modules/@base-ui/react/esm/tabs/root/TabsRootContext.js" was
│  ignored.
│
▲  Vite
│  node_modules/@base-ui/react/esm/popover/positioner/PopoverPositionerContext.js
│  (1:0): Module level directives cause errors when bundled, "use client"
│  in
│  "node_modules/@base-ui/react/esm/popover/positioner/PopoverPositionerContext.js"
│  was ignored.
│
▲  Vite node_modules/@base-ui/react/esm/menu/group/MenuGroupContext.js
│  (1:0): Module level directives cause errors when bundled, "use client"
│  in "node_modules/@base-ui/react/esm/menu/group/MenuGroupContext.js"
│  was ignored.
│
▲  Vite node_modules/@base-ui/utils/esm/useAnimationFrame.js (1:0):
│  Module level directives cause errors when bundled, "use client" in
│  "node_modules/@base-ui/utils/esm/useAnimationFrame.js" was ignored.
│
▲  Vite
│  node_modules/@base-ui/react/esm/navigation-menu/list/NavigationMenuDismissContext.js
│  (1:0): Module level directives cause errors when bundled, "use client"
│  in
│  "node_modules/@base-ui/react/esm/navigation-menu/list/NavigationMenuDismissContext.js"
│  was ignored.
│
▲  Vite
│  node_modules/@base-ui/react/esm/select/group/SelectGroupContext.js
│  (1:0): Module level directives cause errors when bundled, "use client"
│  in
│  "node_modules/@base-ui/react/esm/select/group/SelectGroupContext.js"
│  was ignored.
│
▲  Vite
│  node_modules/@base-ui/react/esm/floating-ui-react/hooks/useFloatingRootContext.js
│  (1:0): Module level directives cause errors when bundled, "use client"
│  in
│  "node_modules/@base-ui/react/esm/floating-ui-react/hooks/useFloatingRootContext.js"
│  was ignored.
│
▲  Vite node_modules/@base-ui/react/esm/switch/root/SwitchRoot.js (1:0):
│  Module level directives cause errors when bundled, "use client" in
│  "node_modules/@base-ui/react/esm/switch/root/SwitchRoot.js" was
│  ignored.
│
▲  Vite
│  node_modules/@base-ui/react/esm/floating-ui-react/components/FloatingTree.js
│  (1:0): Module level directives cause errors when bundled, "use client"
│  in
│  "node_modules/@base-ui/react/esm/floating-ui-react/components/FloatingTree.js"
│  was ignored.
│
▲  Vite
│  node_modules/@base-ui/react/esm/floating-ui-react/components/FloatingDelayGroup.js
│  (1:0): Module level directives cause errors when bundled, "use client"
│  in
│  "node_modules/@base-ui/react/esm/floating-ui-react/components/FloatingDelayGroup.js"
│  was ignored.
│
▲  Vite node_modules/@base-ui/utils/esm/store/ReactStore.js (1:0): Module
│  level directives cause errors when bundled, "use client" in
│  "node_modules/@base-ui/utils/esm/store/ReactStore.js" was ignored.
│
▲  Vite node_modules/@base-ui/react/esm/switch/thumb/SwitchThumb.js
│  (1:0): Module level directives cause errors when bundled, "use client"
│  in "node_modules/@base-ui/react/esm/switch/thumb/SwitchThumb.js" was
│  ignored.
│
▲  Vite
│  node_modules/@base-ui/react/esm/floating-ui-react/hooks/useListNavigation.js
│  (1:0): Module level directives cause errors when bundled, "use client"
│  in
│  "node_modules/@base-ui/react/esm/floating-ui-react/hooks/useListNavigation.js"
│  was ignored.
│
▲  Vite
│  node_modules/@base-ui/react/esm/floating-ui-react/components/FloatingPortal.js
│  (1:0): Module level directives cause errors when bundled, "use client"
│  in
│  "node_modules/@base-ui/react/esm/floating-ui-react/components/FloatingPortal.js"
│  was ignored.
│
▲  Vite src/modules/listings/components/form/AreaPairField.tsx (1:0):
│  Error when using sourcemap for reporting an error: Can't resolve
│  original location of error.
│
▲  Vite src/modules/listings/components/form/AreaPairField.tsx (1:0):
│  Module level directives cause errors when bundled, "use client" in
│  "src/modules/listings/components/form/AreaPairField.tsx" was ignored.
│
▲  Vite src/modules/listings/components/form/YearComboboxField.tsx (1:0):
│  Error when using sourcemap for reporting an error: Can't resolve
│  original location of error.
│
▲  Vite src/modules/listings/components/form/YearComboboxField.tsx (1:0):
│  Module level directives cause errors when bundled, "use client" in
│  "src/modules/listings/components/form/YearComboboxField.tsx" was
│  ignored.
│
▲  Vite src/modules/listings/components/form/BuildingFloorsField.tsx
│  (1:0): Error when using sourcemap for reporting an error: Can't
│  resolve original location of error.
│
▲  Vite src/modules/listings/components/form/BuildingFloorsField.tsx
│  (1:0): Module level directives cause errors when bundled, "use client"
│  in "src/modules/listings/components/form/BuildingFloorsField.tsx" was
│  ignored.
│
▲  Vite src/modules/listings/components/form/RoomsSelectorField.tsx
│  (1:0): Error when using sourcemap for reporting an error: Can't
│  resolve original location of error.
│
▲  Vite src/modules/listings/components/form/RoomsSelectorField.tsx
│  (1:0): Module level directives cause errors when bundled, "use client"
│  in "src/modules/listings/components/form/RoomsSelectorField.tsx" was
│  ignored.
│
▲  Vite node_modules/@base-ui/utils/esm/useScrollLock.js (1:0): Module
│  level directives cause errors when bundled, "use client" in
│  "node_modules/@base-ui/utils/esm/useScrollLock.js" was ignored.
│
▲  Vite node_modules/@base-ui/react/esm/utils/usePopupAutoResize.js
│  (1:0): Module level directives cause errors when bundled, "use client"
│  in "node_modules/@base-ui/react/esm/utils/usePopupAutoResize.js" was
│  ignored.
│
▲  Vite
│  node_modules/@base-ui/react/esm/internals/composite/root/useCompositeRoot.js
│  (1:0): Module level directives cause errors when bundled, "use client"
│  in
│  "node_modules/@base-ui/react/esm/internals/composite/root/useCompositeRoot.js"
│  was ignored.
│
▲  Vite node_modules/@base-ui/react/esm/utils/useRegisteredLabelId.js
│  (1:0): Module level directives cause errors when bundled, "use client"
│  in "node_modules/@base-ui/react/esm/utils/useRegisteredLabelId.js" was
│  ignored.
│
▲  Vite node_modules/@base-ui/react/esm/field/label/FieldLabel.js (1:0):
│  Module level directives cause errors when bundled, "use client" in
│  "node_modules/@base-ui/react/esm/field/label/FieldLabel.js" was
│  ignored.
│
▲  Vite node_modules/@base-ui/react/esm/field/error/FieldError.js (1:0):
│  Module level directives cause errors when bundled, "use client" in
│  "node_modules/@base-ui/react/esm/field/error/FieldError.js" was
│  ignored.
│
▲  Vite
│  node_modules/@base-ui/react/esm/field/description/FieldDescription.js
│  (1:0): Module level directives cause errors when bundled, "use client"
│  in
│  "node_modules/@base-ui/react/esm/field/description/FieldDescription.js"
│  was ignored.
│
▲  Vite node_modules/@base-ui/react/esm/field/validity/FieldValidity.js
│  (1:0): Module level directives cause errors when bundled, "use client"
│  in "node_modules/@base-ui/react/esm/field/validity/FieldValidity.js"
│  was ignored.
│
▲  Vite node_modules/@base-ui/react/esm/field/item/FieldItem.js (1:0):
│  Module level directives cause errors when bundled, "use client" in
│  "node_modules/@base-ui/react/esm/field/item/FieldItem.js" was ignored.
│
▲  Vite node_modules/@base-ui/react/esm/field/root/FieldRoot.js (1:0):
│  Module level directives cause errors when bundled, "use client" in
│  "node_modules/@base-ui/react/esm/field/root/FieldRoot.js" was ignored.
│
▲  Vite src/modules/listings/components/form/ButtonGroupField.tsx (1:0):
│  Error when using sourcemap for reporting an error: Can't resolve
│  original location of error.
│
▲  Vite src/modules/listings/components/form/ButtonGroupField.tsx (1:0):
│  Module level directives cause errors when bundled, "use client" in
│  "src/modules/listings/components/form/ButtonGroupField.tsx" was
│  ignored.
│
▲  Vite src/modules/listings/components/form/EnumSelectorField.tsx (1:0):
│  Error when using sourcemap for reporting an error: Can't resolve
│  original location of error.
│
▲  Vite src/modules/listings/components/form/EnumSelectorField.tsx (1:0):
│  Module level directives cause errors when bundled, "use client" in
│  "src/modules/listings/components/form/EnumSelectorField.tsx" was
│  ignored.
│
▲  Vite
│  node_modules/@base-ui/react/esm/internals/composite/list/CompositeListContext.js
│  (1:0): Module level directives cause errors when bundled, "use client"
│  in
│  "node_modules/@base-ui/react/esm/internals/composite/list/CompositeListContext.js"
│  was ignored.
│
▲  Vite node_modules/@base-ui/react/esm/field/control/FieldControl.js
│  (1:0): Module level directives cause errors when bundled, "use client"
│  in "node_modules/@base-ui/react/esm/field/control/FieldControl.js" was
│  ignored.
│
▲  Vite src/modules/listings/components/form/MultiToggleField.tsx (1:0):
│  Error when using sourcemap for reporting an error: Can't resolve
│  original location of error.
│
▲  Vite src/modules/listings/components/form/MultiToggleField.tsx (1:0):
│  Module level directives cause errors when bundled, "use client" in
│  "src/modules/listings/components/form/MultiToggleField.tsx" was
│  ignored.
│
▲  Vite src/modules/listings/components/form/FloorGroupField.tsx (1:0):
│  Error when using sourcemap for reporting an error: Can't resolve
│  original location of error.
│
▲  Vite src/modules/listings/components/form/FloorGroupField.tsx (1:0):
│  Module level directives cause errors when bundled, "use client" in
│  "src/modules/listings/components/form/FloorGroupField.tsx" was
│  ignored.
│
▲  Vite node_modules/@base-ui/react/esm/field/root/useFieldValidation.js
│  (1:0): Module level directives cause errors when bundled, "use client"
│  in "node_modules/@base-ui/react/esm/field/root/useFieldValidation.js"
│  was ignored.
│
▲  Vite
│  node_modules/@base-ui/react/esm/internals/field-register-control/useFieldControlRegistration.js
│  (1:0): Module level directives cause errors when bundled, "use client"
│  in
│  "node_modules/@base-ui/react/esm/internals/field-register-control/useFieldControlRegistration.js"
│  was ignored.
│
▲  Vite node_modules/@base-ui/react/esm/switch/root/SwitchRootContext.js
│  (1:0): Module level directives cause errors when bundled, "use client"
│  in "node_modules/@base-ui/react/esm/switch/root/SwitchRootContext.js"
│  was ignored.
│
▲  Vite
│  node_modules/@base-ui/react/esm/fieldset/root/FieldsetRootContext.js
│  (1:0): Module level directives cause errors when bundled, "use client"
│  in
│  "node_modules/@base-ui/react/esm/fieldset/root/FieldsetRootContext.js"
│  was ignored.
│
▲  Vite
│  node_modules/@base-ui/react/esm/direction-provider/DirectionProvider.js
│  (1:0): Module level directives cause errors when bundled, "use client"
│  in
│  "node_modules/@base-ui/react/esm/direction-provider/DirectionProvider.js"
│  was ignored.
│
▲  Vite
│  node_modules/@base-ui/react/esm/internals/labelable-provider/LabelableProvider.js
│  (1:0): Module level directives cause errors when bundled, "use client"
│  in
│  "node_modules/@base-ui/react/esm/internals/labelable-provider/LabelableProvider.js"
│  was ignored.
│  Vite ✓ 5843 modules transformed.
│  Vite rendering chunks...
│
▲  Vite [plugin vite:reporter]
│  (!)
│  C:/Claude_Code_Projects/lero-al/src/modules/listings/lib/savedSearchCanonicalize.ts
│  is dynamically imported by
│  C:/Claude_Code_Projects/lero-al/src/modules/cabinet/actions/index.ts
│  but also statically imported by
│  C:/Claude_Code_Projects/lero-al/src/modules/listings/components/SaveSearchButton.tsx,
│  dynamic import will not move module into another chunk.

│  Vite computing gzip size...
│  Vite storybook-static/iframe.html
│  23.38 kB │ gzip:   7.10 kB
│  Vite storybook-static/assets/GalleryNavActionIcon-B07QXa8i.css
│  0.09 kB │ gzip:   0.10 kB
│  Vite storybook-static/assets/ListingsPageFrame-6S9-DLYz.css
│  0.11 kB │ gzip:   0.12 kB
│  Vite storybook-static/assets/AdminUserAvatar-DJbjPlRL.css
│  0.19 kB │ gzip:   0.14 kB
│  Vite storybook-static/assets/MantineListingGalleryPattern-DCC6jIhV.css
│  0.22 kB │ gzip:   0.16 kB
│  Vite storybook-static/assets/SaveToCollectionButton-14Jsqep9.css
│  0.23 kB │ gzip:   0.17 kB
│  Vite storybook-static/assets/MantineHomeSection-Dt05W_zo.css
│  0.30 kB │ gzip:   0.18 kB
│  Vite storybook-static/assets/ListingFormShellView-ubN6PSL8.css
│  0.40 kB │ gzip:   0.18 kB
│  Vite storybook-static/assets/ListingGallery-C4AbFgTm.css
│  0.73 kB │ gzip:   0.23 kB
│  Vite storybook-static/assets/MantineCopyIdButton-N1CaIJgQ.css
│  0.77 kB │ gzip:   0.42 kB
│  Vite storybook-static/assets/HomepageListingGrids-Dxhbg-Jj.css
│  0.77 kB │ gzip:   0.30 kB
│  Vite storybook-static/assets/FavoriteButton-DYlzBDpI.css
│  0.78 kB │ gzip:   0.28 kB
│  Vite storybook-static/assets/LightboxView-gJQqLmHP.css
│  0.90 kB │ gzip:   0.44 kB
│  Vite storybook-static/assets/ListingCard-D6r2r5WD.css
│  1.08 kB │ gzip:   0.43 kB
│  Vite storybook-static/assets/AppImage-CeLpzYgb.css
│  1.11 kB │ gzip:   0.53 kB
│  Vite storybook-static/assets/HeroSearch-DdrAV8DL.css
│  1.11 kB │ gzip:   0.37 kB
│  Vite storybook-static/assets/PopularLocationsView-BtGjotlm.css
│  1.79 kB │ gzip:   0.50 kB
│  Vite storybook-static/assets/ListingCard-BsCj8UXA.css
│  1.80 kB │ gzip:   0.63 kB
│  Vite storybook-static/assets/FooterView-C0dJ_4bq.css
│  1.93 kB │ gzip:   0.56 kB
│  Vite storybook-static/assets/MantineListingDetailPattern-Bpw0R37t.css
│  5.11 kB │ gzip:   1.31 kB
│  Vite storybook-static/assets/iframe-DPl-iYz0.css
│  349.36 kB │ gzip:  51.95 kB
│  Vite storybook-static/assets/create-event-handler-C3eq9ghx.js
│  0.07 kB │ gzip:   0.09 kB
│  Vite storybook-static/assets/get-auto-contrast-value-Da6zqqWm.js
│  0.08 kB │ gzip:   0.09 kB
│  Vite storybook-static/assets/get-env-uyVen0u2.js
│  0.09 kB │ gzip:   0.11 kB
│  Vite storybook-static/assets/blockResult-CWSgGyT7.js
│  0.09 kB │ gzip:   0.09 kB
│  Vite storybook-static/assets/routing-CZLtcx05.js
│  0.09 kB │ gzip:   0.10 kB
│  Vite storybook-static/assets/authSheet-DK_1kEsr.js
│  0.13 kB │ gzip:   0.13 kB
│  Vite storybook-static/assets/get-style-object-DUJZA7T_.js
│  0.13 kB │ gzip:   0.13 kB
│  Vite storybook-static/assets/listingStatusLabel-f-vyNeb6.js
│  0.16 kB │ gzip:   0.15 kB
│  Vite storybook-static/assets/server-DPanMHJa.js
│  0.17 kB │ gzip:   0.16 kB
│  Vite storybook-static/assets/DirectionContext-SJN8huBl.js
│  0.17 kB │ gzip:   0.15 kB
│  Vite storybook-static/assets/index-D2WdoNNu.js
│  0.18 kB │ gzip:   0.16 kB
│  Vite storybook-static/assets/typography-CTgLkTPT.js
│  0.18 kB │ gzip:   0.13 kB
│  Vite storybook-static/assets/crypto-CSD54fBE.js
│  0.19 kB │ gzip:   0.17 kB
│  Vite storybook-static/assets/get-sorted-breakpoints-JMiBwXWO.js
│  0.19 kB │ gzip:   0.17 kB
│  Vite storybook-static/assets/dashboardChartTheme-scuZoxvo.js
│  0.20 kB │ gzip:   0.18 kB
│  Vite storybook-static/assets/visuallyHidden-COI6QeQH.js
│  0.21 kB │ gzip:   0.18 kB
│  Vite storybook-static/assets/listingStatusTone-DW0EELs3.js
│  0.21 kB │ gzip:   0.16 kB
│  Vite storybook-static/assets/useValueChanged-DL9F-uF_.js
│  0.22 kB │ gzip:   0.19 kB
│  Vite storybook-static/assets/useControlled-BM7JSIfL.js
│  0.23 kB │ gzip:   0.21 kB
│  Vite storybook-static/assets/use-uncontrolled-DvEL6YTv.js
│  0.24 kB │ gzip:   0.21 kB
│  Vite storybook-static/assets/AuthContext-3S1-Sw2Y.js
│  0.25 kB │ gzip:   0.21 kB
│  Vite storybook-static/assets/getEmptyRootContext-DUuBAigc.js
│  0.26 kB │ gzip:   0.21 kB
│  Vite storybook-static/assets/browser-DpSlbDfN.js
│  0.28 kB │ gzip:   0.19 kB
│  Vite storybook-static/assets/FormContext-A1Z1ZQ8K.js
│  0.28 kB │ gzip:   0.23 kB
│  Vite storybook-static/assets/use-resolved-styles-api-C8V5Q0O3.js
│  0.29 kB │ gzip:   0.19 kB
│  Vite storybook-static/assets/formatter-EIJCOSYU-Bg6cSuIM.js
│  0.29 kB │ gzip:   0.23 kB
│  Vite storybook-static/assets/toast-dANh1RFq.js
│  0.30 kB │ gzip:   0.22 kB
│  Vite storybook-static/assets/TextInput-CULnuOm5.js
│  0.30 kB │ gzip:   0.23 kB
│  Vite storybook-static/assets/check-6Rwq3KFx.js
│  0.30 kB │ gzip:   0.25 kB
│  Vite storybook-static/assets/circle-B6VPF0mO.js
│  0.31 kB │ gzip:   0.24 kB
│  Vite storybook-static/assets/chevron-up-C7GubvGA.js
│  0.31 kB │ gzip:   0.25 kB
│  Vite storybook-static/assets/chevron-down-Bbvyu3_H.js
│  0.31 kB │ gzip:   0.25 kB
│  Vite storybook-static/assets/chevron-right-DDmR-mLh.js
│  0.31 kB │ gzip:   0.25 kB
│  Vite storybook-static/assets/chevron-left-Dg_e29HD.js
│  0.31 kB │ gzip:   0.25 kB
│  Vite storybook-static/assets/loader-circle-CE1qh6C7.js
│  0.32 kB │ gzip:   0.26 kB
│  Vite storybook-static/assets/plus-BTpDmbaY.js
│  0.34 kB │ gzip:   0.26 kB
│  Vite storybook-static/assets/x-DFMh3IO8.js
│  0.34 kB │ gzip:   0.26 kB
│  Vite storybook-static/assets/clock-BGGETui-.js
│  0.35 kB │ gzip:   0.27 kB
│  Vite storybook-static/assets/search-BgaL6NDp.js
│  0.35 kB │ gzip:   0.28 kB
│  Vite storybook-static/assets/circle-check-ELOJSg7h.js
│  0.36 kB │ gzip:   0.28 kB
│  Vite storybook-static/assets/menu-C3OF5tIB.js
│  0.37 kB │ gzip:   0.27 kB
│  Vite storybook-static/assets/user-Bay1QffJ.js
│  0.37 kB │ gzip:   0.29 kB
│  Vite storybook-static/assets/AdminInput-BmJDgAt0.js
│  0.38 kB │ gzip:   0.28 kB
│  Vite storybook-static/assets/info-G8NSt9jV.js
│  0.38 kB │ gzip:   0.28 kB
│  Vite storybook-static/assets/rotate-ccw-B2s1UOy0.js
│  0.38 kB │ gzip:   0.29 kB
│  Vite storybook-static/assets/circle-x-S-cR45N0.js
│  0.39 kB │ gzip:   0.29 kB
│  Vite storybook-static/assets/CompositeItem-pruMYlRj.js
│  0.40 kB │ gzip:   0.28 kB
│  Vite storybook-static/assets/mail-D_s96A_T.js
│  0.40 kB │ gzip:   0.31 kB
│  Vite storybook-static/assets/log-out-Cff0gTWf.js
│  0.41 kB │ gzip:   0.30 kB
│  Vite storybook-static/assets/ellipsis-vertical-CFl3oDgG.js
│  0.41 kB │ gzip:   0.28 kB
│  Vite storybook-static/assets/copy-CChBrNtR.js
│  0.41 kB │ gzip:   0.32 kB
│  Vite storybook-static/assets/message-square-Dt4pkHEt.js
│  0.42 kB │ gzip:   0.31 kB
│  Vite storybook-static/assets/maximize-2-D_7vJVQz.js
│  0.42 kB │ gzip:   0.30 kB
│  Vite storybook-static/assets/message-circle-DVtTp1C9.js
│  0.42 kB │ gzip:   0.32 kB
│  Vite storybook-static/assets/Anchor-B30GdVAK.js
│  0.43 kB │ gzip:   0.31 kB
│  Vite storybook-static/assets/circle-user-round-CHH2kr3r.js
│  0.43 kB │ gzip:   0.31 kB
│  Vite storybook-static/assets/circle-alert-CEW-JoXA.js
│  0.43 kB │ gzip:   0.30 kB
│  Vite storybook-static/assets/eye-BTxthGwk.js
│  0.43 kB │ gzip:   0.31 kB
│  Vite storybook-static/assets/external-link-CbQqxt6Q.js
│  0.43 kB │ gzip:   0.31 kB
│  Vite storybook-static/assets/flag-Ve8rN2xN.js
│  0.44 kB │ gzip:   0.32 kB
│  Vite storybook-static/assets/heart-9WcrpUcJ.js
│  0.44 kB │ gzip:   0.33 kB
│  Vite storybook-static/assets/admin-BVYovW4Z.js
│  0.44 kB │ gzip:   0.34 kB
│  Vite storybook-static/assets/ListingCard.module-By2_xJuI.js
│  0.44 kB │ gzip:   0.23 kB
│  Vite storybook-static/assets/triangle-alert-D41DE76H.js
│  0.45 kB │ gzip:   0.32 kB
│  Vite storybook-static/assets/listingSemanticHelpers-DDDZyv4j.js
│  0.45 kB │ gzip:   0.29 kB
│  Vite storybook-static/assets/pencil-Cej5ghDt.js
│  0.46 kB │ gzip:   0.33 kB
│  Vite storybook-static/assets/house-MH9w_GCf.js
│  0.46 kB │ gzip:   0.32 kB
│  Vite storybook-static/assets/label-CgYo3NBN.js
│  0.47 kB │ gzip:   0.31 kB
│  Vite storybook-static/assets/inbox-Dauo_Rso.js
│  0.47 kB │ gzip:   0.34 kB
│  Vite storybook-static/assets/Center-DUi0IvDa.js
│  0.48 kB │ gzip:   0.31 kB
│  Vite storybook-static/assets/ToolbarRootContext-CYUzvLc7.js
│  0.48 kB │ gzip:   0.34 kB
│  Vite storybook-static/assets/blockCheck-BLL9Rf18.js
│  0.49 kB │ gzip:   0.30 kB
│  Vite storybook-static/assets/dashboardPeriod.fixture-B2_N8Zek.js
│  0.50 kB │ gzip:   0.31 kB
│  Vite storybook-static/assets/shield-check-BSN2H5xE.js
│  0.50 kB │ gzip:   0.36 kB
│  Vite storybook-static/assets/phone-aqWdZ374.js
│  0.51 kB │ gzip:   0.34 kB
│  Vite storybook-static/assets/save-BheHFV0F.js
│  0.51 kB │ gzip:   0.33 kB
│  Vite storybook-static/assets/trash-2-CPDf8Yj9.js
│  0.51 kB │ gzip:   0.32 kB
│  Vite storybook-static/assets/camera-C2RsXw-k.js
│  0.52 kB │ gzip:   0.36 kB
│  Vite storybook-static/assets/layout-dashboard-COtvDws0.js
│  0.53 kB │ gzip:   0.32 kB
│  Vite storybook-static/assets/useIsoLayoutEffect-BFSj-h7j.js
│  0.54 kB │ gzip:   0.36 kB
│  Vite storybook-static/assets/useLocations-CGJqcxMu.js
│  0.54 kB │ gzip:   0.36 kB
│  Vite storybook-static/assets/ViewAllLink-DN2m5Q_W.js
│  0.54 kB │ gzip:   0.36 kB
│  Vite storybook-static/assets/_storyI18n-BcsNwCLx.js
│  0.54 kB │ gzip:   0.37 kB
│  Vite storybook-static/assets/use-matches-CzswaSYa.js
│  0.54 kB │ gzip:   0.30 kB
│  Vite storybook-static/assets/image-plus-C4c9c5yy.js
│  0.55 kB │ gzip:   0.36 kB
│  Vite storybook-static/assets/life-buoy-CrRdYi85.js
│  0.56 kB │ gzip:   0.33 kB
│  Vite storybook-static/assets/shadowDom-CLN6zMbR.js
│  0.56 kB │ gzip:   0.34 kB
│  Vite storybook-static/assets/AspectRatio-C-HeXSei.js
│  0.56 kB │ gzip:   0.35 kB
│  Vite storybook-static/assets/building-2-CrvbrF66.js
│  0.57 kB │ gzip:   0.35 kB
│  Vite storybook-static/assets/shield-off-COMiGhbL.js
│  0.58 kB │ gzip:   0.39 kB
│  Vite storybook-static/assets/useAriaLabelledBy-lc85Wkz4.js
│  0.59 kB │ gzip:   0.40 kB
│  Vite storybook-static/assets/useCompositeItem-CDLSMJLE.js
│  0.59 kB │ gzip:   0.40 kB
│  Vite storybook-static/assets/index-C0AKpOf-.js
│  0.60 kB │ gzip:   0.24 kB
│  Vite storybook-static/assets/octagon-x-BsGj0hol.js
│  0.61 kB │ gzip:   0.37 kB
│  Vite storybook-static/assets/sliders-horizontal-B8o6JGkt.js
│  0.61 kB │ gzip:   0.35 kB
│  Vite storybook-static/assets/notificationVariants-6eqJWA7m.js
│  0.61 kB │ gzip:   0.33 kB
│  Vite storybook-static/assets/eye-off-DptCgpUU.js
│  0.61 kB │ gzip:   0.39 kB
│  Vite storybook-static/assets/useExchangeRate-DNoWd91c.js
│  0.62 kB │ gzip:   0.39 kB
│  Vite storybook-static/assets/mobile-bottom-sheet-tha1BKbV.js
│  0.62 kB │ gzip:   0.31 kB
│  Vite storybook-static/assets/star-CAmrtyCV.js
│  0.66 kB │ gzip:   0.41 kB
│  Vite storybook-static/assets/usePropertyTypes-D-PMf1Uu.js
│  0.66 kB │ gzip:   0.43 kB
│  Vite storybook-static/assets/Stack-Bbb0UQa3.js
│  0.66 kB │ gzip:   0.40 kB
│  Vite storybook-static/assets/calendar-days-DzL8vVJ0.js
│  0.68 kB │ gzip:   0.37 kB
│  Vite storybook-static/assets/CheckIcon-5vzl4ZbE.js
│  0.70 kB │ gzip:   0.42 kB
│  Vite storybook-static/assets/AccordionChevron-BZ3lnsGm.js
│  0.70 kB │ gzip:   0.45 kB
│  Vite storybook-static/assets/toggle-right-CZYvWmUk.js
│  0.71 kB │ gzip:   0.33 kB
│  Vite storybook-static/assets/ListingsStatusTabs-BlUs8D7n.js
│  0.77 kB │ gzip:   0.47 kB
│  Vite storybook-static/assets/_StoryPageGutter-BrrXzTK2.js
│  0.78 kB │ gzip:   0.53 kB
│  Vite storybook-static/assets/listingTransitionEngine-x4dQQOqM.js
│  0.79 kB │ gzip:   0.42 kB
│  Vite storybook-static/assets/Skeleton-C-KtfPW8.js
│  0.80 kB │ gzip:   0.47 kB
│  Vite storybook-static/assets/index-AjOfXmhs.js
│  0.80 kB │ gzip:   0.44 kB
│  Vite storybook-static/assets/textarea-qTrh8i2k.js
│  0.81 kB │ gzip:   0.45 kB
│  Vite storybook-static/assets/Image-mWOnkNMW.js
│  0.83 kB │ gzip:   0.51 kB
│  Vite storybook-static/assets/mutations-NVwoBwV3.js
│  0.84 kB │ gzip:   0.37 kB
│  Vite storybook-static/assets/useLabelableId-twxm2wCe.js
│  0.85 kB │ gzip:   0.50 kB
│  Vite storybook-static/assets/permissions-Dwb9Ms4b.js
│  0.85 kB │ gzip:   0.45 kB
│  Vite storybook-static/assets/Divider-Vbd3yG6x.js
│  0.87 kB │ gzip:   0.51 kB
│  Vite storybook-static/assets/ThemeIcon-CGwbm6-b.js
│  0.87 kB │ gzip:   0.49 kB
│  Vite storybook-static/assets/useTriggerFocusGuards-CPjcrI6d.js
│  0.87 kB │ gzip:   0.49 kB
│  Vite storybook-static/assets/useApexTooltipMirror-BKSDJdCg.js
│  0.88 kB │ gzip:   0.55 kB
│  Vite storybook-static/assets/index-R87CH59i.js
│  0.93 kB │ gzip:   0.56 kB
│  Vite storybook-static/assets/bed-double-BuOFEEQ4.js
│  0.93 kB │ gzip:   0.42 kB
│  Vite storybook-static/assets/ListingsPagination-CZZWdMBp.js
│  0.94 kB │ gzip:   0.54 kB
│  Vite storybook-static/assets/visibility-CIN1vMwJ.js
│  0.95 kB │ gzip:   0.33 kB
│  Vite storybook-static/assets/Burger-B-fHA0O6.js
│  0.96 kB │ gzip:   0.53 kB
│  Vite storybook-static/assets/createBaseUIEventDetails-D8fEJ6fi.js
│  0.98 kB │ gzip:   0.60 kB
│  Vite storybook-static/assets/ListingBackButton-yakeyg76.js
│  0.99 kB │ gzip:   0.65 kB
│  Vite storybook-static/assets/AdminLocaleSwitcher-BrIbH9bq.js
│  1.06 kB │ gzip:   0.68 kB
│  Vite storybook-static/assets/Text-CfWOPGz3.js
│  1.07 kB │ gzip:   0.61 kB
│  Vite storybook-static/assets/Flex-DKTxb4Vb.js
│  1.13 kB │ gzip:   0.57 kB
│  Vite storybook-static/assets/index-CegkgIKx.js
│  1.18 kB │ gzip:   0.65 kB
│  Vite storybook-static/assets/NumInputField.stories-B4T9Ewl9.js
│  1.18 kB │ gzip:   0.68 kB
│  Vite storybook-static/assets/ListingsStatusTabs.stories-TULTzNTF.js
│  1.19 kB │ gzip:   0.72 kB
│  Vite storybook-static/assets/Card-DMdPik7C.js
│  1.25 kB │ gzip:   0.66 kB
│  Vite storybook-static/assets/InputBase-B0qyJYWM.js
│  1.26 kB │ gzip:   0.55 kB
│  Vite storybook-static/assets/preload-helper-Dp1pzeXC.js
│  1.27 kB │ gzip:   0.73 kB
│  Vite storybook-static/assets/AdminSearchInput-ZzW-eaHQ.js
│  1.30 kB │ gzip:   0.73 kB
│  Vite storybook-static/assets/FavoritesTypeFilter-ZkJNLGdL.js
│  1.39 kB │ gzip:   0.76 kB
│  Vite storybook-static/assets/Title-DccD9Y2F.js
│  1.42 kB │ gzip:   0.68 kB
│  Vite storybook-static/assets/create-scoped-keydown-handler-O-eo68DQ.js
│  1.43 kB │ gzip:   0.59 kB
│  Vite storybook-static/assets/cardListingData.fixture-C7_rabZu.js
│  1.44 kB │ gzip:   0.74 kB
│  Vite storybook-static/assets/DialogDrawerPattern.stories-DpZczV8-.js
│  1.46 kB │ gzip:   0.76 kB
│  Vite storybook-static/assets/actions-Bkq7FTkC.js
│  1.47 kB │ gzip:   0.62 kB
│  Vite storybook-static/assets/Badge-DiRxSTBR.js
│  1.47 kB │ gzip:   0.73 kB
│  Vite storybook-static/assets/HeaderActions-BLtJa190.js
│  1.47 kB │ gzip:   0.75 kB
│  Vite storybook-static/assets/InputsGroupFieldset-CrDiTDHf.js
│  1.49 kB │ gzip:   0.77 kB
│  Vite storybook-static/assets/GalleryThumbnailButton-MBhbvvjR.js
│  1.50 kB │ gzip:   0.79 kB
│  Vite storybook-static/assets/ListingFeatureIcon-Ci4UJZfW.js
│  1.50 kB │ gzip:   0.81 kB
│  Vite storybook-static/assets/ListingStatusBanner-CTx_tR65.js
│  1.51 kB │ gzip:   0.83 kB
│  Vite storybook-static/assets/period-BE515n2m.js
│  1.51 kB │ gzip:   0.83 kB
│  Vite
│  storybook-static/assets/ResponsiveActionFooter.stories-C1YAopAI.js
│  1.53 kB │ gzip:   0.83 kB
│  Vite storybook-static/assets/MantineAddItemPanel-CV0s9FCS.js
│  1.57 kB │ gzip:   0.90 kB
│  Vite storybook-static/assets/ListingBackButton.stories-CTfXDGgZ.js
│  1.61 kB │ gzip:   0.88 kB
│  Vite storybook-static/assets/cjs-DMmwEoUs.js
│  1.61 kB │ gzip:   0.72 kB
│  Vite storybook-static/assets/MantineResponsiveActionFooter-CwJXfxZ3.js
│  1.64 kB │ gzip:   0.90 kB
│  Vite storybook-static/assets/Alert-DmimIVhe.js
│  1.64 kB │ gzip:   0.84 kB
│  Vite storybook-static/assets/client-Co04qxUW.js
│  1.64 kB │ gzip:   0.93 kB
│  Vite storybook-static/assets/PageHeaderWithActions.stories-qdYfKw_U.js
│  1.67 kB │ gzip:   0.86 kB
│  Vite storybook-static/assets/Map-fGG-iZJT.js
│  1.68 kB │ gzip:   0.88 kB
│  Vite storybook-static/assets/AdminHeader.stories-ChZRQahi.js
│  1.72 kB │ gzip:   0.65 kB
│  Vite storybook-static/assets/MantineCopyIdButton-Cj-f2lQv.js
│  1.75 kB │ gzip:   0.96 kB
│  Vite storybook-static/assets/NumInputField-Udofyz83.js
│  1.77 kB │ gzip:   0.80 kB
│  Vite storybook-static/assets/useRegisterFieldControl-_cGcy1qx.js
│  1.81 kB │ gzip:   0.88 kB
│  Vite storybook-static/assets/MantinePageHeaderWithActions-BRP8ogAX.js
│  1.81 kB │ gzip:   0.94 kB
│  Vite storybook-static/assets/badge-BF5z1-g-.js
│  1.82 kB │ gzip:   0.77 kB
│  Vite storybook-static/assets/PasswordRequirementsHint-SAPSeZ2s.js
│  1.85 kB │ gzip:   0.87 kB
│  Vite storybook-static/assets/AdminPageShell-DxjZXcvt.js
│  1.89 kB │ gzip:   0.80 kB
│  Vite storybook-static/assets/ActiveFilterChips.stories-DrvskVaz.js
│  1.92 kB │ gzip:   1.03 kB
│  Vite storybook-static/assets/get-floating-position-S7l3zckJ.js
│  1.97 kB │ gzip:   0.82 kB
│  Vite storybook-static/assets/AdminHeader-D6vUXOnK.js
│  1.97 kB │ gzip:   0.91 kB
│  Vite storybook-static/assets/GalleryNavActionIcon-CanHhJCw.js
│  1.99 kB │ gzip:   1.06 kB
│  Vite storybook-static/assets/MantineHomeSection-cvxgeX9D.js
│  2.01 kB │ gzip:   0.97 kB
│  Vite storybook-static/assets/NotificationPattern.stories-BQDVIVtu.js
│  2.03 kB │ gzip:   0.92 kB
│  Vite storybook-static/assets/AvatarCropModal.stories-BT0BKsQu.js
│  2.06 kB │ gzip:   0.99 kB
│  Vite storybook-static/assets/NotificationCenter-DNH06UFW.js
│  2.07 kB │ gzip:   1.12 kB
│  Vite storybook-static/assets/ListingShareButton-BqhzKdUh.js
│  2.12 kB │ gzip:   1.18 kB
│  Vite storybook-static/assets/MantineFilterSection-BE90A1gT.js
│  2.22 kB │ gzip:   1.22 kB
│  Vite storybook-static/assets/ListingStatusBanner.stories-CEm46gPO.js
│  2.29 kB │ gzip:   1.19 kB
│  Vite storybook-static/assets/useButton-cx9L6F_v.js
│  2.31 kB │ gzip:   1.10 kB
│  Vite storybook-static/assets/useListingsUrlFilters-DC4YY-g9.js
│  2.32 kB │ gzip:   1.11 kB
│  Vite storybook-static/assets/TwoColumnForm.stories-BFFhTbsR.js
│  2.35 kB │ gzip:   1.14 kB
│  Vite storybook-static/assets/ResponsiveBottomSheet.stories-av1CmczB.js
│  2.38 kB │ gzip:   1.11 kB
│  Vite storybook-static/assets/SimpleGrid-GKd_-Ugx.js
│  2.45 kB │ gzip:   1.00 kB
│  Vite storybook-static/assets/GalleryDesktopNavigation-QjS3dtZ2.js
│  2.49 kB │ gzip:   1.12 kB
│  Vite storybook-static/assets/createLucideIcon-xFN-MXt3.js
│  2.58 kB │ gzip:   0.89 kB
│  Vite storybook-static/assets/ListingsActionRow-DR6PTXAA.js
│  2.64 kB │ gzip:   1.22 kB
│  Vite
│  storybook-static/assets/MantineDashboardChartStateFrame-CMw8t3f4.js
│  2.76 kB │ gzip:   1.16 kB
│  Vite storybook-static/assets/useCompositeListItem-nWyjjKsR.js
│  2.81 kB │ gzip:   1.27 kB
│  Vite storybook-static/assets/MantineNotificationPattern-oGkU3edq.js
│  2.82 kB │ gzip:   1.19 kB
│  Vite storybook-static/assets/MantineTwoColumnForm-DdMzyyBV.js
│  2.84 kB │ gzip:   1.34 kB
│  Vite storybook-static/assets/AddItemPanel.stories-DE-vEgvG.js
│  2.85 kB │ gzip:   1.38 kB
│  Vite storybook-static/assets/UnstyledButton.stories-CRtZJYql.js
│  2.92 kB │ gzip:   1.22 kB
│  Vite storybook-static/assets/Modal.stories-DT1tSfwn.js
│  2.94 kB │ gzip:   1.29 kB
│  Vite storybook-static/assets/input-CXyD98ht.js
│  2.96 kB │ gzip:   1.46 kB
│  Vite storybook-static/assets/AdminPageHeader.stories-eQ3jywBW.js
│  2.99 kB │ gzip:   1.18 kB
│  Vite storybook-static/assets/StatusChangeHistory-BT1pBt07.js
│  3.00 kB │ gzip:   1.08 kB
│  Vite storybook-static/assets/AppShellFoundation.stories-C87zfKT2.js
│  3.01 kB │ gzip:   1.20 kB
│  Vite storybook-static/assets/DashboardChartLegend.stories-BzWxh29r.js
│  3.04 kB │ gzip:   1.26 kB
│  Vite storybook-static/assets/Separator.stories-DVEEQF42.js
│  3.06 kB │ gzip:   1.14 kB
│  Vite storybook-static/assets/ListingsPagination.stories-CMvUobSZ.js
│  3.09 kB │ gzip:   1.09 kB
│  Vite storybook-static/assets/ActionIcon-DDmAZb5v.js
│  3.20 kB │ gzip:   1.22 kB
│  Vite storybook-static/assets/index-CpA0wz8V.js
│  3.28 kB │ gzip:   0.92 kB
│  Vite storybook-static/assets/HowItWorksSteps.stories-Cq-WQbFl.js
│  3.30 kB │ gzip:   1.60 kB
│  Vite storybook-static/assets/ListingReportDialog-CM1kDo0Z.js
│  3.30 kB │ gzip:   1.32 kB
│  Vite storybook-static/assets/useTransitionStatus-sgXvpfpM.js
│  3.34 kB │ gzip:   1.46 kB
│  Vite storybook-static/assets/MantineDashboardHeader-Devp6TKl.js
│  3.38 kB │ gzip:   1.67 kB
│  Vite storybook-static/assets/RelativeTime-r4wvgGm6.js
│  3.38 kB │ gzip:   1.77 kB
│  Vite storybook-static/assets/MantineDashboardPeriodControl-Dej4wJSM.js
│  3.39 kB │ gzip:   1.76 kB
│  Vite storybook-static/assets/MantineDialogDrawerPattern-CFnl2o5M.js
│  3.48 kB │ gzip:   1.60 kB
│  Vite storybook-static/assets/collectionActions-BdQJuBrs.js
│  3.51 kB │ gzip:   1.21 kB
│  Vite
│  storybook-static/assets/AdminUserAvatarFieldView.stories-DVUtsQCg.js
│  3.52 kB │ gzip:   1.36 kB
│  Vite storybook-static/assets/FavoritesTypeFilter.stories-CPVoJYg8.js
│  3.54 kB │ gzip:   1.39 kB
│  Vite storybook-static/assets/FormSectionStack.stories-CiJX6VA6.js
│  3.57 kB │ gzip:   1.32 kB
│  Vite storybook-static/assets/FilterSection.stories-CSghbQx0.js
│  3.59 kB │ gzip:   1.24 kB
│  Vite storybook-static/assets/CopyIdButton.stories-D1ww4sta.js
│  3.63 kB │ gzip:   1.57 kB
│  Vite storybook-static/assets/MantineSelect-49wuSQW9.js
│  3.64 kB │ gzip:   1.92 kB
│  Vite storybook-static/assets/PropertyTypeCombobox-tjjjCeH7.js
│  3.65 kB │ gzip:   1.56 kB
│  Vite storybook-static/assets/Drawer.stories-CJigG21F.js
│  3.65 kB │ gzip:   1.37 kB
│  Vite storybook-static/assets/MantineDashboardStatRows-ts-ffIeO.js
│  3.66 kB │ gzip:   1.67 kB
│  Vite storybook-static/assets/GalleryNavActionIcon.stories-DvH74O1W.js
│  3.70 kB │ gzip:   1.50 kB
│  Vite storybook-static/assets/MantineDashboardSparkline-CR2VMIhC.js
│  3.73 kB │ gzip:   1.78 kB
│  Vite storybook-static/assets/ListingsPageFrame-Cl1_7UG2.js
│  3.74 kB │ gzip:   1.80 kB
│  Vite storybook-static/assets/Avatar-Ce_Ppv6N.js
│  3.81 kB │ gzip:   1.80 kB
│  Vite storybook-static/assets/MantineDashboardChartLegend-DMmztgJz.js
│  3.82 kB │ gzip:   1.86 kB
│  Vite storybook-static/assets/ListingFeatureIcon.stories-Coc0CZ7Q.js
│  3.85 kB │ gzip:   1.75 kB
│  Vite
│  storybook-static/assets/GalleryDesktopNavigation.stories-CHxH1pzx.js
│  3.86 kB │ gzip:   1.61 kB
│  Vite storybook-static/assets/MantineFormSectionStack-BO4kWBq_.js
│  3.86 kB │ gzip:   1.68 kB
│  Vite storybook-static/assets/MantineListingGalleryPattern-B7K84v-y.js
│  3.88 kB │ gzip:   1.83 kB
│  Vite storybook-static/assets/Textarea-Cb9008LE.js
│  3.89 kB │ gzip:   1.78 kB
│  Vite storybook-static/assets/Label.stories-Bwizs2Oe.js
│  3.89 kB │ gzip:   1.32 kB
│  Vite storybook-static/assets/LocaleSwitcher-wnr-fNv0.js
│  3.90 kB │ gzip:   1.71 kB
│  Vite storybook-static/assets/notifications.fixture-lydH_KM4.js
│  3.93 kB │ gzip:   1.24 kB
│  Vite storybook-static/assets/skeleton.stories-7jkUck6J.js
│  3.93 kB │ gzip:   1.13 kB
│  Vite storybook-static/assets/ActionIcon.stories-DzLB_d1z.js
│  3.95 kB │ gzip:   1.37 kB
│  Vite storybook-static/assets/dialog-DLSVzQ65.js
│  3.95 kB │ gzip:   1.33 kB
│  Vite storybook-static/assets/MantineEmptyLoadingErrorState-D7k5TSqb.js
│  4.01 kB │ gzip:   1.83 kB
│  Vite storybook-static/assets/Notification.stories-07tw90bp.js
│  4.03 kB │ gzip:   1.54 kB
│  Vite storybook-static/assets/button-nD0mntZt.js
│  4.05 kB │ gzip:   1.34 kB
│  Vite storybook-static/assets/index-CqjgnWeT.js
│  4.06 kB │ gzip:   1.71 kB
│  Vite storybook-static/assets/AuthFormPattern.stories-DEw8WRqN.js
│  4.07 kB │ gzip:   1.40 kB
│  Vite storybook-static/assets/AdminUserAvatarFieldView-5xxXHI8X.js
│  4.08 kB │ gzip:   1.63 kB
│  Vite storybook-static/assets/MantineDashboardSemiDonut-ysY6ocio.js
│  4.08 kB │ gzip:   2.07 kB
│  Vite storybook-static/assets/MantineAuthFormPattern-Dd6B_F_K.js
│  4.13 kB │ gzip:   1.73 kB
│  Vite storybook-static/assets/ListingGallery-BxQFh5G_.js
│  4.14 kB │ gzip:   1.81 kB
│  Vite storybook-static/assets/MantineAdminSurfacePattern-BUuLEwFZ.js
│  4.15 kB │ gzip:   1.68 kB
│  Vite storybook-static/assets/Textarea.stories-a8XDhuzn.js
│  4.16 kB │ gzip:   1.28 kB
│  Vite storybook-static/assets/formatters-BvQO_pJN.js
│  4.16 kB │ gzip:   1.40 kB
│  Vite storybook-static/assets/DimensionTokens.stories-BmKujCrm.js
│  4.18 kB │ gzip:   1.53 kB
│  Vite storybook-static/assets/HomeSection.stories-CKOFhhne.js
│  4.20 kB │ gzip:   1.29 kB
│  Vite storybook-static/assets/Tabs.stories-BOsPaAbT.js
│  4.27 kB │ gzip:   1.41 kB
│  Vite storybook-static/assets/MantineModal-CIZkUTxy.js
│  4.29 kB │ gzip:   2.03 kB
│  Vite storybook-static/assets/MantineNavigationMenu-UjEWcKbl.js
│  4.34 kB │ gzip:   2.00 kB
│  Vite storybook-static/assets/Select.stories-Du2RfLnX.js
│  4.35 kB │ gzip:   1.51 kB
│  Vite storybook-static/assets/CompositeRoot-DUY4Xn17.js
│  4.36 kB │ gzip:   2.02 kB
│  Vite storybook-static/assets/useRenderElement-DnaK7pUb.js
│  4.42 kB │ gzip:   1.90 kB
│  Vite storybook-static/assets/Tabs-Ccegn0xR.js
│  4.45 kB │ gzip:   1.86 kB
│  Vite
│  storybook-static/assets/MantineDashboardRadialProgress-fVv1gknQ.js
│  4.47 kB │ gzip:   2.02 kB
│  Vite storybook-static/assets/MantineDrawer-Bjcs6F-T.js
│  4.58 kB │ gzip:   2.05 kB
│  Vite storybook-static/assets/YearCombobox-S2T-x_Ki.js
│  4.59 kB │ gzip:   2.15 kB
│  Vite storybook-static/assets/Card.stories-D22fbFjg.js
│  4.59 kB │ gzip:   1.27 kB
│  Vite storybook-static/assets/NotificationCenter.stories-lWX2czAh.js
│  4.60 kB │ gzip:   1.81 kB
│  Vite storybook-static/assets/ListingsPageFrame.stories-DR1m2MzK.js
│  4.62 kB │ gzip:   1.19 kB
│  Vite storybook-static/assets/FavoriteButton-CTmpKExW.js
│  4.71 kB │ gzip:   2.17 kB
│  Vite storybook-static/assets/MantineDashboardCard-BKkoi0jm.js
│  4.73 kB │ gzip:   2.19 kB
│  Vite storybook-static/assets/ListingsFilterBar-DEicbawB.js
│  4.74 kB │ gzip:   2.01 kB
│  Vite
│  storybook-static/assets/GalleryThumbnailButton.stories-DCaeEtm0.js
│  4.83 kB │ gzip:   1.51 kB
│  Vite storybook-static/assets/EmptyState.stories-CipzhDpS.js
│  4.85 kB │ gzip:   1.47 kB
│  Vite storybook-static/assets/responsiveBottomSheet-Ch7S9vyQ.js
│  4.87 kB │ gzip:   2.13 kB
│  Vite storybook-static/assets/ActiveFilterChips--ZLPD6bo.js
│  4.88 kB │ gzip:   1.68 kB
│  Vite storybook-static/assets/NotificationItem-4WXTWwxi.js
│  4.88 kB │ gzip:   2.22 kB
│  Vite storybook-static/assets/NotificationItem.stories-DQnhPhWa.js
│  4.89 kB │ gzip:   1.92 kB
│  Vite storybook-static/assets/SegmentedControl.stories-C5vQxYti.js
│  4.91 kB │ gzip:   1.74 kB
│  Vite storybook-static/assets/FilterRoomsRow-CoL1r5GB.js
│  4.91 kB │ gzip:   2.06 kB
│  Vite storybook-static/assets/useRole-C1jxURRM.js
│  4.92 kB │ gzip:   1.85 kB
│  Vite storybook-static/assets/ScrollArea.stories-kpwFSuM3.js
│  4.94 kB │ gzip:   1.77 kB
│  Vite storybook-static/assets/ListingsTab.stories-p-8Imyzc.js
│  4.95 kB │ gzip:   2.08 kB
│  Vite storybook-static/assets/NavigationMenu.stories-C47oyNxT.js
│  5.00 kB │ gzip:   1.65 kB
│  Vite storybook-static/assets/checkbox.stories-uygM_t6k.js
│  5.04 kB │ gzip:   1.57 kB
│  Vite storybook-static/assets/Skeleton.stories-4zSfa-xq.js
│  5.05 kB │ gzip:   1.46 kB
│  Vite storybook-static/assets/PasswordInput-DCv0OPov.js
│  5.05 kB │ gzip:   2.20 kB
│  Vite storybook-static/assets/AdminSurfacePattern.stories-DX4qBsyt.js
│  5.07 kB │ gzip:   2.38 kB
│  Vite storybook-static/assets/MantineDropdownMenu-DCH-_teV.js
│  5.07 kB │ gzip:   2.23 kB
│  Vite storybook-static/assets/ListingGalleryPattern.stories-C0dg5Elb.js
│  5.10 kB │ gzip:   2.02 kB
│  Vite storybook-static/assets/ClearRecentlyViewedButton-DDiIAP9o.js
│  5.12 kB │ gzip:   2.32 kB
│  Vite storybook-static/assets/Popover.stories-BEY9YrtB.js
│  5.17 kB │ gzip:   1.84 kB
│  Vite storybook-static/assets/Checkbox.stories-y6HtwfFL.js
│  5.17 kB │ gzip:   1.42 kB
│  Vite storybook-static/assets/Alert.stories-Df3rLZoB.js
│  5.19 kB │ gzip:   1.49 kB
│  Vite
│  storybook-static/assets/DashboardChartStateFrame.stories-CZyibhN9.js
│  5.24 kB │ gzip:   1.60 kB
│  Vite storybook-static/assets/filterEngine-dfbuKpSw.js
│  5.29 kB │ gzip:   2.13 kB
│  Vite storybook-static/assets/Checkbox-YsqhVgr1.js
│  5.32 kB │ gzip:   2.07 kB
│  Vite storybook-static/assets/AdminTable.stories-C3e80tWz.js
│  5.32 kB │ gzip:   1.55 kB
│  Vite storybook-static/assets/Drawer-Dwfl4z-a.js
│  5.36 kB │ gzip:   1.96 kB
│  Vite storybook-static/assets/VerifiedPage.stories-Ch_L4d3p.js
│  5.42 kB │ gzip:   1.56 kB
│  Vite storybook-static/assets/AdminTable-BdUjuyIY.js
│  5.56 kB │ gzip:   1.93 kB
│  Vite storybook-static/assets/_MantineStoryShell-C_krxVJW.js
│  5.64 kB │ gzip:   2.84 kB
│  Vite storybook-static/assets/AdminLocaleSwitcher.stories-BMMljkhY.js
│  5.75 kB │ gzip:   2.44 kB
│  Vite storybook-static/assets/badge.stories-BmefLBNK.js
│  5.75 kB │ gzip:   1.39 kB
│  Vite storybook-static/assets/TextInput.stories-C7P1iVru.js
│  5.76 kB │ gzip:   1.49 kB
│  Vite storybook-static/assets/CurrencyDetailDialogView--EJFQxtA.js
│  5.80 kB │ gzip:   2.19 kB
│  Vite storybook-static/assets/DashboardGrid.stories-DqoHj_x3.js
│  5.84 kB │ gzip:   1.97 kB
│  Vite storybook-static/assets/Containers.stories-BNXBnqOl.js
│  5.92 kB │ gzip:   1.47 kB
│  Vite storybook-static/assets/MantineDashboardWorkList-BETZMBMG.js
│  5.94 kB │ gzip:   2.51 kB
│  Vite storybook-static/assets/Pagination.stories-1ZvinHZ8.js
│  5.94 kB │ gzip:   1.51 kB
│  Vite storybook-static/assets/propertyTypeSchema-BIt1KfNL.js
│  5.95 kB │ gzip:   1.18 kB
│  Vite storybook-static/assets/AdminDashboardRecentListings-BnetbM4N.js
│  6.03 kB │ gzip:   2.38 kB
│  Vite storybook-static/assets/ListingsActionRow.stories-BW117kR5.js
│  6.10 kB │ gzip:   2.71 kB
│  Vite storybook-static/assets/MantineProgress-B3urKOBa.js
│  6.29 kB │ gzip:   2.84 kB
│  Vite
│  storybook-static/assets/CurrencyDetailDialogView.stories-DUY46NdV.js
│  6.29 kB │ gzip:   2.58 kB
│  Vite storybook-static/assets/checkbox-BglyGlDI.js
│  6.30 kB │ gzip:   2.86 kB
│  Vite storybook-static/assets/SegmentedControl-B5Ihh_LP.js
│  6.34 kB │ gzip:   2.63 kB
│  Vite storybook-static/assets/UserMenu-Cmu79vp2.js
│  6.43 kB │ gzip:   2.38 kB
│  Vite storybook-static/assets/MantineDashboardDonut-z0NkEDxy.js
│  6.45 kB │ gzip:   3.02 kB
│  Vite storybook-static/assets/FooterView.stories-QbOyH_5Y.js
│  6.48 kB │ gzip:   2.47 kB
│  Vite storybook-static/assets/AppImage.stories-tKs3W96o.js
│  6.49 kB │ gzip:   2.43 kB
│  Vite storybook-static/assets/MantineDashboardGrid-BKUYm_Y-.js
│  6.50 kB │ gzip:   2.63 kB
│  Vite
│  storybook-static/assets/AdminDashboardRecentListings.stories-DFpPwg00.js
│  6.64 kB │ gzip:   2.12 kB
│  Vite storybook-static/assets/PasswordInput.stories-hd_pYQLM.js
│  6.70 kB │ gzip:   1.74 kB
│  Vite storybook-static/assets/NotificationBellView-B0nBAdEP.js
│  6.70 kB │ gzip:   2.95 kB
│  Vite storybook-static/assets/ListingsSortBar-FZUnMBmU.js
│  6.72 kB │ gzip:   2.62 kB
│  Vite storybook-static/assets/StatusChangeHistory.stories-CXmJODqw.js
│  6.73 kB │ gzip:   1.86 kB
│  Vite storybook-static/assets/Avatar.stories-BXH-Sgmx.js
│  6.83 kB │ gzip:   1.66 kB
│  Vite storybook-static/assets/SaveToCollectionButton-CVJq-iJt.js
│  6.84 kB │ gzip:   2.98 kB
│  Vite storybook-static/assets/MobileNavDrawer-C5eJR_XP.js
│  6.92 kB │ gzip:   2.30 kB
│  Vite
│  storybook-static/assets/AdminExchangeProvidersView.stories-7_DYPrG_.js
│  7.10 kB │ gzip:   2.92 kB
│  Vite storybook-static/assets/MantineDashboardRadar-BUJ2bzOO.js
│  7.14 kB │ gzip:   2.97 kB
│  Vite storybook-static/assets/Select-0xbGErp3.js
│  7.18 kB │ gzip:   2.92 kB
│  Vite
│  storybook-static/assets/DashboardPeriodControl.stories-622leUCv.js
│  7.20 kB │ gzip:   2.53 kB
│  Vite storybook-static/assets/StatusChangeControl-Co9nX0ZH.js
│  7.22 kB │ gzip:   2.26 kB
│  Vite storybook-static/assets/Tooltip.stories-CXcoE18D.js
│  7.25 kB │ gzip:   1.93 kB
│  Vite
│  storybook-static/assets/EmptyLoadingErrorState.stories-_rShtcS_.js
│  7.26 kB │ gzip:   2.56 kB
│  Vite storybook-static/assets/LocationCombobox-2ubWo3DN.js
│  7.27 kB │ gzip:   2.99 kB
│  Vite storybook-static/assets/AdminSidebar.stories-BbRRBJaQ.js
│  7.32 kB │ gzip:   2.84 kB
│  Vite storybook-static/assets/CollectionsSection-B3IKSQv7.js
│  7.33 kB │ gzip:   2.83 kB
│  Vite storybook-static/assets/Progress.stories-zqxpVmDG.js
│  7.43 kB │ gzip:   1.76 kB
│  Vite storybook-static/assets/AdminSidebar-C6UyhPx0.js
│  7.44 kB │ gzip:   2.61 kB
│  Vite storybook-static/assets/AdminCurrencyTabs.stories-B2fCb4Go.js
│  7.58 kB │ gzip:   3.20 kB
│  Vite storybook-static/assets/SaveSearchButton-Bkhos5cl.js
│  7.63 kB │ gzip:   3.42 kB
│  Vite storybook-static/assets/LightboxView.stories-BfzSrXFA.js
│  7.71 kB │ gzip:   2.93 kB
│  Vite storybook-static/assets/DashboardStatRows.stories-DyfX0enm.js
│  7.74 kB │ gzip:   2.37 kB
│  Vite storybook-static/assets/AdminCurrenciesView.stories-BBm2-_wo.js
│  7.77 kB │ gzip:   3.13 kB
│  Vite storybook-static/assets/Badge.stories-CN0Qg4wM.js
│  7.78 kB │ gzip:   1.89 kB
│  Vite storybook-static/assets/index-D_Lhj4u_.js
│  7.83 kB │ gzip:   2.83 kB
│  Vite storybook-static/assets/Combobox.stories-CpvmjaHA.js
│  7.84 kB │ gzip:   1.84 kB
│  Vite storybook-static/assets/inertValue-l_Gc9u_p.js
│  8.03 kB │ gzip:   3.23 kB
│  Vite storybook-static/assets/PhoneField.stories-BuldwHIH.js
│  8.03 kB │ gzip:   3.31 kB
│  Vite storybook-static/assets/MantineCountButton-CGKnjE7s.js
│  8.08 kB │ gzip:   3.66 kB
│  Vite storybook-static/assets/AdminCurrenciesView-DpWP1NM6.js
│  8.09 kB │ gzip:   2.80 kB
│  Vite storybook-static/assets/AdminExchangeProvidersView-DBf4Rf1U.js
│  8.13 kB │ gzip:   2.80 kB
│  Vite storybook-static/assets/Switch.stories-DXMeuAF0.js
│  8.14 kB │ gzip:   2.65 kB
│  Vite storybook-static/assets/DropdownMenu.stories-BV4aKxgk.js
│  8.16 kB │ gzip:   2.64 kB
│  Vite storybook-static/assets/Slider.stories-mZci_u9b.js
│  8.23 kB │ gzip:   3.31 kB
│  Vite storybook-static/assets/FiltersPanelShell.stories-CmQw1Xdt.js
│  8.23 kB │ gzip:   3.68 kB
│  Vite
│  storybook-static/assets/RecentlyViewedGridView.stories-CPJjGW6W.js
│  8.27 kB │ gzip:   3.51 kB
│  Vite storybook-static/assets/en-US-BBmapk28.js
│  8.29 kB │ gzip:   2.96 kB
│  Vite storybook-static/assets/DashboardHeader.stories-ChQJfhqb.js
│  8.33 kB │ gzip:   2.30 kB
│  Vite storybook-static/assets/DashboardWorkList.stories-5H_asKCC.js
│  8.39 kB │ gzip:   2.73 kB
│  Vite storybook-static/assets/HeaderActions.stories-Ndvygn5N.js
│  8.42 kB │ gzip:   3.56 kB
│  Vite storybook-static/assets/tabs.stories-BqnRmI7R.js
│  8.44 kB │ gzip:   1.96 kB
│  Vite storybook-static/assets/MantineDashboardBarChart-CTCM8ObP.js
│  8.47 kB │ gzip:   3.38 kB
│  Vite storybook-static/assets/MobileNavDrawer.stories-D1J2KDuv.js
│  8.52 kB │ gzip:   3.79 kB
│  Vite storybook-static/assets/ListingsFilterBar.stories-BMhx7Odf.js
│  8.53 kB │ gzip:   3.45 kB
│  Vite
│  storybook-static/assets/LocationComboboxSubPanel.stories-DUB_E_t8.js
│  8.55 kB │ gzip:   3.66 kB
│  Vite storybook-static/assets/CollectionsSection.stories-Bb9sX1Bm.js
│  8.57 kB │ gzip:   3.49 kB
│  Vite storybook-static/assets/LocaleSwitcher.stories-BO_zuizj.js
│  8.58 kB │ gzip:   3.36 kB
│  Vite storybook-static/assets/MantineDashboardLineChart-27t5ciFv.js
│  8.66 kB │ gzip:   3.53 kB
│  Vite storybook-static/assets/DashboardSparkline.stories-BnYkzTQh.js
│  8.70 kB │ gzip:   2.92 kB
│  Vite storybook-static/assets/SaveSearchButton.stories-l2RCpL-S.js
│  8.72 kB │ gzip:   3.36 kB
│  Vite storybook-static/assets/MantinePopover-DqirUuXG.js
│  8.81 kB │ gzip:   3.84 kB
│  Vite storybook-static/assets/RelativeTime.stories-CvD6FQbq.js
│  8.83 kB │ gzip:   2.53 kB
│  Vite storybook-static/assets/DashboardCard.stories-DaLTnk9d.js
│  8.86 kB │ gzip:   1.84 kB
│  Vite storybook-static/assets/Slider-DC6y5wMY.js
│  8.87 kB │ gzip:   3.44 kB
│  Vite
│  storybook-static/assets/DashboardRadialProgress.stories-Dr82k60p.js
│  8.89 kB │ gzip:   2.41 kB
│  Vite storybook-static/assets/Input-DqcF-77L.js
│  9.00 kB │ gzip:   2.97 kB
│  Vite storybook-static/assets/CountButton.stories-11WKmu1T.js
│  9.11 kB │ gzip:   2.40 kB
│  Vite storybook-static/assets/DialogTrigger-C_iLI3s_.js
│  9.13 kB │ gzip:   3.40 kB
│  Vite storybook-static/assets/getPseudoElementBounds-BRsI7e75.js
│  9.27 kB │ gzip:   3.81 kB
│  Vite
│  storybook-static/assets/CurrencyFormDialogView.stories-Cqota-F0.js
│  9.29 kB │ gzip:   3.68 kB
│  Vite storybook-static/assets/Combobox-BOxds_rV.js
│  9.51 kB │ gzip:   3.48 kB
│  Vite storybook-static/assets/LightboxView-CacVZH4c.js
│  9.53 kB │ gzip:   3.58 kB
│  Vite storybook-static/assets/AdminShell.stories-D2twzpRz.js
│  9.61 kB │ gzip:   3.99 kB
│  Vite storybook-static/assets/Popover-WflCW_Hc.js
│  9.68 kB │ gzip:   3.79 kB
│  Vite storybook-static/assets/PopularLocationsView.stories-BPEKxI2m.js
│  9.74 kB │ gzip:   4.19 kB
│  Vite storybook-static/assets/dialog.stories-DYhdEFlr.js
│  9.94 kB │ gzip:   2.20 kB
│  Vite storybook-static/assets/tabs-By7Rnnuv.js
│  10.01 kB │ gzip:   3.84 kB
│  Vite storybook-static/assets/ListingsSortBar.stories-BM19Nc0i.js
│  10.04 kB │ gzip:   3.37 kB
│  Vite storybook-static/assets/admin.fixtures-C86TAbOv.js
│  10.05 kB │ gzip:   3.24 kB
│  Vite storybook-static/assets/AdminSettings.stories-CFaWk35s.js
│  10.06 kB │ gzip:   3.46 kB
│  Vite storybook-static/assets/Table.stories-BzqR9vux.js
│  10.08 kB │ gzip:   2.72 kB
│  Vite storybook-static/assets/NotificationBellView.stories-D87PeD_T.js
│  10.27 kB │ gzip:   3.74 kB
│  Vite storybook-static/assets/MantineDashboardStatCard-CWODPc1b.js
│  10.41 kB │ gzip:   4.07 kB
│  Vite storybook-static/assets/Menu-DsxEKjpi.js
│  10.48 kB │ gzip:   3.38 kB
│  Vite
│  storybook-static/assets/ProviderFormDialogView.stories-D8hjYLtw.js
│  10.54 kB │ gzip:   4.05 kB
│  Vite storybook-static/assets/usePositioner-DV-WqGrD.js
│  10.67 kB │ gzip:   4.44 kB
│  Vite storybook-static/assets/DashboardSemiDonut.stories-E_q5l3Yw.js
│  10.81 kB │ gzip:   3.61 kB
│  Vite storybook-static/assets/UserMenu.stories-CL9mDHQj.js
│  10.92 kB │ gzip:   3.98 kB
│  Vite
│  storybook-static/assets/SaveToCollectionButton.stories-DfnCL5Z2.js
│  10.99 kB │ gzip:   4.14 kB
│  Vite storybook-static/assets/Radio.stories-L-5IQgue.js
│  11.05 kB │ gzip:   3.60 kB
│  Vite storybook-static/assets/DashboardRadar.stories-8Pd_jEXt.js
│  11.26 kB │ gzip:   3.19 kB
│  Vite storybook-static/assets/MantineTooltip-C0axJbjU.js
│  11.42 kB │ gzip:   4.61 kB
│  Vite storybook-static/assets/AdminUserAvatar.stories-B_2DAus9.js
│  11.44 kB │ gzip:   4.12 kB
│  Vite storybook-static/assets/SimilarListingsView.stories-vaSjmkRS.js
│  11.44 kB │ gzip:   4.40 kB
│  Vite storybook-static/assets/AdminCompaniesManager.stories-CApwZf9q.js
│  11.57 kB │ gzip:   4.22 kB
│  Vite storybook-static/assets/safePolygon-DoBQ2FHG.js
│  11.64 kB │ gzip:   4.26 kB
│  Vite storybook-static/assets/StatusChangeControl.stories-BQS1QuUU.js
│  11.83 kB │ gzip:   2.96 kB
│  Vite storybook-static/assets/FavoriteButton.stories-Cw0V1823.js
│  11.96 kB │ gzip:   3.31 kB
│  Vite storybook-static/assets/ListingDetailView.stories-DvuUL6of.js
│  12.09 kB │ gzip:   4.80 kB
│  Vite storybook-static/assets/AdminPageShell.stories-C1D0wlNh.js
│  12.70 kB │ gzip:   3.03 kB
│  Vite storybook-static/assets/DashboardDonut.stories-Dh6hJBNJ.js
│  12.73 kB │ gzip:   3.59 kB
│  Vite storybook-static/assets/RangeDatePicker.stories-qfJ3wS0k.js
│  12.73 kB │ gzip:   3.54 kB
│  Vite storybook-static/assets/sheet.stories-DI6v1kFM.js
│  12.77 kB │ gzip:   3.46 kB
│  Vite storybook-static/assets/select.stories-DEdsemXD.js
│  12.79 kB │ gzip:   2.74 kB
│  Vite
│  storybook-static/assets/CabinetPasswordSectionView.stories-BvWe42JY.js
│  12.84 kB │ gzip:   4.18 kB
│  Vite storybook-static/assets/ListingsShellView.stories-BkwUZj-d.js
│  13.17 kB │ gzip:   4.76 kB
│  Vite storybook-static/assets/Button.stories-B3NaKTuH.js
│  13.27 kB │ gzip:   2.22 kB
│  Vite storybook-static/assets/input.stories-DARpxHUk.js
│  13.29 kB │ gzip:   4.30 kB
│  Vite storybook-static/assets/FiltersPanel-DHpKu-k6.js
│  13.43 kB │ gzip:   4.31 kB
│  Vite storybook-static/assets/ListingCard.stories-BcWC0aqB.js
│  13.57 kB │ gzip:   5.51 kB
│  Vite storybook-static/assets/AppImage-XF4gTMMh.js
│  13.78 kB │ gzip:   5.19 kB
│  Vite storybook-static/assets/ResetPasswordView.stories-U7Ba0y_L.js
│  13.89 kB │ gzip:   4.43 kB
│  Vite storybook-static/assets/MantinePagination-DwX_mhdZ.js
│  14.10 kB │ gzip:   5.63 kB
│  Vite storybook-static/assets/FilterControls.stories-C2VBF5do.js
│  14.26 kB │ gzip:   4.93 kB
│  Vite
│  storybook-static/assets/AdminPermissionsManager.stories-Byk1Z98n.js
│  14.30 kB │ gzip:   5.16 kB
│  Vite storybook-static/assets/ListingCard-D7MOZFw7.js
│  14.58 kB │ gzip:   5.77 kB
│  Vite
│  storybook-static/assets/AdminUserProfileDialogsView.stories-D-Xmo_1L.js
│  14.64 kB │ gzip:   4.59 kB
│  Vite
│  storybook-static/assets/AdminEmailTemplatesManager.stories-D2z3-gbh.js
│  14.78 kB │ gzip:   5.17 kB
│  Vite storybook-static/assets/useOpenInteractionType-DHBEynss.js
│  14.92 kB │ gzip:   5.80 kB
│  Vite storybook-static/assets/MantineCombobox-D54ToZIy.js
│  14.94 kB │ gzip:   5.69 kB
│  Vite
│  storybook-static/assets/AdminPropertyTypesManager.stories-CfPDBRkC.js
│  14.96 kB │ gzip:   5.06 kB
│  Vite storybook-static/assets/MantineDataTableToCards-Bq3zzz2f.js
│  14.97 kB │ gzip:   5.75 kB
│  Vite storybook-static/assets/DashboardLineChart.stories-Br8wPEQe.js
│  15.00 kB │ gzip:   3.80 kB
│  Vite storybook-static/assets/Combobox-CaH9-Al7.js
│  15.01 kB │ gzip:   4.71 kB
│  Vite storybook-static/assets/Combobox.stories-DpX59wPE.js
│  15.01 kB │ gzip:   3.55 kB
│  Vite storybook-static/assets/ListingCardTrack.stories-DMvJ5nkZ.js
│  15.52 kB │ gzip:   5.27 kB
│  Vite storybook-static/assets/ListingsFilters.stories-9tONbtox.js
│  15.56 kB │ gzip:   5.64 kB
│  Vite storybook-static/assets/use-form-KouefOfa.js
│  15.66 kB │ gzip:   5.43 kB
│  Vite storybook-static/assets/FavoritesShell.stories-De-4BY8l.js
│  16.14 kB │ gzip:   6.24 kB
│  Vite storybook-static/assets/DashboardStatCard.stories-BjVrzC9b.js
│  16.58 kB │ gzip:   4.12 kB
│  Vite storybook-static/assets/AdminUsersTable.stories-DiE_XIat.js
│  16.74 kB │ gzip:   5.52 kB
│  Vite storybook-static/assets/popover.stories-CikCkY8f.js
│  16.78 kB │ gzip:   5.86 kB
│  Vite storybook-static/assets/button.stories-AyxPqFYX.js
│  16.87 kB │ gzip:   3.66 kB
│  Vite storybook-static/assets/HomepageListingGrids.stories-DP1YvHKL.js
│  17.17 kB │ gzip:   5.55 kB
│  Vite storybook-static/assets/HeaderView.stories-CdTX1sSn.js
│  17.42 kB │ gzip:   5.96 kB
│  Vite storybook-static/assets/ListingContactPattern.stories-DKqw5-yf.js
│  17.93 kB │ gzip:   5.11 kB
│  Vite storybook-static/assets/AdminDashboardView.stories-DSm2fybn.js
│  18.03 kB │ gzip:   5.72 kB
│  Vite storybook-static/assets/ListingCardPattern.stories-Bdh-xnoR.js
│  18.36 kB │ gzip:   7.02 kB
│  Vite storybook-static/assets/AdminReportsManager.stories-CjQs7lxu.js
│  18.45 kB │ gzip:   5.87 kB
│  Vite storybook-static/assets/DashboardBarChart.stories-c7dvqB2t.js
│  18.75 kB │ gzip:   4.76 kB
│  Vite storybook-static/assets/HeroSearch.stories-BE_gjN6V.js
│  20.28 kB │ gzip:   7.51 kB
│  Vite storybook-static/assets/MantineAppShellFoundation-DEQz9O6Q.js
│  20.85 kB │ gzip:   6.27 kB
│  Vite storybook-static/assets/ListingDetailPattern.stories-CLIDFgEN.js
│  20.92 kB │ gzip:   5.86 kB
│  Vite
│  storybook-static/assets/PlantedVisualViolations.stories-D2l-_wXi.js
│  23.06 kB │ gzip:   4.01 kB
│  Vite storybook-static/assets/server-BRXU5nBG.js
│  23.85 kB │ gzip:   6.96 kB
│  Vite storybook-static/assets/ListingContact-CRC2S72j.js
│  24.65 kB │ gzip:   9.28 kB
│  Vite storybook-static/assets/useInteractions-Dhha1Yf9.js
│  24.95 kB │ gzip:   9.25 kB
│  Vite storybook-static/assets/AdminSupportManager.stories-quM9t9nE.js
│  26.40 kB │ gzip:   7.37 kB
│  Vite storybook-static/assets/AdminListingsTable.stories-DEsF6fmv.js
│  26.49 kB │ gzip:   7.53 kB
│  Vite storybook-static/assets/uk-BMjFDAbv.js
│  26.62 kB │ gzip:   6.87 kB
│  Vite storybook-static/assets/AvatarCropModal-PRcWmrnx.js
│  27.21 kB │ gzip:   8.55 kB
│  Vite storybook-static/assets/utils-DzKxqtEu.js
│  27.39 kB │ gzip:   8.68 kB
│  Vite storybook-static/vite-inject-mocker-entry.js
│  28.53 kB │ gzip:   9.94 kB
│  Vite storybook-static/assets/navigation-menu.stories-CAkgqOeR.js
│  29.67 kB │ gzip:   9.46 kB
│  Vite storybook-static/assets/dropdown-menu.stories-CYHWqn-J.js
│  30.09 kB │ gzip:  10.35 kB
│  Vite storybook-static/assets/Color-23OOGO2C-CxVugiin.js
│  30.35 kB │ gzip:  11.49 kB
│  Vite storybook-static/assets/ListingDetailView-D9dcEZbM.js
│  31.02 kB │ gzip:  11.15 kB
│  Vite storybook-static/assets/RangeDatePicker-CNpCzPu6.js
│  31.25 kB │ gzip:  10.37 kB
│  Vite storybook-static/assets/MantineListingDetailPattern-BquojuBq.js
│  31.65 kB │ gzip:  10.14 kB
│  Vite storybook-static/assets/select-DnodIEDl.js
│  33.03 kB │ gzip:  12.09 kB
│  Vite storybook-static/assets/WithTooltip-65CFNBJE-CzxNxIW9.js
│  33.20 kB │ gzip:  11.67 kB
│  Vite storybook-static/assets/AdminUserProfileView.stories-W1cWgSk5.js
│  37.76 kB │ gzip:  10.63 kB
│  Vite storybook-static/assets/AgentStatisticsView.stories-2iG6iLDp.js
│  39.10 kB │ gzip:  11.25 kB
│  Vite storybook-static/assets/AuthSheet.stories-CZck6GN0.js
│  44.69 kB │ gzip:  14.49 kB
│  Vite storybook-static/assets/command.stories-DmvN1F3t.js
│  47.53 kB │ gzip:  15.03 kB
│  Vite storybook-static/assets/syntaxhighlighter-W7WJGI2T-QOlw_173.js
│  78.59 kB │ gzip:  27.54 kB
│  Vite storybook-static/assets/PhoneField-DEHPCEEy.js
│  133.88 kB │ gzip:  35.38 kB
│  Vite storybook-static/assets/leaflet-src-DT5FabxI.js
│  150.06 kB │ gzip:  43.59 kB
│  Vite storybook-static/assets/CmsPageView.stories-BIh3K490.js
│  172.44 kB │ gzip:  65.98 kB
│  Vite storybook-static/assets/BaseEmail-B9cQfrE_.js
│  173.73 kB │ gzip:  32.45 kB
│  Vite storybook-static/assets/ListingFormShellView.stories-Z6jsFgN_.js
│  179.84 kB │ gzip:  47.87 kB
│  Vite storybook-static/assets/react-18-fLFqAtwU.js
│  179.93 kB │ gzip:  56.48 kB
│  Vite storybook-static/assets/server.browser-CTP6AIf0.js
│  183.73 kB │ gzip:  56.94 kB
│  Vite storybook-static/assets/warnDeprecatedPackage-eIK_jeXd.js
│  221.04 kB │ gzip:  58.09 kB
│  Vite storybook-static/assets/reportListing-DENYykuL.js
│  448.23 kB │ gzip: 151.32 kB
│  Vite storybook-static/assets/DocsRenderer-LL677BLK-BIemyidQ.js
│  833.37 kB │ gzip: 266.38 kB
│  Vite storybook-static/assets/react-apexcharts.esm-DkybJlrg.js
│  971.59 kB │ gzip: 283.84 kB
│  Vite storybook-static/assets/iframe-BZxoOAHC.js
│  2,050.80 kB │ gzip: 579.69 kB
│
▲  Vite
│  (!) Some chunks are larger than 500 kB after minification. Consider:
│  - Using dynamic import() to code-split the application
│  - Use build.rollupOptions.output.manualChunks to improve chunking:
│  ]8;;https://rollupjs.org/configuration-options/#output-manualchunkshttps://rollupjs.org/configuration-options/#output-manualchunks]8;;
│  - Adjust chunk size limit for this warning via
│  build.chunkSizeWarningLimit.
│  Vite ✓ built in 55.01s
│
◇  Output directory: C:/Claude_Code_Projects/lero-al/storybook-static
│
└  Storybook build completed successfully

EXIT_CODE=0
