
> lero-al@0.1.0 screenshots:assert
> node scripts/check-stories-rendered.mjs

📸  Starting rendered assertion (full mode)
    Assert stories: 91 | Viewports: 14 | Locales: 4
    Output: .screenshots/rendered-assert/2026-08-14T17-17/

    Mantine gate stories (Task 529/607 ENFORCED, always runs incl. --fast, prefixes: Mantine/Primitives/, Patterns/Mantine/; enrolled: Admin/AdminUsersTable): 72 (1204 cells @ 320/375/390/1024 × 4 locales + 52 per-story extra-viewport cells (Task 573); 12 overlay stories asserted OPENED via scripted click)
    Geometry-only stories: 154 (1848 cells at 320/375/390 × 4 locales)

  mantine: ✗✓✓✓✓✓✓✓✗✓✓✓✓✓✓✓✓✓✓✓✓✓✓✓✓✓✓✓✓✓✓✓✓✓✓✓✓✓✓✓✓✓✓✓✓✓✓✓✓✓✓✓✓✓✓✓✓✓✓✓✓✓✓✓✓✓✓✓✓✓✓✓✓✓✓✓✓✓✓✓✓✓✓✓✓✓✓✓✓✓✓✓✓✓✓✓✓✓✓✓✓✓✓✓✓✓✓✓✓✓✓✓✓✓?✓✓✓?✓✓✓?✓✓✓?✓✓✓✓✓✓✓✓✓✓✓✓✓✓✓✓✓✓✓✓✓✓✓✓✓✓✓✓✓✓✓✓✓✓✓✓✓✓✓✓✓✓✓✓✓✓✓✓✓✓✓✓✓✓✓✓✓✓✓✓✓✓✓✓✓✓✓✓✓✓✓✓✓✓✓✓✓✓✓✓✓✓✓✓✓✓✓✓✓✓✓✓✓✓✓✓✓✓✓✓✓✓✓✓✓✓✓✓✓✓✓✓✓✓✓✓✓✓✓✓✓✓✓✓✓✓✓✓✓✓✓✓✓✓✓✓✓✓✓✓✓✓✓✓✓✗✗✗✓✓✗✗✗✓✓✗✗✗✓✓✗✗✗✓✓✓✓✓✓✓✓✓✓✓✓✓✓✓✓✓✓✓✓✗✓✓✓✓✓✓✓✓✓✓✓✓✓✓✓✓✓✓✓✓✓✓✓✓✓✓✓✓✓✓✓✓✓✓✓✓✓✓✓✓✓✓✓✓✓✓✓✓✓✓✓✓✓✓✓✓✓✓✓✓✓✓✓✓✓✓✓✓✓✓✓✓✓✓✓✓✓✓✓✓✓✓✓✓✓✓✓✓✓✓✓✓✓✓✓✓✓✓✓✓✓✓✓✓✓✓✓✓✓✓✓✓✓✓✓✓✓✓✓✓✓✓✓✓✓✓✓✓✓✓✓✓✓✓✓✓✓✓✓✓✓✓✓✓✓✓✓✓✓✓✓✓✓✓✓✓✓✓✓✓✓✓✓✓✓✓✓✓✓✓✓✓✓✓✓✓✓✓✓✓✓✓✓✓✓✓✓✓✓✓✓✓✓✓✓✓✓✓✓✗✓✓✓✗✓✓✓✗✓✓✓✗✓✓✓✓✓✓✓✓✓✓✓✓✓✓✓✓✓✓✓✓✓✓✓✓✓✓✓✓✓✓✓✓✓✓✓✓✓✓✓✓✓✓✓✓✓✓✓✓✓✓✓✓✓✓✓✓✓✓✓✓✓✓✓✓✓✓✓✓✓✓✓✓✓✓✓✓✓✓✓✓✓✓✓✓✓✓✓✓✓✓✓✓✓????✓✓✓????✓✓✓????✓✓✓????✓✓✓✓✓✓✓✓✓✓✓✓✓✓✓✓✓✓✓✓✓✓✓✓✓✓✓✓✓✓✓✓✓✓✓✓✓✓✓✓✓✓✓✓✓✓✓✓✓✓✓✓✓✓✓✓✓✓✓✓✓✓✓✓✓✓✓✓✓✓✓✓✓✓✓✓✓✓✓✓✓✓✓✓✓✓✓✓✓✓✓✓✓✓✓✓✓✓✓✓✓✓✓✓✓✓✓✓✓✓✓✓✓✓✓✓✓✓✓✓✓✓✓✓✓✓✓✓✓✓✓✓✓✓✓✓✓✓✓✓✓✓✓✓✓✓✓✓✓✓✓✓✓✓✓✓✓✓✓✓✓✓✓✓✓✓✓✓✓✓✓✓✓✓✓✓✓✓✓?✓✓✓✓✓✓✓✓✓✓✓?✓✓✓✓✓✓✓✓✓✓✓✓✓✓✓✓✓✓✓✓✓✓✓✓✓✓✓✓✓✓✓✓✓✓✓✓✓✓✓✓✓✓✓✓✓✓✓✓✓✓✓✓✓✓✓✓✓✓✓✓✓✓✓✓✓✓✓✓✓✓✓✓✓✓✓✓✓✓✓✓✓✓✓✓✓✓✓✓✓✓✓✓✓✓✓✓✓✓✓✓✓✓✓✓✓✓✓✓✓✓✓✓✓✓✓✓✓✓✓✓✓✓✓✓✓✓✓✓✓✓✓✓✓✓✓✓✓✓✓✓✓✓✓✓✓✓✓✓✓✓✓✓✓✓✓✓✓✓✓✓✓✓✓✓✓✓✓✓✓✓✓✓✓✓✓✓✓✓✓✓✓✓✓✓✓✓✓✓✓✓✓✓✓✓✓✓✓✓✓✓✓✓✓✓✓✓✓✓✓✓✓✓✓✓✓✓✓✓✓✓✓✓✓✓✓✓✓✓✓✓✓✓✓✓✓✓✓✓✓✓✓✓✓✓✓✓✓✓✓✓✓✓✓✓✓✓✓✓✓✓✓✓✓✓✓✓✓✓✓✓✓✓✓✓✓✓✓✓✓✓✓✓✓✓✓✓✓✓✓✓✓✓✓✓✓✓✓✓✓✓✓✓✓✓✓✓✓✓✓✓✓✓✓✓✓✓✓✓✓✓✓✓✓✓✓✓✓✓✓✓✓✓✓✓✓✓✓✓✓✓✓✓✓✓✓✓✓✓✓✓✓✓✓✓✓✓✓✓✓✓✓✓✓✓✓✓✓✓✓✓✓
✓✓✓✓✓✓✓✓✓✓✓✓✓✓✓✓✓✓✓✓✓✓✓✓✓✓✓✓✓✓✓✓✓✓✓✓✓✓✓✓✓✓✓✓✓✓✓✓✓✓✓✓✓✓✓✓✓✓✓✓✓✓✓✓✓✓✓✓✓✓✓✓✓✓✓✓✓✓✓✓✓✓✓✓✓✓✓✓✓✓✓✓✓✓✓✓✓✓✓✓✓✓✓✓✓✓✓✓✓✓✓✓✓✓✓✓✓✓✓✓✓✓✓✓✓✓✓✓✓✓✓✓✓✓✓✓✓✓✓✓✓✓✓✓✓✓✓✓✓✓✓✓✓✓✓✓✓✓✓✓✓✓✓✓✓✓✓✓✓✓✓✓✓✓✓✓✓✓✓✓✓✓✓✓✓✓✓✓✓✓✓✓✓✓✓✓✓✓✓✓✓✓✓✓✓✓✓✓✓✓✓✓✓✓✓✓✓✓✓✓✓✓✓✓✓✓✓✓✓✓✓✓✓✓✓✓✓✓✓✓✓✓✓✓✓✓✓✓✓✓✓✓✓✓✓✓✓✓✓✓✓✓✓✓✓✓✓✓✓✓✓✓✓✓✓✓✓✓✓✓✓✓✓✓✓✓✓✓✓✓✓✓✓✓✓✓✓✓✓✓✓✓✓✓✓✓✓✓✓✓✓✓✓✓✓✓✓✓✓✓✓✓✓✓✓✓✓✓✓✓✓✓✓✓✓✓✓✓✓✓✓✓✓✓✓✓✓✓✓✓✓✓✓✓✓✓✓✓✓✓✓✓✓✓✓✓✓✓✓✓✓✓✓✓✓✓✓✓✓✓✓✓✓✓✓✓✓✓✓✓✓✓✓✓✓✓✓✓✓✓✓✓✓✓✓✓✓✓✓✓✓✓✓✓✓✓✓✓✓✓✓✓✓✓✓✓✓✓✓✓✓✓✓✓✓✓✓✓✓✓✓✓✓✓✓✓✓✓✓✓✓✓✓✓✓✓✓✓✓✓✓✓✓✓✓✓✓✓✓✓✓✓✓✓✓✓✓✓✓✓✓✓✓✓✓✓✓✓✓✓✓✓✓✓✓✓✓✓✓✓✓✓✓✓✓✓✓✓✓✓✓✓✓✓✓✓✓✓✓✓✓✓✓✓✓✓✓✓✓✓✓✓✓✓✓✓✓✓✓✓✓✓✓✓✓✓✓✓✓✓✓✓✓✓✓✓✓✓✓✓✓✓✓✓✓✓✓✓✓✓✓✓✓✓✓✓✓✓✓✓✓✓✓✓✓✓✓✓✓✓✓✓✓✓✓✓✓✓✓✓✓✓✓✓✓✓✓✓✓✓✓✓✓✓✓✓✓✓✓✓✓✓✓✓✓✓✓✓✓✓✓✓✓✓✓✓✓✓✓✓✓✓✓✓✓✓✓✓✓✓✓✓✓✓✓✓✓✓✓✓✓✓✓✓✓✓✓✓✓✓✓✓✓✓✓✓✓✓✓✓✓✓✓✓✓✓✓✓✓✓✓✓✓✓✓✓✓✓✓✓✓✓✓✓✓✓✓✓✓✓✓✓✓✓✓✓✓✓✓✓✓✓✓✓✓✓✓✓✓✓✓✓✓✓✓✓✓✓✓✓✓✓✓✓✓✓✓✓✓✓✓✓✓✓✓✓✗✓✓✓✓✓✓✓✓✓✓✓✓✓✓✓✓✓✓✓✓✓✓✓✓✓✓✓✓✓✓✓✓✓✓✓✓✓✓✓✓✓✓✓✓✓✓✓✓✓✓✓✓✓✓✓✓✓✓✓✓✓✓✓✓✓✓✓✓✓✓✓✓✓✓✓✓✓✓✓✓✓✓✓✓✓✓✓✓✓✓✓✓✓✓✓✓✓✓✓✓✓✓✓✓✓✓✓✓✓✓✓✓✓✓✓✓✓✓✓✓✓✓✓✓✓✓✓✓✓✓✓✓✓✓✓✓✓✓✓✓✓✓✓✓✓✓✓✓✓✓✓✓✓✓✓✓✓✓✓✓✓✓✓✓✓✓✓✓✓✓✓✓✓✓✓✓✓✓✓✓✓✓✓✓✓✓✓✓✓✓✓✓✓✓✓✓✓✓✓✓✓✓✓✓✓✓✓✓✓✓✓✓✓✓✓✓✓✓✓✓✓✓✓✓✓✓✓✓✓✓✓✓✓✓✓✓✓✓✓✓✓✓✓✓✓✓✓✓✓✓✓✓✓✓✓✓✓✓✓✓✓✓✓✓✓✓✓✓✓✓✓✓✓✓✓✓✓✓✓✓✓✓✓✓✓✓✓✓✓✓✓✓✓✓✓✓✓✓✓✓✓✓✓✓✓✓✓✓✓✓✓✓✓✓✓✓✓✓✓✓✓✓✓✓✓✓✓✓✓✓✓✓✓✓✓✓✓✓✓✓✓✓✓✓✓✓✓✓✓✓✓✓✓✓✓✓✓✓✓✓✓✓✓✓✓✓✓✓✓✓✓✓✓✓✓✓✓✓✓✓✓✓✓✓✓✓✓✓✓✓✓✓✓✓✓✓✓✓✓✓✓✓✓✓✓✓✓✓✓✓✓✓✓✓✓✓✓✓✓✓✓✓✓✓✓✓✓✓✓✓✓✓✓✓✓✓✓✓✓✓✓✓✓✓✓✓✓✓✓✓✓✓✓✓✓✓✓✓✓✓✓✓✓✓✓✓✓✓✓✓✓✓✓✓✓✓✓✓✓✓✓✓✓✓✓✓✓✓✓✓✓✓✓✓✓✓✓✓✓✓✓✓✓✓✓✓✓✓✓✓✓✓✓✓✓✓✓✓✓✓✓✓✓✓✓✓✓✓✓✓✓✓✓✓✓✓✓✓✓✓RRRRR✓✓✓✓✓✓✓✓✓RRRRR✓✓✓✓✓✓✓✓✓RRRRR✓✓✓✓✓✓✓✓✓RRRRR✓✓✓✓✓✓✓✓✓✓✓✓✓✓✓✓✓✓✓✓✓✓✓✓✓✓✓✓✓✓✓✓✓✓✓✓✓✓✓✓✓✓✓✓✓✓✓✓✓✓✓✓✓✓✓✓✓✓✓✓✓✓✓✓✓✓✓✓✓✓✓✓✓✓✓✓✓✓✓✓✓✓✓✓✓✓✓✓✓✓✓✓✓✓✓✓✓✓✓✓✓✓✓✓✓✓✓✓✓✓✓✓✗✗✗✗✗✓✓✓✓RRRRR✗✗✗✗✗✓✓✓✓RRRRR✗✗✗✗✗✓✓✓✓RRRRR✗✗✗✗✗✓✓✓✓RRRRR✓✓✓✓✓✓✓✓✓✓✓✓✓✓✓✓✓✓✓✓✓✓✓✓✓✓✓✓✓✓✓✓✓✓✓✓✓✓✓✓✓✓✓✓✓✓✓✓✓✓✓✓✓✓✓✓✓✓✓✓✓✓✓✓✓✓✓✓✓✓✓✓✓✓✓✓✓✓✓✓✓✓✓✓✓✓✓✓✓✓✓✓✓✓✓✓✓✓✓✓✓✓✓✓✓✓✓✓✓✓✓✓✓✓✓✓✓✓✓✓✓✓✓✓✓✓✓✓✓✓✓✓✓✓✓✓✓✓✓✓✓✓✓✓✓✓✓✓✓✓✓✓✓✓✓✓✓✓✓✓✓✓✓✓✓✓✓✓✓✓✓✓✓✓✓✓✓✓✓✓✓✓✓✓✓✓✓✓✓✓✓✓✓✓✓✓✓✓✓✓✓✓✓✓✓✓✓✓✓✓✓✓✓✓✓✓✓✓✓✓✓✓✓✓✓✓✓✓✓✓✓✓✓✓✓✓✓✓✓✓✓✓✓✓✓✓✓✓✓✓✓✓✓✓✓✓✓✓✓✓✓✓✓✓✓✓✓✓✓✓✓✓✓✓✓✓✓✓✓✓✗✗✗✓✓✓✓✓✓✓✓✓✓✓✗✗✗✓✓✓✓✓✓✓✓✓✓✓✗✗✗✓✓✓✓✓✓✓✓✓✓✓✗✗✗✓✓✓✓✓✓✓✓✓✓✓✓✓✓✓✓✓✓✓✓✓✓✓✓✓✓✓✓✓✓✓✓✓✓✓✓✓✓✓✓✓✓✓✓✓✓✓✓✓✓✓✓✓✓✓✓✓✓✓✓✓✓✓✓✓✓✓✓✓✓✓✓✓✓✓✓✗✗✗✗✗✓✓✓✓✓✓✓✓✓✗✗✗✗✗✓✓✓✓✓✓✓✓✓✗✗✗✗✗✓✓✓✓✓✓✓✓✓✗✗✗✗✗✗✓✓✓✓???✓✓✓✓✓✓✓✓✓✓✓???✓✓✓✓✓✓✗✓✓✓✓???✓✓✓✓✓✓✓✓✓✓✓???✓✓✓✓✓✓✓✓✓✓✓✓✓✓✓✓✓✓✓✓✓✓✓✓✓✓✓✓✓✓✓✓✓✓✓✓✓✓✓✓✓✓✓✓✓✓✓✓✓✓✓✓✓✓✓✓✓✓✓✓✓✓✓✓✓✓✓✓✓✓✓✓✓✓✓✓✓✓✓✓✓✓✓✓✓✓✓✓✓✓✓✓✓✓✓✓✓✓✓✓✓✓✓✓✓✓✓✓✓✓✓✓✓✓✓✓✓✓✓✓✓✓✓✓✓✓✓✓✓✓✓✓✓✓✓✓✓✓✓✓✓✓✓✓✓✓✓✓✓✓✓✓✓✓✓✓✓✓✓✓✓✓✓✓✓✓✓✓✓✓✓✓✓✓✓✓✓✓✓✓✓✓✓✓✓✓✓✓✓✓✓✓✓✓✓✓✓✓✓✓✓✓✓✓✓✓✓✓✓✓✓✓✓✓✓✓✓✓✓✓✓✓✓✓✓✓✓✓✓✓✓✓✓✓✓✓✓✓✓✓✓✓✓✓✓✓✓✓✓✓✓✓✓✓✓✓✓✓✓✓✓✓✓✓✓✓✓✓✓✓✓✓✓✓✓✓✓✓✓✓✓✓✓✓✓✓✓✓✓✓✓✓✓✓✓✓✓✓✓✓✓✓✓✓✓✓✓✓✓✓✓✓✓✓✓✓✓✓✓✓✓✓✓✓✓✓✓✓✓✓✓✓✓✓✓✓✓✓✓✓✓✓✓✓✓✓✓✓✓✓✓✓✓✓✓✓✓✓✓✓✓✓✓✓✓✓✓✓✓✓✓✓✓✓✓✓✓✓✓✓✓✓✓✓✓✓✓✓✓✓✓✓✓✓✓✓✓✓✓✓✓✓✓✓✓✓✓✓✓✓✓✓✓✓✓✓✓✓✓✓✓✓✓✓✓✓✓✓✓✓✓✓✓✓✓✓✓✓✓✓✓✓✓✓✓✓✓✓✓✓✓✓✓✓✓✓✓✓✓✓✓✓✓✓✓✓✓✓✓✓✓✓✓✓✓✓✓✓✓✓✓✓✓✓✓✓✓✓✓✓✓✓✓✓✓✓✓✓✓✓✓✓✓✓✓✓✓✓✓✓✓✓✓✓✓✓✓✓✓✓✓✓✓✓✓✓✓✓✓✓✓✓✓✓✓✓✓✓✓✓✓✓✓✓✓✓✓✓✓✓✓✓✓✓✓✓✓✓✓✓✓✓✓✓✓✓✓✓✓✓✓✓✓✓✓✓✓✓✓✓✓✓✓✓✓✓✓✓✓✓✓✓✓✓✓✓✓✓✓✓✓✓✓✓✓✓✓✓✓✓✓✓✓✓✓✓✓✓✓✓✓✓✗✗✗✗✗✓✓✓✓✓✓✓✓✓✗✗✗✗✗✓✓✓✓✓✓✓✓✓✗✗✗✗✗✓✓✓✓✓✓✓✓✓✗✗✗✗✗✓✓✓✓✓✓✓✓✓✓✓✓✓✓✓✓✓✓✓✓✓✓✓✓✓✓✓✓✓✓✓✓✓✓✓✓✓✓✓✓✓✓✓✓✓✓✓✓✓✓✓✓✓✓✓✓✓✓✓✓✓✓✓✓✓✓✓✓✓✓✓✓✓✓✓✓✓✓✓✓✓✓✓✓✓✓✓✓✓✓✓✓✓✓✓✓✓✓✓✓✓✓✓✓✓✓✓✓✓✓✓✓✓✓✓✓✓✓✓✓✓✓✓✓✓✓✓✓✓✓✓✓✓✓✓✓✓✓✓✓✓✓✓✓✓✓✓✓✓✓✓✓✓✓✓✓✓✓✓✓✓✓✓✓✓✓✓✓✓✓✓✓✓✓✓✓✓✓✓✓✓✓✓✓✓✓✓✓✓✓✓✓✓✓✓✓✓✓✓✓✓✓✓✓✓✓✓✓✓✓✓✓✓✓✓✓✓✓✓✓✓✓✓✓✓✓✓✓✓✓✓✓✓✓✓✓✓✓✓✓✓✓✓✓✓✓✓✓✓✓✓✓✓✓✓✓✓✓✓✓✓✓✓✓✓✓✓✓✓✓✓✓✓✓✓✓✓✓✓✓✓✓✓✓✓✓✓✓✓✓✓✓✓✓✓✓✓✓✓✓✓✓✓✓✓✓✓✓✓✓✓✓✓✓✓✓✓✓✓✓✓✓✓✓✓✓✓✓✓✓✓✓✓✓✓✓✓✓✓✓✓✓✓✓✓✓✓✓✓✓✓✓✓✓✓✓✓✓✓✓✓✓✓✓✓✓✓✓✓✓✓✓✓✓✓✓✓✓✓✓✓✓✓✓✓✓✓✓✓✓✓✓✓✓✓✓✓✓✓✓✓✓✓✓✓✓✓✓✓✓✓✓✓✓✓✓✓✓✓✓✓✓✓✓✓✓✓✓✓✓✓✓✓✓✓✓✓✓✓✓✓✓✓✓✓✓✓✓✓✓✓✓✓✓✓✓✓✓✓✓✓✓✓✓✓✓✓✓✓✓✓✓✓✓✓✓✓✓✓✓✓✓✓✓✓✓✓✓✓✓✓✓✓✓✓✓✓✓✓✓✓✓✓✓✓✓✓✓✓✓✓✓✓✗✗✗✗✗✗✗✗✗✗✗✗✗✗✗✗✗✗✗✗✗✗✗✗✗✗✗✗✗✗✗✗✗✗✗✗✗✗✗✗✗✗✗✗✗✗✗✗✗✗✗✗✗✗✗✗✗✗✗✗✗✗✗✗✗✗✗✗✗✗✗✗✗✗✗✗✗✗✗✗✗✗✗✗✗✗✗✗✗✗✗✗✗✗✗✗✗✗✗✗✗✗✗✗✗✗✗✗✗✗✗✗✗✗✗✗✗✗✗✗✗✗✗✗✗✗✗✗✗✗✗✗✗✗✗✗✗✗✗✗✗✗✗✗✗✗✗✗✗✗✗✗✗✗✗✗✗✗✗✗✗✗✗✗✗✗✗✗✓✓✓✓✓✓✓✓✓✓✓✓✓✓✓✓✓✓✓✓✓✓✓✓✓✓✓✓✓✓✓✓✓✓✓✓✓✓✓✓✓✓✓✓✓✓✓✓✓✓✓✓✓✓✓✓✓✓✓✓✓✓✓✓✓✓✓✓✓✓✓✓✓✓✓✓✓✓✓✓✓✓✓✓✓✓✓✓✓✓✓✓✓✓✓✓✓✓✓✓✓✓✓✓✓✓✓✓✓✓✓✓✓✓✓✓✓✓✓✓✓✓✓✓✓✓✓✓✓✓✓✓✓✓✓✓✓✓✓✓✓✓✓✓✓✓✓✓✓✓✓✓✓✓✓✓✓✓✓✓✓✓✓✓✓✓✓✓✓✓✓✓✓✓✓✓✓✓✓✓✓✓✓✓✓✓✓✓✓✓✓✓✓✓✓✓✓✓✓✓✓✓✓✓✓✓✓✓✓✓✓✓✓✓✓✓✓✓✓✓✓✓✓✓✓✓✓✓✓✓✓✓✓✓✓✓✓✓✓✓✓✓✓✓✓✓✓✓✓✓✓✓✓✓✓✓✓✓✓✓✓✓✓✓✓✓✓✓✓✓✓✓✓✓✓✓✓✓✓✓✓✓✓✓✓✓✓✓✓✓✓✓✓✓✓✓✓✓✓✓✓✓✓✓✓✓✓✓✓✓✓✓✓✓✓✓✓✓✓✓✓✓✓✓✓✓✓✓✓✓✓✓✓✓✓✓✓✓✓✓✓✓✓✓✓✓✓✓✓✓✓✓✓✓✓✓✓✓✓✓✓✓✓✓✓✓✓✓✓✓✓✓✓✓✓✓✓✓✓✓✓✓✓✓✓✓✓✓✓✓✓✓✓✓✓✓✓✓✓✓✓✓✓✓✓✓✓✓✓✓✓✓✓✓✓✓✓✓✓✓✓✓✓✓✓✓✓✓✓✓✓✓✓✓✓✓✓✓✓✓✓✓✓✓✓✓✓✓✓✓✓✓✓✓✓✓✓✓✓✓✓✓✓✓✓✓✓✓✓✓✓✓✓✓✓✓✓✓✓✓✓✓✓✓✓✓✓✓✓✓✓✓✓✓✓✓✓✓✓✓✓✓✓✓✗✗✗✗✗✓✓✓✓✓✓✓✓✓✗✗✗✗✓✓✓✓✓✓✓✓✓✓✗✗✗✗✗✓✓✓✓✓✓✓✓✓✗✗✗✗✗✓✓✓✓✓✓✓✓✓✗✗✗✗✗✓✓✓✓✓✓✓✓✓✗✗✗✗✓✓✓✓✓✓✓✓✓✓✗✗✗✗✗✓✓✓✓✓✓✓✓✓✗✗✗✗✗✓✓✓✓✓✓✓✓✓✗✗✗✗✗✗✓✗✓✗✓✓✓✓✗✗✗✗✗✗✓✓✓✗✓✓✓✓✗✗✗✗✗✗✓✗✓✗✓✓✓✓✗✗✗✗✗✗✓✓✓✗✓✓✓✓✗✗✗✗✗✓✓✓✓✓✓✓✓✓✗✗✗✗✓✓✓✓✓✓✓✓✓✓✗✗✗✗✗✓✓✓✓✓✓✓✓✓✗✗✗✗✓✓✓✓✓✓✓✓✓✓✗✗✗✗✗✓✓✓✓✓✓✓✓✓✗✗✗✗✗✓✓✓✓✓✓✓✓✓✗✗✗✗✗✓✓✓✓✓✓✓✓✓✗✗✗✗✗✓✓✓✓✓✓✓✓✓✓✓✓✓✓✓✓✓✓✓✓✓✓✓✓✓✓✓✓✓✓✓✓✓✓✓✓✓✓✓✓✓✓✓✓✓✓✓✓✓✓✓✓✓✓✓✓✓✓✓✓✓✓✓✓✓✗✗✗✗✗✗✗✗✗✗✗✗✗✗✗✗✗✗✗✗✗✗✗✗✗✗✗✗✗✗✗✗✗✗✗✗✗✗✗✗✗✗✗✗✗✗✗✗✗✗✗✗✗✗✗✗✗✗✗✗✗✗✗✗✗✗✗✗✗✗✗✗✗✗✗✗✗✗✗✗✗✗✗✗✗✗✗✗✗✗✗✗✗✗✗✗✗✗✗✗✗✗✗✗✗✗✗✗✗✗✗✗✗✗✗✗✗✗✗✗✗✗✗✗✗✗✗✗✗✗✗✗✗✗✗✗✗✗✗✗✗✗✗✗✗✗✗✗✗✗✗✗✗✗✗✗✗✗✗✗✗✗✗✗✗✗✗✗✗✗✗✗✗✗✗✗✗✗✗✗✗✗✗✗✗✗✗✗✗✗✗✗✗✗✗✗✗✗✗✗✗✗✗✗✗✗✗✗✗✗✗✗✗✗✗✗✗✗✗✗✗✗✗✗✓✓✓✓✓✓✓✓✓✓✓✓✓✓✓✓✓✓✓✓✓✓✓✓✓✓✓✓✓✓✓✓✓✓✓✓✓✓✓✓✓✓✓✓✓✓✓✓✓✓✓✓✓✓✓✓????????????????????????????????????????????????????????????????????????????????????????????????????????????????✗✗✗✗✗✗✗✗✗✗✗✗✗✗✗✗✗✗✗✗✗✗✗✗✗✗✗✗✗✗✗✗✗✗✗✗✗✗✗✗✗✗✗✗✗✗✗✗✗✗✗✗✗✗✗✗✗✗✗✗✗✗✗✗✗✗✗✗✗✗✗✗✗✗✗✗✗✗✗✗✗✗✗✗✗✗✗✗✗✗✗✗✗✗✗✗✗✗✗✗✗✗✗✗✗✗✗✗✗✗✗✗✓✓✓✓✓✓✓✓✓✓✓✓✓✓✓✓✓✓✓✓✓✓✓✓✓✓✓✓✓✓✓✓✓✓✓✓✓✓✓✓✓✓✓✓✓✓✓✓✓✓✓✓✓✓✓✓✓✓✓✓✓✓✓✓✓RRRRR✓✓✓✓✓✓✓✓✓RRRRR✓✓✓✓✓✓✓✓✓RRRRR✓✓✓✓✓✓✓✓✓RRRRRRRRRRRRRR✓✓✓✓✓RRRRRRRRR✓✓✓✓✓RRRRRRRRR✓✓✓✓✓RRRRRRRRR✓✓✓✓✓✓✓✓✓✓✓✓✓✓✓✓✓✓✓✓✓✓✓✓✓✓✓✓✓✓✓✓✓✓✓✓✓✓✓✓✓✓✓✓✓✓✓✓✓✓✓✓✓✓✓✓✓✓✓✓✓✗✗✗✗✗✗✗✗✗✗✗✗✗✗✗✗✗✗✗✗✗✗✗✗✗✗✗✗✗✗✗✗✗✗✗✗✗✗✗✗✗✗✗✗✗✗✗✗✗✗✗✗✗✗✗✗✓✓✓✓✓✓✓✓✓✓✓✓✓✓✓✓✓✓✓✓✓✓✓✓✓✓✓✓✓✓✓✓✓✓✓✓✓✓✓✓✓✓✓✓✓✓✓✓✓✓✓✓✓✓✓✓????????????????????????????????????????????????????????
  geometry-only: ✓✓✓✓✓✓✓✓✓✓✓✓✓✓✓✓✓✓✓✓✓✓✓✓✓✓✓✓✓✓✓✓✓✓✓✓✓✓✓✓✓✓✓✓✓✓✓✓✓✓✓✓✓✓✓✓✓✓✓✓✓✓✓✓✓✓✓✓✓✓✓✓✓✓✓✓✓✓✓✓✓✓✓✓✓✓✓✓✓✓✓✓✓✓✓✓✗✗✗✗✗✗✗✗✗✗✗✗✓✓✓✓✓✓✓✓✓✓✓✓✓✓✓✓✓✓✓✓✓✓✓✓✓✓✓✓✓✓✓✓✓✓✓✓✓✓✓✓✓✓✓✓✓✓✓✓✓✓✓✓✓✓✓✓✓✓✓✓✓✓✓✓✓✓✓✓✓✓✓✓✓✓✓✓✓✓✓✓✓✓✓✓✓✓✓✓✓✓✓✓✓✓✓✓✓✓✓✓✓✓✓✓✓✓✓✓✓✓✓✓✓✓✓✓✓✓✓✓✓✓✓✓✓✓✓✓✓✓✓✓✓✓✓✓✓✓✓✓✓✓✓✓✓✓✓✓✓✓✓✓✓✓✓✓✓✓✓✓✓✓✓✓✓✓✓✓✓✓✓✓✓✓✓✓✓✓✓✓✓✓✓✓✓✓✓✓✓✓✓✓✓✓✓✓✓✓✓✓✓✓✓✓✓✓✓✓✓✓✓✓✓✓✓✓✗✗✗✗✗✗✗✗✗✗✗✗✓✓✓✓✓✓✓✓✓✓✓✓RRRRRRRRRRRR✗✗✗✗✗✗✗✗✗✗✗✗✓✓✓✓✓✗✓✓✓✓✓✓✗✗✗✗✗✗✗✗✗✗✗✗✓✓✓✓✓✓✓✓✓✓✓✓✓✓✓✓✓✓✓✓✓✓✓✓✓✓✓✓✓✓✓✓✓✓✓✓✓✓✓✓✓✓✓✓✓✓✓✓✓✓✓✓✓✓✓✓✓✓✓✓✓✓✓✓✓✓✓✓✓✓✓✓✓✓✓✓✓✓✓✓✓✓✓✓✓✓✓✓✓✓✓✓✓✓✓✓✓✓✓✓✓✓✓✓✓✓✓✓✓✓✓✓✓✓✓✓✓✓✓✓✓✓✓✓✓✓✓✓✓✓✓✓✓✓✓✓✓✓✓✓✓✓✓✓✓✓✓✓✓✓✓✓✓✓✓✓✓✓✓✓✓✓✓✓✓✓✓✓✓✓✓✓✓✓✓✓✓✓✓✓✓✓✓✓✓✓✓✓✓✓✓✓✓✓✓✓✓✓✓✓✓✓✓✓✓✓✓✓✓✓✓✓✓✓✓✓✓✓✓✓✓✓✓✓✓✓✓✓✓✓✓✓✓✓✓✓✓✓✓✓✓✓✓✓✓✓✓✓✓✓✓✓✓✓✓✓✓✓✓✓✓✓✓✓✓✓✓✓✓✓✓✓✓✓✓✓✓✓✓✓✓✓✓✓✓✓✓✓✓✓✓✓✓✓✓✓✓✓✓✓✓✓✓✓✓✓✓✓✓✓✓✓✓✓✓✓✓✓✓✓✓✓✓✓✓✓✓✓✓✓✓✓✓✓✓✓✓✓✓✓✓✓✓✓✓✓✓✓✓✓✓✓✓✓✓✓✓✓✓✓✓✓✓✓✓✓✓✓✓✓✓✓✓✓✓✓✓✓✓✓✓✓✓✓✓✓✓✓✓✓✓✓✓✓✓✓✓✓✓✓✓✓✓✓✓✓✓✓✓✓✓✓✓✓✓✓✓✓✓✓✓✓✓✓✓✓✓✓✓✓✓✓✓✓✓✓✓✓✓✓✓✓✓✓✓✓✓✓✓✓✓✓✓✓✓✓✓✓✓✓✓✓✓✓✓✓✓✓✓✓✓✓✓✓✓✓✓✓✓✓✓✓✓✓✓✓✓✓✓✓✓✓✓✓✓✓✓✓✓✓✓✓✓✓✓✓✓✓✓✓✓✓✓✓✓✓✓✓✓✓✓✓✓✓✓✓✓✓✗✗✗✗✗✗✓✓✓✗✗✗✓✓✓✓✓✓✓✓✓✓✓✓✓✓✓✓✓✓✓✓✓✓✓✓✓✓✓✓✓✓✓✓✓✓✓✓✓✓✓✓✓✓✓✓✓✓✓✓✓✓✓✓✓✓✓✓✓✓✓✓✓✓✓✓✓✓✓✓✓✓✓✓✗✓✓✗✓✓✗✓✓✗✓✓✗✓✓✗✓✓✗✓✓✗✓✓✓✓✓✓✓✓✓✓✓✓✓✓✓✓✓✓✓✓✓✓✓✓✓✓✓✓✓✓✓✓✓✓✓✓✓✓✓✓✓✓✓✓✓✓✓✓✓✓✓✓✓✓✓✓✓✓✓✓✓✓✓✓✓✓✓✓✓✓✓✓✓✓✓✓✓✓✓✓✓✓✓✓✓✓✓✓✓✓✓✓✓✓✓✓✓✓✓✓✓✓✓✓✓✓✓✓✓✓✓✓✓✓✓✓✓✓✓✓✓✓✗✗✗✗✗✗✗✗✗✗✗✗✓✓✓✓✓✓✓✓✓✓✓✓✓✓✓✓✓✓✓✓✓✓✓✓✓✓✓✗✓✓✓✓✓✓✓✓✓✓✓✓✓✓✓✓✓✓✓✓✓✓✓✓✓✓✓✓✓✓✓✓✓✓✓✓✓✓✓✓✓✓✓✓✓✓✓✓✓✓✓✓✓✓✓✓✓✓✓✓✓✓✓✓✓✓✓✓✓✓✓✓✓✓✓✓✓✓✓✓✓✓✓✓✓✓✓✓✓✓✓✓✓✓✓✓✗✓✓✓✓✓✓✓✓✓✓✓✓✓✓✓✓✓✓✓✓✓✓✓✓✓✓✓✓✓✓✓✓✓✓✓✓✓✓✓✓✓✓✓✓✓✓✓✓✓✓✓✓✓✓✓✓✓✓✓✓✓✓✓✓✓✓✓✗✓✓✗✓✓✗✓✓✗✓✓✗✓✓✗✓✓✗✓✓✗✓✓✓✓✓✓✓✓✓✓✓✓✓✓✓✓✓✓✓✓✓✓✓✓✓✓✓✓✓✓✓✓✓✓✓✓✓✓✗✗✗✗✗✗✗✗✗✗✗✗✓✓✓✓✓✓✓✓✓✓✓✓✓✓✓✓✓✓✓✓✓✓✓✓✓✓✓✓✓✓✓✓✓✓✓✓✓✓✓✓✓✓✓✓✓✓✓✓✓✓✓✓✓✓✓✓✓✓✓✓✗✗✗✗✗✗✗✗✗✗✗✗✗✗✗✗✗✗✗✗✗✗✗✗✗✓✓✓✓✓✗✗✗✗✓✓✓✓✓✓✓✓✓✓✓✓✓✓✗✗✗✗✓✓✗✗✗✗✗✗✓✓✓✓✓✓✓✓✓✓✓✓✓✓✓✓✓✓✓✓✓✓✓✓✓✓✓✓✓✓✓✓✓✓✓✓✗✗✗✗✗✗✗✗✗✗✗✗✓✓✓✓✓✓✓✓✓✓✓✓✓✓✓✓✓✓✓✓✓✓✓✓✗✗✗✗✗✗✗✗✗✗✗✗✓✓✓✓✓✓✓✓✓✓✓✓✗✗✗✗✗✗✗✗✗✗✗✗✓✓✓✓✓✓✓✓✓✓✓✓✓✓✓✓✓✓✓✓✓✓✓✓✓✓✓✓✓✓✓✓✓✓✓✓✓✓✓✓✓✓✓✓✓✓✓✓✓✓✓✓✓✓✓✓✓✓✓✓✓✓✓✓✓✓✓✓✓✓✓✓✓✓✓✓✓✓✓✓✓✓✓✓✓✓✓✓✓✓✓✓✓✓✓✓✓✓✓✓✓✓✓✓✓✓✓✓✓✓✓✓✓✓✓✓✓✓✓✓✓✓✓✓✓✓✓✓✓✓✓✓✓✓✓✓✓✓✓✓✓✓✓✓✗✗✗✗✗✗✗✗✗✗✗✗✓✓✓✓✓✓✓✓✓✓✓✓✗✗✗✗✗✗✗✗✗✗✗✗✓✓✓✓✓✓✓✓✓✓✓✓

Inventory: docs/governance-reports/2026-06-19-task467-storybook-visual-defect-inventory.md
Results: 6879/8148 PASS, 959 FAIL, 108 OUT-OF-RANGE, 202 AMBIGUOUS (needs-owner-decision)
  loader-only: 48
  blank-canvas: 6
  blank-screenshot: 38
  text-clipped: 193
  offscreen-control: 268
  outside-container: 118
  element-overlap: 134
  bottomsheet-overflow: 67
  ambiguous-overlap: 202
  unstyled-render: 56
flaky-recovered: 0
Manifest: .screenshots/rendered-assert/2026-08-14T17-17/manifest.json
PNGs: .screenshots/rendered-assert/2026-08-14T17-17/*.png

❌ Failed cells:
  Admin/AdminUsersTable/Default × sq × mobile-320
    ✗ horizontal overflow detected
    ✗ geometry [offscreen-control]: #mantine-23ihrld6r-tab-verified — ✓ Agjentë të verifikuar
  Admin/AdminUsersTable/Default × uk × mobile-320
    ✗ horizontal overflow detected
    ✗ geometry [offscreen-control]: #mantine-nw292jzwo-tab-verified — ✓ Верифіковані агенти
  Mantine/Primitives/HeroSearch/Default × sq × mobile-320
    ✗ text button not full-width at <640: 2
  Mantine/Primitives/HeroSearch/Default × sq × mobile-375
    ✗ text button not full-width at <640: 2
  Mantine/Primitives/HeroSearch/Default × sq × mobile-390
    ✗ text button not full-width at <640: 2
  Mantine/Primitives/HeroSearch/Default × en × mobile-320
    ✗ text button not full-width at <640: 2
  Mantine/Primitives/HeroSearch/Default × en × mobile-375
    ✗ text button not full-width at <640: 2
  Mantine/Primitives/HeroSearch/Default × en × mobile-390
    ✗ text button not full-width at <640: 2
  Mantine/Primitives/HeroSearch/Default × uk × mobile-320
    ✗ text button not full-width at <640: 2
  Mantine/Primitives/HeroSearch/Default × uk × mobile-375
    ✗ text button not full-width at <640: 2
  Mantine/Primitives/HeroSearch/Default × uk × mobile-390
    ✗ text button not full-width at <640: 2
  Mantine/Primitives/HeroSearch/Default × it × mobile-320
    ✗ text button not full-width at <640: 2
  Mantine/Primitives/HeroSearch/Default × it × mobile-375
    ✗ text button not full-width at <640: 2
  Mantine/Primitives/HeroSearch/Default × it × mobile-390
    ✗ text button not full-width at <640: 2
  Mantine/Primitives/HeroSearch/Fallback × it × desktop-1024
    ✗ render failure [blank-canvas]: near-uniform (bg=100.0%, var=0.0)
    ✗ horizontal overflow detected
  Mantine/Primitives/NotificationBellView/Default × sq × mobile-390
    ✗ text button not full-width at <640: Shëno të gjitha si të lexuara
  Mantine/Primitives/NotificationBellView/Default × en × mobile-390
    ✗ text button not full-width at <640: Mark all as read
  Mantine/Primitives/NotificationBellView/Default × uk × mobile-390
    ✗ text button not full-width at <640: Позначити всі як прочитані
  Mantine/Primitives/NotificationBellView/Default × it × mobile-390
    ✗ text button not full-width at <640: Segna tutte come lette
  Tabs/Default × uk × mobile-320
    ✗ geometry [offscreen-control]: #base-ui-_r_3_ — Профіль
  AdminSidebar/MobileDrawerOpen × sq × mobile-320
    ✗ geometry [bottomsheet-overflow]: a("Footer") — Footer
    ✗ geometry [bottomsheet-overflow]: a("Cilësimet e faqes") — Cilësimet e faqes
    ✗ geometry [bottomsheet-overflow]: a("Lejet") — Lejet
  AdminSidebar/MobileDrawerOpen × sq × mobile-375
    ✗ geometry [bottomsheet-overflow]: a("Footer") — Footer
    ✗ geometry [bottomsheet-overflow]: a("Cilësimet e faqes") — Cilësimet e faqes
    ✗ geometry [bottomsheet-overflow]: a("Lejet") — Lejet
  AdminSidebar/MobileDrawerOpen × sq × mobile-390
    ✗ geometry [bottomsheet-overflow]: a("Footer") — Footer
    ✗ geometry [bottomsheet-overflow]: a("Cilësimet e faqes") — Cilësimet e faqes
    ✗ geometry [bottomsheet-overflow]: a("Lejet") — Lejet
  AdminSidebar/MobileDrawerOpen × sq × mobile-480
    ✗ geometry [bottomsheet-overflow]: a("Cilësimet e faqes") — Cilësimet e faqes
    ✗ geometry [bottomsheet-overflow]: a("Lejet") — Lejet
  AdminSidebar/MobileDrawerOpen × sq × canonical-560
    ✗ geometry [bottomsheet-overflow]: a("Footer") — Footer
    ✗ geometry [bottomsheet-overflow]: a("Cilësimet e faqes") — Cilësimet e faqes
    ✗ geometry [bottomsheet-overflow]: a("Lejet") — Lejet
  AdminSidebar/MobileDrawerOpen × en × mobile-320
    ✗ geometry [bottomsheet-overflow]: a("Footer") — Footer
    ✗ geometry [bottomsheet-overflow]: a("Site settings") — Site settings
    ✗ geometry [bottomsheet-overflow]: a("Permissions") — Permissions
  AdminSidebar/MobileDrawerOpen × en × mobile-375
    ✗ geometry [bottomsheet-overflow]: a("Footer") — Footer
    ✗ geometry [bottomsheet-overflow]: a("Site settings") — Site settings
    ✗ geometry [bottomsheet-overflow]: a("Permissions") — Permissions
  AdminSidebar/MobileDrawerOpen × en × mobile-390
    ✗ geometry [bottomsheet-overflow]: a("Footer") — Footer
    ✗ geometry [bottomsheet-overflow]: a("Site settings") — Site settings
    ✗ geometry [bottomsheet-overflow]: a("Permissions") — Permissions
  AdminSidebar/MobileDrawerOpen × en × mobile-480
    ✗ render failure [blank-canvas]: near-uniform (bg=100.0%, var=0.0)
    ✗ horizontal overflow detected
  AdminSidebar/MobileDrawerOpen × en × canonical-560
    ✗ geometry [bottomsheet-overflow]: a("Footer") — Footer
    ✗ geometry [bottomsheet-overflow]: a("Site settings") — Site settings
    ✗ geometry [bottomsheet-overflow]: a("Permissions") — Permissions
  AdminSidebar/MobileDrawerOpen × uk × mobile-320
    ✗ geometry [bottomsheet-overflow]: a("Footer") — Footer
    ✗ geometry [bottomsheet-overflow]: a("Налаштування сайту") — Налаштування сайту
    ✗ geometry [bottomsheet-overflow]: a("Дозволи") — Дозволи
  AdminSidebar/MobileDrawerOpen × uk × mobile-375
    ✗ geometry [bottomsheet-overflow]: a("Footer") — Footer
    ✗ geometry [bottomsheet-overflow]: a("Налаштування сайту") — Налаштування сайту
    ✗ geometry [bottomsheet-overflow]: a("Дозволи") — Дозволи
  AdminSidebar/MobileDrawerOpen × uk × mobile-390
    ✗ geometry [bottomsheet-overflow]: a("Footer") — Footer
    ✗ geometry [bottomsheet-overflow]: a("Налаштування сайту") — Налаштування сайту
    ✗ geometry [bottomsheet-overflow]: a("Дозволи") — Дозволи
  AdminSidebar/MobileDrawerOpen × uk × mobile-480
    ✗ geometry [bottomsheet-overflow]: a("Налаштування сайту") — Налаштування сайту
    ✗ geometry [bottomsheet-overflow]: a("Дозволи") — Дозволи
  AdminSidebar/MobileDrawerOpen × uk × canonical-560
    ✗ geometry [bottomsheet-overflow]: a("Footer") — Footer
    ✗ geometry [bottomsheet-overflow]: a("Налаштування сайту") — Налаштування сайту
    ✗ geometry [bottomsheet-overflow]: a("Дозволи") — Дозволи
  AdminSidebar/MobileDrawerOpen × it × mobile-320
    ✗ geometry [bottomsheet-overflow]: a("Footer") — Footer
    ✗ geometry [bottomsheet-overflow]: a("Impostazioni sito") — Impostazioni sito
    ✗ geometry [bottomsheet-overflow]: a("Permessi") — Permessi
  AdminSidebar/MobileDrawerOpen × it × mobile-375
    ✗ geometry [bottomsheet-overflow]: a("Footer") — Footer
    ✗ geometry [bottomsheet-overflow]: a("Impostazioni sito") — Impostazioni sito
    ✗ geometry [bottomsheet-overflow]: a("Permessi") — Permessi
  AdminSidebar/MobileDrawerOpen × it × mobile-390
    ✗ geometry [bottomsheet-overflow]: a("Footer") — Footer
    ✗ geometry [bottomsheet-overflow]: a("Impostazioni sito") — Impostazioni sito
    ✗ geometry [bottomsheet-overflow]: a("Permessi") — Permessi
  AdminSidebar/MobileDrawerOpen × it × mobile-480
    ✗ geometry [bottomsheet-overflow]: a("Impostazioni sito") — Impostazioni sito
    ✗ geometry [bottomsheet-overflow]: a("Permessi") — Permessi
  AdminSidebar/MobileDrawerOpen × it × canonical-560
    ✗ geometry [bottomsheet-overflow]: a("Footer") — Footer
    ✗ geometry [bottomsheet-overflow]: a("Impostazioni sito") — Impostazioni sito
    ✗ geometry [bottomsheet-overflow]: a("Permessi") — Permessi
  AdminSupportManager/Default × sq × mobile-320
    ✗ geometry [text-clipped]: [role="button"]("Nuk mund të redaktoj njoftimin") — Nuk mund të redaktoj njoftimin pas publikimitI hapurMbështet
    ✗ geometry [text-clipped]: [role="button"]("Disputa pagese për depozitën e") — Disputa pagese për depozitën e qirasëI zgjidhurMbështetjeAnk
  AdminSupportManager/Default × sq × mobile-375
    ✗ geometry [text-clipped]: [role="button"]("Nuk mund të redaktoj njoftimin") — Nuk mund të redaktoj njoftimin pas publikimitI hapurMbështet
  AdminSupportManager/Default × sq × mobile-390
    ✗ geometry [text-clipped]: [role="button"]("Nuk mund të redaktoj njoftimin") — Nuk mund të redaktoj njoftimin pas publikimitI hapurMbështet
  AdminSupportManager/Default × en × mobile-320
    ✗ geometry [text-clipped]: [role="button"]("Nuk mund të redaktoj njoftimin") — Nuk mund të redaktoj njoftimin pas publikimitOpenSupportRepo
    ✗ geometry [text-clipped]: [role="button"]("Disputa pagese për depozitën e") — Disputa pagese për depozitën e qirasëResolvedSupportReporter
  AdminSupportManager/Default × en × mobile-375
    ✗ geometry [text-clipped]: [role="button"]("Nuk mund të redaktoj njoftimin") — Nuk mund të redaktoj njoftimin pas publikimitOpenSupportRepo
  AdminSupportManager/Default × en × mobile-390
    ✗ geometry [text-clipped]: [role="button"]("Nuk mund të redaktoj njoftimin") — Nuk mund të redaktoj njoftimin pas publikimitOpenSupportRepo
  AdminSupportManager/Default × uk × mobile-320
    ✗ geometry [text-clipped]: [role="button"]("Nuk mund të redaktoj njoftimin") — Nuk mund të redaktoj njoftimin pas publikimitВідкритийПідтри
    ✗ geometry [text-clipped]: [role="button"]("Disputa pagese për depozitën e") — Disputa pagese për depozitën e qirasëВирішенийПідтримкаСкарж
  AdminSupportManager/Default × uk × mobile-375
    ✗ geometry [text-clipped]: [role="button"]("Nuk mund të redaktoj njoftimin") — Nuk mund të redaktoj njoftimin pas publikimitВідкритийПідтри
  AdminSupportManager/Default × uk × mobile-390
    ✗ geometry [text-clipped]: [role="button"]("Nuk mund të redaktoj njoftimin") — Nuk mund të redaktoj njoftimin pas publikimitВідкритийПідтри
  AdminSupportManager/Default × it × mobile-320
    ✗ geometry [text-clipped]: [role="button"]("Nuk mund të redaktoj njoftimin") — Nuk mund të redaktoj njoftimin pas publikimitApertoSupportoS
    ✗ geometry [text-clipped]: [role="button"]("Disputa pagese për depozitën e") — Disputa pagese për depozitën e qirasëRisoltoSupportoSegnalan
  AdminSupportManager/Default × it × mobile-375
    ✗ geometry [text-clipped]: [role="button"]("Nuk mund të redaktoj njoftimin") — Nuk mund të redaktoj njoftimin pas publikimitApertoSupportoS
  AdminSupportManager/Default × it × mobile-390
    ✗ geometry [text-clipped]: [role="button"]("Nuk mund të redaktoj njoftimin") — Nuk mund të redaktoj njoftimin pas publikimitApertoSupportoS
  AdminListingsTable/Default × sq × desktop-1024
    ✗ geometry [text-clipped]: button("3+1 apartament në qendër të Ti") — 3+1 apartament në qendër të Tiranës — kati i 5-të, pamje pan
    ✗ geometry [text-clipped]: button("Shtëpi 250 m² me kopsht — Komb") — Shtëpi 250 m² me kopsht — Kombinat, Tirana
    ✗ geometry [text-clipped]: button("Lokal tregtar 120 m² — Rruga e") — Lokal tregtar 120 m² — Rruga e Kavajës
    ✗ geometry [text-clipped]: button("Apartament 2+1 — Durrës, pranë") — Apartament 2+1 — Durrës, pranë bregdetit
    ✗ geometry [text-clipped]: button("Tokë 500 m² — Vlorë, zonë rezi") — Tokë 500 m² — Vlorë, zonë rezidenciale me leje ndërtimi
  AdminListingsTable/Default × sq × canonical-1200
    ✗ geometry [text-clipped]: button("3+1 apartament në qendër të Ti") — 3+1 apartament në qendër të Tiranës — kati i 5-të, pamje pan
    ✗ geometry [text-clipped]: button("Shtëpi 250 m² me kopsht — Komb") — Shtëpi 250 m² me kopsht — Kombinat, Tirana
    ✗ geometry [text-clipped]: button("Lokal tregtar 120 m² — Rruga e") — Lokal tregtar 120 m² — Rruga e Kavajës
    ✗ geometry [text-clipped]: button("Apartament 2+1 — Durrës, pranë") — Apartament 2+1 — Durrës, pranë bregdetit
    ✗ geometry [text-clipped]: button("Tokë 500 m² — Vlorë, zonë rezi") — Tokë 500 m² — Vlorë, zonë rezidenciale me leje ndërtimi
  AdminListingsTable/Default × sq × desktop-1440
    ✗ geometry [text-clipped]: button("3+1 apartament në qendër të Ti") — 3+1 apartament në qendër të Tiranës — kati i 5-të, pamje pan
    ✗ geometry [text-clipped]: button("Shtëpi 250 m² me kopsht — Komb") — Shtëpi 250 m² me kopsht — Kombinat, Tirana
    ✗ geometry [text-clipped]: button("Lokal tregtar 120 m² — Rruga e") — Lokal tregtar 120 m² — Rruga e Kavajës
    ✗ geometry [text-clipped]: button("Apartament 2+1 — Durrës, pranë") — Apartament 2+1 — Durrës, pranë bregdetit
    ✗ geometry [text-clipped]: button("Tokë 500 m² — Vlorë, zonë rezi") — Tokë 500 m² — Vlorë, zonë rezidenciale me leje ndërtimi
  AdminListingsTable/Default × sq × huge-1920
    ✗ geometry [text-clipped]: button("3+1 apartament në qendër të Ti") — 3+1 apartament në qendër të Tiranës — kati i 5-të, pamje pan
    ✗ geometry [text-clipped]: button("Shtëpi 250 m² me kopsht — Komb") — Shtëpi 250 m² me kopsht — Kombinat, Tirana
    ✗ geometry [text-clipped]: button("Lokal tregtar 120 m² — Rruga e") — Lokal tregtar 120 m² — Rruga e Kavajës
    ✗ geometry [text-clipped]: button("Apartament 2+1 — Durrës, pranë") — Apartament 2+1 — Durrës, pranë bregdetit
    ✗ geometry [text-clipped]: button("Tokë 500 m² — Vlorë, zonë rezi") — Tokë 500 m² — Vlorë, zonë rezidenciale me leje ndërtimi
  AdminListingsTable/Default × sq × huge-2560
    ✗ geometry [text-clipped]: button("3+1 apartament në qendër të Ti") — 3+1 apartament në qendër të Tiranës — kati i 5-të, pamje pan
    ✗ geometry [text-clipped]: button("Shtëpi 250 m² me kopsht — Komb") — Shtëpi 250 m² me kopsht — Kombinat, Tirana
    ✗ geometry [text-clipped]: button("Lokal tregtar 120 m² — Rruga e") — Lokal tregtar 120 m² — Rruga e Kavajës
    ✗ geometry [text-clipped]: button("Apartament 2+1 — Durrës, pranë") — Apartament 2+1 — Durrës, pranë bregdetit
    ✗ geometry [text-clipped]: button("Tokë 500 m² — Vlorë, zonë rezi") — Tokë 500 m² — Vlorë, zonë rezidenciale me leje ndërtimi
  AdminListingsTable/Default × en × desktop-1024
    ✗ geometry [text-clipped]: button("3+1 apartament në qendër të Ti") — 3+1 apartament në qendër të Tiranës — kati i 5-të, pamje pan
    ✗ geometry [text-clipped]: button("Shtëpi 250 m² me kopsht — Komb") — Shtëpi 250 m² me kopsht — Kombinat, Tirana
    ✗ geometry [text-clipped]: button("Lokal tregtar 120 m² — Rruga e") — Lokal tregtar 120 m² — Rruga e Kavajës
    ✗ geometry [text-clipped]: button("Apartament 2+1 — Durrës, pranë") — Apartament 2+1 — Durrës, pranë bregdetit
    ✗ geometry [text-clipped]: button("Tokë 500 m² — Vlorë, zonë rezi") — Tokë 500 m² — Vlorë, zonë rezidenciale me leje ndërtimi
  AdminListingsTable/Default × en × canonical-1200
    ✗ geometry [text-clipped]: button("3+1 apartament në qendër të Ti") — 3+1 apartament në qendër të Tiranës — kati i 5-të, pamje pan
    ✗ geometry [text-clipped]: button("Shtëpi 250 m² me kopsht — Komb") — Shtëpi 250 m² me kopsht — Kombinat, Tirana
    ✗ geometry [text-clipped]: button("Lokal tregtar 120 m² — Rruga e") — Lokal tregtar 120 m² — Rruga e Kavajës
    ✗ geometry [text-clipped]: button("Apartament 2+1 — Durrës, pranë") — Apartament 2+1 — Durrës, pranë bregdetit
    ✗ geometry [text-clipped]: button("Tokë 500 m² — Vlorë, zonë rezi") — Tokë 500 m² — Vlorë, zonë rezidenciale me leje ndërtimi
  AdminListingsTable/Default × en × desktop-1440
    ✗ geometry [text-clipped]: button("3+1 apartament në qendër të Ti") — 3+1 apartament në qendër të Tiranës — kati i 5-të, pamje pan
    ✗ geometry [text-clipped]: button("Shtëpi 250 m² me kopsht — Komb") — Shtëpi 250 m² me kopsht — Kombinat, Tirana
    ✗ geometry [text-clipped]: button("Lokal tregtar 120 m² — Rruga e") — Lokal tregtar 120 m² — Rruga e Kavajës
    ✗ geometry [text-clipped]: button("Apartament 2+1 — Durrës, pranë") — Apartament 2+1 — Durrës, pranë bregdetit
    ✗ geometry [text-clipped]: button("Tokë 500 m² — Vlorë, zonë rezi") — Tokë 500 m² — Vlorë, zonë rezidenciale me leje ndërtimi
  AdminListingsTable/Default × en × huge-1920
    ✗ geometry [text-clipped]: button("3+1 apartament në qendër të Ti") — 3+1 apartament në qendër të Tiranës — kati i 5-të, pamje pan
    ✗ geometry [text-clipped]: button("Shtëpi 250 m² me kopsht — Komb") — Shtëpi 250 m² me kopsht — Kombinat, Tirana
    ✗ geometry [text-clipped]: button("Lokal tregtar 120 m² — Rruga e") — Lokal tregtar 120 m² — Rruga e Kavajës
    ✗ geometry [text-clipped]: button("Apartament 2+1 — Durrës, pranë") — Apartament 2+1 — Durrës, pranë bregdetit
    ✗ geometry [text-clipped]: button("Tokë 500 m² — Vlorë, zonë rezi") — Tokë 500 m² — Vlorë, zonë rezidenciale me leje ndërtimi
  AdminListingsTable/Default × en × huge-2560
    ✗ geometry [text-clipped]: button("3+1 apartament në qendër të Ti") — 3+1 apartament në qendër të Tiranës — kati i 5-të, pamje pan
    ✗ geometry [text-clipped]: button("Shtëpi 250 m² me kopsht — Komb") — Shtëpi 250 m² me kopsht — Kombinat, Tirana
    ✗ geometry [text-clipped]: button("Lokal tregtar 120 m² — Rruga e") — Lokal tregtar 120 m² — Rruga e Kavajës
    ✗ geometry [text-clipped]: button("Apartament 2+1 — Durrës, pranë") — Apartament 2+1 — Durrës, pranë bregdetit
    ✗ geometry [text-clipped]: button("Tokë 500 m² — Vlorë, zonë rezi") — Tokë 500 m² — Vlorë, zonë rezidenciale me leje ndërtimi
  AdminListingsTable/Default × uk × desktop-1024
    ✗ geometry [text-clipped]: button("3+1 apartament në qendër të Ti") — 3+1 apartament në qendër të Tiranës — kati i 5-të, pamje pan
    ✗ geometry [text-clipped]: button("Shtëpi 250 m² me kopsht — Komb") — Shtëpi 250 m² me kopsht — Kombinat, Tirana
    ✗ geometry [text-clipped]: button("Lokal tregtar 120 m² — Rruga e") — Lokal tregtar 120 m² — Rruga e Kavajës
    ✗ geometry [text-clipped]: button("Apartament 2+1 — Durrës, pranë") — Apartament 2+1 — Durrës, pranë bregdetit
    ✗ geometry [text-clipped]: button("Tokë 500 m² — Vlorë, zonë rezi") — Tokë 500 m² — Vlorë, zonë rezidenciale me leje ndërtimi
  AdminListingsTable/Default × uk × canonical-1200
    ✗ geometry [text-clipped]: button("3+1 apartament në qendër të Ti") — 3+1 apartament në qendër të Tiranës — kati i 5-të, pamje pan
    ✗ geometry [text-clipped]: button("Shtëpi 250 m² me kopsht — Komb") — Shtëpi 250 m² me kopsht — Kombinat, Tirana
    ✗ geometry [text-clipped]: button("Lokal tregtar 120 m² — Rruga e") — Lokal tregtar 120 m² — Rruga e Kavajës
    ✗ geometry [text-clipped]: button("Apartament 2+1 — Durrës, pranë") — Apartament 2+1 — Durrës, pranë bregdetit
    ✗ geometry [text-clipped]: button("Tokë 500 m² — Vlorë, zonë rezi") — Tokë 500 m² — Vlorë, zonë rezidenciale me leje ndërtimi
  AdminListingsTable/Default × uk × desktop-1440
    ✗ geometry [text-clipped]: button("3+1 apartament në qendër të Ti") — 3+1 apartament në qendër të Tiranës — kati i 5-të, pamje pan
    ✗ geometry [text-clipped]: button("Shtëpi 250 m² me kopsht — Komb") — Shtëpi 250 m² me kopsht — Kombinat, Tirana
    ✗ geometry [text-clipped]: button("Lokal tregtar 120 m² — Rruga e") — Lokal tregtar 120 m² — Rruga e Kavajës
    ✗ geometry [text-clipped]: button("Apartament 2+1 — Durrës, pranë") — Apartament 2+1 — Durrës, pranë bregdetit
    ✗ geometry [text-clipped]: button("Tokë 500 m² — Vlorë, zonë rezi") — Tokë 500 m² — Vlorë, zonë rezidenciale me leje ndërtimi
  AdminListingsTable/Default × uk × huge-1920
    ✗ geometry [text-clipped]: button("3+1 apartament në qendër të Ti") — 3+1 apartament në qendër të Tiranës — kati i 5-të, pamje pan
    ✗ geometry [text-clipped]: button("Shtëpi 250 m² me kopsht — Komb") — Shtëpi 250 m² me kopsht — Kombinat, Tirana
    ✗ geometry [text-clipped]: button("Lokal tregtar 120 m² — Rruga e") — Lokal tregtar 120 m² — Rruga e Kavajës
    ✗ geometry [text-clipped]: button("Apartament 2+1 — Durrës, pranë") — Apartament 2+1 — Durrës, pranë bregdetit
    ✗ geometry [text-clipped]: button("Tokë 500 m² — Vlorë, zonë rezi") — Tokë 500 m² — Vlorë, zonë rezidenciale me leje ndërtimi
  AdminListingsTable/Default × uk × huge-2560
    ✗ geometry [text-clipped]: button("3+1 apartament në qendër të Ti") — 3+1 apartament në qendër të Tiranës — kati i 5-të, pamje pan
    ✗ geometry [text-clipped]: button("Shtëpi 250 m² me kopsht — Komb") — Shtëpi 250 m² me kopsht — Kombinat, Tirana
    ✗ geometry [text-clipped]: button("Lokal tregtar 120 m² — Rruga e") — Lokal tregtar 120 m² — Rruga e Kavajës
    ✗ geometry [text-clipped]: button("Apartament 2+1 — Durrës, pranë") — Apartament 2+1 — Durrës, pranë bregdetit
    ✗ geometry [text-clipped]: button("Tokë 500 m² — Vlorë, zonë rezi") — Tokë 500 m² — Vlorë, zonë rezidenciale me leje ndërtimi
  AdminListingsTable/Default × it × desktop-1024
    ✗ geometry [text-clipped]: button("3+1 apartament në qendër të Ti") — 3+1 apartament në qendër të Tiranës — kati i 5-të, pamje pan
    ✗ geometry [text-clipped]: button("Shtëpi 250 m² me kopsht — Komb") — Shtëpi 250 m² me kopsht — Kombinat, Tirana
    ✗ geometry [text-clipped]: button("Lokal tregtar 120 m² — Rruga e") — Lokal tregtar 120 m² — Rruga e Kavajës
    ✗ geometry [text-clipped]: button("Apartament 2+1 — Durrës, pranë") — Apartament 2+1 — Durrës, pranë bregdetit
    ✗ geometry [text-clipped]: button("Tokë 500 m² — Vlorë, zonë rezi") — Tokë 500 m² — Vlorë, zonë rezidenciale me leje ndërtimi
  AdminListingsTable/Default × it × canonical-1200
    ✗ geometry [text-clipped]: button("3+1 apartament në qendër të Ti") — 3+1 apartament në qendër të Tiranës — kati i 5-të, pamje pan
    ✗ geometry [text-clipped]: button("Shtëpi 250 m² me kopsht — Komb") — Shtëpi 250 m² me kopsht — Kombinat, Tirana
    ✗ geometry [text-clipped]: button("Lokal tregtar 120 m² — Rruga e") — Lokal tregtar 120 m² — Rruga e Kavajës
    ✗ geometry [text-clipped]: button("Apartament 2+1 — Durrës, pranë") — Apartament 2+1 — Durrës, pranë bregdetit
    ✗ geometry [text-clipped]: button("Tokë 500 m² — Vlorë, zonë rezi") — Tokë 500 m² — Vlorë, zonë rezidenciale me leje ndërtimi
  AdminListingsTable/Default × it × desktop-1440
    ✗ geometry [text-clipped]: button("3+1 apartament në qendër të Ti") — 3+1 apartament në qendër të Tiranës — kati i 5-të, pamje pan
    ✗ geometry [text-clipped]: button("Shtëpi 250 m² me kopsht — Komb") — Shtëpi 250 m² me kopsht — Kombinat, Tirana
    ✗ geometry [text-clipped]: button("Lokal tregtar 120 m² — Rruga e") — Lokal tregtar 120 m² — Rruga e Kavajës
    ✗ geometry [text-clipped]: button("Apartament 2+1 — Durrës, pranë") — Apartament 2+1 — Durrës, pranë bregdetit
    ✗ geometry [text-clipped]: button("Tokë 500 m² — Vlorë, zonë rezi") — Tokë 500 m² — Vlorë, zonë rezidenciale me leje ndërtimi
  AdminListingsTable/Default × it × huge-1920
    ✗ geometry [text-clipped]: button("3+1 apartament në qendër të Ti") — 3+1 apartament në qendër të Tiranës — kati i 5-të, pamje pan
    ✗ geometry [text-clipped]: button("Shtëpi 250 m² me kopsht — Komb") — Shtëpi 250 m² me kopsht — Kombinat, Tirana
    ✗ geometry [text-clipped]: button("Lokal tregtar 120 m² — Rruga e") — Lokal tregtar 120 m² — Rruga e Kavajës
    ✗ geometry [text-clipped]: button("Apartament 2+1 — Durrës, pranë") — Apartament 2+1 — Durrës, pranë bregdetit
    ✗ geometry [text-clipped]: button("Tokë 500 m² — Vlorë, zonë rezi") — Tokë 500 m² — Vlorë, zonë rezidenciale me leje ndërtimi
  AdminListingsTable/Default × it × huge-2560
    ✗ geometry [text-clipped]: button("3+1 apartament në qendër të Ti") — 3+1 apartament në qendër të Tiranës — kati i 5-të, pamje pan
    ✗ geometry [text-clipped]: button("Shtëpi 250 m² me kopsht — Komb") — Shtëpi 250 m² me kopsht — Kombinat, Tirana
    ✗ geometry [text-clipped]: button("Lokal tregtar 120 m² — Rruga e") — Lokal tregtar 120 m² — Rruga e Kavajës
    ✗ geometry [text-clipped]: button("Apartament 2+1 — Durrës, pranë") — Apartament 2+1 — Durrës, pranë bregdetit
    ✗ geometry [text-clipped]: button("Tokë 500 m² — Vlorë, zonë rezi") — Tokë 500 m² — Vlorë, zonë rezidenciale me leje ndërtimi
  AdminUsersTable/Default × sq × mobile-320
    ✗ horizontal overflow detected
    ✗ geometry [offscreen-control]: #mantine-56oziehbn-tab-verified — ✓ Agjentë të verifikuar
  AdminUsersTable/Default × uk × mobile-320
    ✗ horizontal overflow detected
    ✗ geometry [offscreen-control]: #mantine-8c80wwrol-tab-verified — ✓ Верифіковані агенти
  RVS/Populated × sq × mobile-320
    ✗ geometry [offscreen-control]: a("E re1Shitje · ApartamentVilë m") — E re1Shitje · ApartamentVilë me Kopsht në DurrësDurrës270 m²
    ✗ geometry [offscreen-control]: button — Shto te preferuarat
    ✗ geometry [offscreen-control]: button("#1001") — Kopjo ID-në e njoftimit
    ✗ geometry [offscreen-control]: a("E re1Shitje · ApartamentStudio") — E re1Shitje · ApartamentStudio në Lagjen SaukSauk180 m²80 00
    ✗ geometry [offscreen-control]: button — Shto te preferuarat
    ✗ geometry [offscreen-control]: button("#1002") — Kopjo ID-në e njoftimit
    ✗ geometry [offscreen-control]: a("E re1Shitje · ApartamentHapësi") — E re1Shitje · ApartamentHapësirë Zyre në KombinatKombinat290
    ✗ geometry [offscreen-control]: button — Shto te preferuarat
    ✗ geometry [offscreen-control]: button("#1003") — Kopjo ID-në e njoftimit
    ✗ geometry [offscreen-control]: a("E re1Shitje · ApartamentPentho") — E re1Shitje · ApartamentPenthouse në BllokuBlloku1100 m²110 
    ✗ geometry [offscreen-control]: button — Shto te preferuarat
    ✗ geometry [offscreen-control]: button("#1004") — Kopjo ID-në e njoftimit
    ✗ geometry [offscreen-control]: a("E re1Shitje · ApartamentShtëpi") — E re1Shitje · ApartamentShtëpi Plazhi në VlorëVlorë2110 m²12
    ✗ geometry [offscreen-control]: button — Shto te preferuarat
    ✗ geometry [offscreen-control]: button("#1005") — Kopjo ID-në e njoftimit
    ✗ geometry [offscreen-control]: a("1Shitje · ApartamentShtëpi Pus") — 1Shitje · ApartamentShtëpi Pushimi në BeratBerat1120 m²140 0
    ✗ geometry [offscreen-control]: button — Shto te preferuarat
    ✗ geometry [offscreen-control]: button("#1006") — Kopjo ID-në e njoftimit
    ✗ geometry [offscreen-control]: a("1Shitje · ApartamentApartament") — 1Shitje · ApartamentApartament i Rinovuar në ElbasanElbasan2
    ✗ geometry [offscreen-control]: button — Shto te preferuarat
    ✗ geometry [offscreen-control]: button("#1007") — Kopjo ID-në e njoftimit
  RVS/Populated × sq × mobile-375
    ✗ geometry [offscreen-control]: a("E re1Shitje · ApartamentVilë m") — E re1Shitje · ApartamentVilë me Kopsht në DurrësDurrës270 m²
    ✗ geometry [offscreen-control]: button — Shto te preferuarat
    ✗ geometry [offscreen-control]: a("E re1Shitje · ApartamentStudio") — E re1Shitje · ApartamentStudio në Lagjen SaukSauk180 m²80 00
    ✗ geometry [offscreen-control]: button — Shto te preferuarat
    ✗ geometry [offscreen-control]: button("#1002") — Kopjo ID-në e njoftimit
    ✗ geometry [offscreen-control]: a("E re1Shitje · ApartamentHapësi") — E re1Shitje · ApartamentHapësirë Zyre në KombinatKombinat290
    ✗ geometry [offscreen-control]: button — Shto te preferuarat
    ✗ geometry [offscreen-control]: button("#1003") — Kopjo ID-në e njoftimit
    ✗ geometry [offscreen-control]: a("E re1Shitje · ApartamentPentho") — E re1Shitje · ApartamentPenthouse në BllokuBlloku1100 m²110 
    ✗ geometry [offscreen-control]: button — Shto te preferuarat
    ✗ geometry [offscreen-control]: button("#1004") — Kopjo ID-në e njoftimit
    ✗ geometry [offscreen-control]: a("E re1Shitje · ApartamentShtëpi") — E re1Shitje · ApartamentShtëpi Plazhi në VlorëVlorë2110 m²12
    ✗ geometry [offscreen-control]: button — Shto te preferuarat
    ✗ geometry [offscreen-control]: button("#1005") — Kopjo ID-në e njoftimit
    ✗ geometry [offscreen-control]: a("1Shitje · ApartamentShtëpi Pus") — 1Shitje · ApartamentShtëpi Pushimi në BeratBerat1120 m²140 0
    ✗ geometry [offscreen-control]: button — Shto te preferuarat
    ✗ geometry [offscreen-control]: button("#1006") — Kopjo ID-në e njoftimit
    ✗ geometry [offscreen-control]: a("1Shitje · ApartamentApartament") — 1Shitje · ApartamentApartament i Rinovuar në ElbasanElbasan2
    ✗ geometry [offscreen-control]: button — Shto te preferuarat
    ✗ geometry [offscreen-control]: button("#1007") — Kopjo ID-në e njoftimit
  RVS/Populated × sq × mobile-390
    ✗ geometry [offscreen-control]: a("E re1Shitje · ApartamentVilë m") — E re1Shitje · ApartamentVilë me Kopsht në DurrësDurrës270 m²
    ✗ geometry [offscreen-control]: button — Shto te preferuarat
    ✗ geometry [offscreen-control]: a("E re1Shitje · ApartamentStudio") — E re1Shitje · ApartamentStudio në Lagjen SaukSauk180 m²80 00
    ✗ geometry [offscreen-control]: button — Shto te preferuarat
    ✗ geometry [offscreen-control]: button("#1002") — Kopjo ID-në e njoftimit
    ✗ geometry [offscreen-control]: a("E re1Shitje · ApartamentHapësi") — E re1Shitje · ApartamentHapësirë Zyre në KombinatKombinat290
    ✗ geometry [offscreen-control]: button — Shto te preferuarat
    ✗ geometry [offscreen-control]: button("#1003") — Kopjo ID-në e njoftimit
    ✗ geometry [offscreen-control]: a("E re1Shitje · ApartamentPentho") — E re1Shitje · ApartamentPenthouse në BllokuBlloku1100 m²110 
    ✗ geometry [offscreen-control]: button — Shto te preferuarat
    ✗ geometry [offscreen-control]: button("#1004") — Kopjo ID-në e njoftimit
    ✗ geometry [offscreen-control]: a("E re1Shitje · ApartamentShtëpi") — E re1Shitje · ApartamentShtëpi Plazhi në VlorëVlorë2110 m²12
    ✗ geometry [offscreen-control]: button — Shto te preferuarat
    ✗ geometry [offscreen-control]: button("#1005") — Kopjo ID-në e njoftimit
    ✗ geometry [offscreen-control]: a("1Shitje · ApartamentShtëpi Pus") — 1Shitje · ApartamentShtëpi Pushimi në BeratBerat1120 m²140 0
    ✗ geometry [offscreen-control]: button — Shto te preferuarat
    ✗ geometry [offscreen-control]: button("#1006") — Kopjo ID-në e njoftimit
    ✗ geometry [offscreen-control]: a("1Shitje · ApartamentApartament") — 1Shitje · ApartamentApartament i Rinovuar në ElbasanElbasan2
    ✗ geometry [offscreen-control]: button — Shto te preferuarat
    ✗ geometry [offscreen-control]: button("#1007") — Kopjo ID-në e njoftimit
  RVS/Populated × sq × mobile-480
    ✗ geometry [offscreen-control]: a("E re1Shitje · ApartamentStudio") — E re1Shitje · ApartamentStudio në Lagjen SaukSauk180 m²80 00
    ✗ geometry [offscreen-control]: button — Shto te preferuarat
    ✗ geometry [offscreen-control]: button("#1002") — Kopjo ID-në e njoftimit
    ✗ geometry [offscreen-control]: a("E re1Shitje · ApartamentHapësi") — E re1Shitje · ApartamentHapësirë Zyre në KombinatKombinat290
    ✗ geometry [offscreen-control]: button — Shto te preferuarat
    ✗ geometry [offscreen-control]: button("#1003") — Kopjo ID-në e njoftimit
    ✗ geometry [offscreen-control]: a("E re1Shitje · ApartamentPentho") — E re1Shitje · ApartamentPenthouse në BllokuBlloku1100 m²110 
    ✗ geometry [offscreen-control]: button — Shto te preferuarat
    ✗ geometry [offscreen-control]: button("#1004") — Kopjo ID-në e njoftimit
    ✗ geometry [offscreen-control]: a("E re1Shitje · ApartamentShtëpi") — E re1Shitje · ApartamentShtëpi Plazhi në VlorëVlorë2110 m²12
    ✗ geometry [offscreen-control]: button — Shto te preferuarat
    ✗ geometry [offscreen-control]: button("#1005") — Kopjo ID-në e njoftimit
    ✗ geometry [offscreen-control]: a("1Shitje · ApartamentShtëpi Pus") — 1Shitje · ApartamentShtëpi Pushimi në BeratBerat1120 m²140 0
    ✗ geometry [offscreen-control]: button — Shto te preferuarat
    ✗ geometry [offscreen-control]: button("#1006") — Kopjo ID-në e njoftimit
    ✗ geometry [offscreen-control]: a("1Shitje · ApartamentApartament") — 1Shitje · ApartamentApartament i Rinovuar në ElbasanElbasan2
    ✗ geometry [offscreen-control]: button — Shto te preferuarat
    ✗ geometry [offscreen-control]: button("#1007") — Kopjo ID-në e njoftimit
  RVS/Populated × sq × canonical-560
    ✗ geometry [offscreen-control]: a("E re1Shitje · ApartamentStudio") — E re1Shitje · ApartamentStudio në Lagjen SaukSauk180 m²80 00
    ✗ geometry [offscreen-control]: button — Shto te preferuarat
    ✗ geometry [offscreen-control]: a("E re1Shitje · ApartamentHapësi") — E re1Shitje · ApartamentHapësirë Zyre në KombinatKombinat290
    ✗ geometry [offscreen-control]: button — Shto te preferuarat
    ✗ geometry [offscreen-control]: button("#1003") — Kopjo ID-në e njoftimit
    ✗ geometry [offscreen-control]: a("E re1Shitje · ApartamentPentho") — E re1Shitje · ApartamentPenthouse në BllokuBlloku1100 m²110 
    ✗ geometry [offscreen-control]: button — Shto te preferuarat
    ✗ geometry [offscreen-control]: button("#1004") — Kopjo ID-në e njoftimit
    ✗ geometry [offscreen-control]: a("E re1Shitje · ApartamentShtëpi") — E re1Shitje · ApartamentShtëpi Plazhi në VlorëVlorë2110 m²12
    ✗ geometry [offscreen-control]: button — Shto te preferuarat
    ✗ geometry [offscreen-control]: button("#1005") — Kopjo ID-në e njoftimit
    ✗ geometry [offscreen-control]: a("1Shitje · ApartamentShtëpi Pus") — 1Shitje · ApartamentShtëpi Pushimi në BeratBerat1120 m²140 0
    ✗ geometry [offscreen-control]: button — Shto te preferuarat
    ✗ geometry [offscreen-control]: button("#1006") — Kopjo ID-në e njoftimit
    ✗ geometry [offscreen-control]: a("1Shitje · ApartamentApartament") — 1Shitje · ApartamentApartament i Rinovuar në ElbasanElbasan2
    ✗ geometry [offscreen-control]: button — Shto te preferuarat
    ✗ geometry [offscreen-control]: button("#1007") — Kopjo ID-në e njoftimit
  RVS/Populated × en × mobile-320
    ✗ geometry [offscreen-control]: a("New1For sale · ApartmentVilla ") — New1For sale · ApartmentVilla with Garden in DurrësDurrës270
    ✗ geometry [offscreen-control]: button — Add to favorites
    ✗ geometry [offscreen-control]: button("#1001") — Copy listing ID
    ✗ geometry [offscreen-control]: a("New1For sale · ApartmentStudio") — New1For sale · ApartmentStudio Flat in SaukSauk180 m²80,000 
    ✗ geometry [offscreen-control]: button — Add to favorites
    ✗ geometry [offscreen-control]: button("#1002") — Copy listing ID
    ✗ geometry [offscreen-control]: a("New1For sale · ApartmentOffice") — New1For sale · ApartmentOffice Space in KombinatKombinat290 
    ✗ geometry [offscreen-control]: button — Add to favorites
    ✗ geometry [offscreen-control]: button("#1003") — Copy listing ID
    ✗ geometry [offscreen-control]: a("New1For sale · ApartmentPentho") — New1For sale · ApartmentPenthouse in BllokuBlloku1100 m²110,
    ✗ geometry [offscreen-control]: button — Add to favorites
    ✗ geometry [offscreen-control]: button("#1004") — Copy listing ID
    ✗ geometry [offscreen-control]: a("New1For sale · ApartmentBeach ") — New1For sale · ApartmentBeach House in VlorëVlorë2110 m²125,
    ✗ geometry [offscreen-control]: button — Add to favorites
    ✗ geometry [offscreen-control]: button("#1005") — Copy listing ID
    ✗ geometry [offscreen-control]: a("1For sale · ApartmentMountain ") — 1For sale · ApartmentMountain Retreat in BeratBerat1120 m²14
    ✗ geometry [offscreen-control]: button — Add to favorites
    ✗ geometry [offscreen-control]: button("#1006") — Copy listing ID
    ✗ geometry [offscreen-control]: a("1For sale · ApartmentRenovated") — 1For sale · ApartmentRenovated Apartment in ElbasanElbasan21
    ✗ geometry [offscreen-control]: button — Add to favorites
    ✗ geometry [offscreen-control]: button("#1007") — Copy listing ID
  RVS/Populated × en × mobile-375
    ✗ geometry [offscreen-control]: a("New1For sale · ApartmentVilla ") — New1For sale · ApartmentVilla with Garden in DurrësDurrës270
    ✗ geometry [offscreen-control]: button — Add to favorites
    ✗ geometry [offscreen-control]: a("New1For sale · ApartmentStudio") — New1For sale · ApartmentStudio Flat in SaukSauk180 m²80,000 
    ✗ geometry [offscreen-control]: button — Add to favorites
    ✗ geometry [offscreen-control]: button("#1002") — Copy listing ID
    ✗ geometry [offscreen-control]: a("New1For sale · ApartmentOffice") — New1For sale · ApartmentOffice Space in KombinatKombinat290 
    ✗ geometry [offscreen-control]: button — Add to favorites
    ✗ geometry [offscreen-control]: button("#1003") — Copy listing ID
    ✗ geometry [offscreen-control]: a("New1For sale · ApartmentPentho") — New1For sale · ApartmentPenthouse in BllokuBlloku1100 m²110,
    ✗ geometry [offscreen-control]: button — Add to favorites
    ✗ geometry [offscreen-control]: button("#1004") — Copy listing ID
    ✗ geometry [offscreen-control]: a("New1For sale · ApartmentBeach ") — New1For sale · ApartmentBeach House in VlorëVlorë2110 m²125,
    ✗ geometry [offscreen-control]: button — Add to favorites
    ✗ geometry [offscreen-control]: button("#1005") — Copy listing ID
    ✗ geometry [offscreen-control]: a("1For sale · ApartmentMountain ") — 1For sale · ApartmentMountain Retreat in BeratBerat1120 m²14
    ✗ geometry [offscreen-control]: button — Add to favorites
    ✗ geometry [offscreen-control]: button("#1006") — Copy listing ID
    ✗ geometry [offscreen-control]: a("1For sale · ApartmentRenovated") — 1For sale · ApartmentRenovated Apartment in ElbasanElbasan21
    ✗ geometry [offscreen-control]: button — Add to favorites
    ✗ geometry [offscreen-control]: button("#1007") — Copy listing ID
  RVS/Populated × en × mobile-390
    ✗ geometry [offscreen-control]: a("New1For sale · ApartmentVilla ") — New1For sale · ApartmentVilla with Garden in DurrësDurrës270
    ✗ geometry [offscreen-control]: button — Add to favorites
    ✗ geometry [offscreen-control]: a("New1For sale · ApartmentStudio") — New1For sale · ApartmentStudio Flat in SaukSauk180 m²80,000 
    ✗ geometry [offscreen-control]: button — Add to favorites
    ✗ geometry [offscreen-control]: button("#1002") — Copy listing ID
    ✗ geometry [offscreen-control]: a("New1For sale · ApartmentOffice") — New1For sale · ApartmentOffice Space in KombinatKombinat290 
    ✗ geometry [offscreen-control]: button — Add to favorites
    ✗ geometry [offscreen-control]: button("#1003") — Copy listing ID
    ✗ geometry [offscreen-control]: a("New1For sale · ApartmentPentho") — New1For sale · ApartmentPenthouse in BllokuBlloku1100 m²110,
    ✗ geometry [offscreen-control]: button — Add to favorites
    ✗ geometry [offscreen-control]: button("#1004") — Copy listing ID
    ✗ geometry [offscreen-control]: a("New1For sale · ApartmentBeach ") — New1For sale · ApartmentBeach House in VlorëVlorë2110 m²125,
    ✗ geometry [offscreen-control]: button — Add to favorites
    ✗ geometry [offscreen-control]: button("#1005") — Copy listing ID
    ✗ geometry [offscreen-control]: a("1For sale · ApartmentMountain ") — 1For sale · ApartmentMountain Retreat in BeratBerat1120 m²14
    ✗ geometry [offscreen-control]: button — Add to favorites
    ✗ geometry [offscreen-control]: button("#1006") — Copy listing ID
    ✗ geometry [offscreen-control]: a("1For sale · ApartmentRenovated") — 1For sale · ApartmentRenovated Apartment in ElbasanElbasan21
    ✗ geometry [offscreen-control]: button — Add to favorites
    ✗ geometry [offscreen-control]: button("#1007") — Copy listing ID
  RVS/Populated × en × mobile-480
    ✗ geometry [offscreen-control]: a("New1For sale · ApartmentStudio") — New1For sale · ApartmentStudio Flat in SaukSauk180 m²80,000 
    ✗ geometry [offscreen-control]: button — Add to favorites
    ✗ geometry [offscreen-control]: button("#1002") — Copy listing ID
    ✗ geometry [offscreen-control]: a("New1For sale · ApartmentOffice") — New1For sale · ApartmentOffice Space in KombinatKombinat290 
    ✗ geometry [offscreen-control]: button — Add to favorites
    ✗ geometry [offscreen-control]: button("#1003") — Copy listing ID
    ✗ geometry [offscreen-control]: a("New1For sale · ApartmentPentho") — New1For sale · ApartmentPenthouse in BllokuBlloku1100 m²110,
    ✗ geometry [offscreen-control]: button — Add to favorites
    ✗ geometry [offscreen-control]: button("#1004") — Copy listing ID
    ✗ geometry [offscreen-control]: a("New1For sale · ApartmentBeach ") — New1For sale · ApartmentBeach House in VlorëVlorë2110 m²125,
    ✗ geometry [offscreen-control]: button — Add to favorites
    ✗ geometry [offscreen-control]: button("#1005") — Copy listing ID
    ✗ geometry [offscreen-control]: a("1For sale · ApartmentMountain ") — 1For sale · ApartmentMountain Retreat in BeratBerat1120 m²14
    ✗ geometry [offscreen-control]: button — Add to favorites
    ✗ geometry [offscreen-control]: button("#1006") — Copy listing ID
    ✗ geometry [offscreen-control]: a("1For sale · ApartmentRenovated") — 1For sale · ApartmentRenovated Apartment in ElbasanElbasan21
    ✗ geometry [offscreen-control]: button — Add to favorites
    ✗ geometry [offscreen-control]: button("#1007") — Copy listing ID
  RVS/Populated × en × canonical-560
    ✗ geometry [offscreen-control]: a("New1For sale · ApartmentStudio") — New1For sale · ApartmentStudio Flat in SaukSauk180 m²80,000 
    ✗ geometry [offscreen-control]: button — Add to favorites
    ✗ geometry [offscreen-control]: a("New1For sale · ApartmentOffice") — New1For sale · ApartmentOffice Space in KombinatKombinat290 
    ✗ geometry [offscreen-control]: button — Add to favorites
    ✗ geometry [offscreen-control]: button("#1003") — Copy listing ID
    ✗ geometry [offscreen-control]: a("New1For sale · ApartmentPentho") — New1For sale · ApartmentPenthouse in BllokuBlloku1100 m²110,
    ✗ geometry [offscreen-control]: button — Add to favorites
    ✗ geometry [offscreen-control]: button("#1004") — Copy listing ID
    ✗ geometry [offscreen-control]: a("New1For sale · ApartmentBeach ") — New1For sale · ApartmentBeach House in VlorëVlorë2110 m²125,
    ✗ geometry [offscreen-control]: button — Add to favorites
    ✗ geometry [offscreen-control]: button("#1005") — Copy listing ID
    ✗ geometry [offscreen-control]: a("1For sale · ApartmentMountain ") — 1For sale · ApartmentMountain Retreat in BeratBerat1120 m²14
    ✗ geometry [offscreen-control]: button — Add to favorites
    ✗ geometry [offscreen-control]: button("#1006") — Copy listing ID
    ✗ geometry [offscreen-control]: a("1For sale · ApartmentRenovated") — 1For sale · ApartmentRenovated Apartment in ElbasanElbasan21
    ✗ geometry [offscreen-control]: button — Add to favorites
    ✗ geometry [offscreen-control]: button("#1007") — Copy listing ID
  RVS/Populated × uk × mobile-320
    ✗ geometry [offscreen-control]: a("Нове1Продаж · КвартираВілла з ") — Нове1Продаж · КвартираВілла з садом у ДурресіDurrës270 m²65 
    ✗ geometry [offscreen-control]: button — Додати в обрані
    ✗ geometry [offscreen-control]: a("Нове1Продаж · КвартираСтудія в") — Нове1Продаж · КвартираСтудія в районі СаукSauk180 m²80 000 E
    ✗ geometry [offscreen-control]: button — Додати в обрані
    ✗ geometry [offscreen-control]: button("#1002") — Скопіювати ID оголошення
    ✗ geometry [offscreen-control]: a("Нове1Продаж · КвартираОфісне п") — Нове1Продаж · КвартираОфісне приміщення в КомбінатіKombinat2
    ✗ geometry [offscreen-control]: button — Додати в обрані
    ✗ geometry [offscreen-control]: button("#1003") — Скопіювати ID оголошення
    ✗ geometry [offscreen-control]: a("Нове1Продаж · КвартираПентхаус") — Нове1Продаж · КвартираПентхаус у БлокуBlloku1100 m²110 000 E
    ✗ geometry [offscreen-control]: button — Додати в обрані
    ✗ geometry [offscreen-control]: button("#1004") — Скопіювати ID оголошення
    ✗ geometry [offscreen-control]: a("Нове1Продаж · КвартираПляжний ") — Нове1Продаж · КвартираПляжний будинок у ВльоріVlorë2110 m²12
    ✗ geometry [offscreen-control]: button — Додати в обрані
    ✗ geometry [offscreen-control]: button("#1005") — Скопіювати ID оголошення
    ✗ geometry [offscreen-control]: a("1Продаж · КвартираГірський буд") — 1Продаж · КвартираГірський будиночок у БератіBerat1120 m²140
    ✗ geometry [offscreen-control]: button — Додати в обрані
    ✗ geometry [offscreen-control]: button("#1006") — Скопіювати ID оголошення
    ✗ geometry [offscreen-control]: a("1Продаж · КвартираВідремонтова") — 1Продаж · КвартираВідремонтована квартира в ЕльбасаніElbasan
    ✗ geometry [offscreen-control]: button — Додати в обрані
    ✗ geometry [offscreen-control]: button("#1007") — Скопіювати ID оголошення
  RVS/Populated × uk × mobile-375
    ✗ geometry [offscreen-control]: a("Нове1Продаж · КвартираВілла з ") — Нове1Продаж · КвартираВілла з садом у ДурресіDurrës270 m²65 
    ✗ geometry [offscreen-control]: button — Додати в обрані
    ✗ geometry [offscreen-control]: a("Нове1Продаж · КвартираСтудія в") — Нове1Продаж · КвартираСтудія в районі СаукSauk180 m²80 000 E
    ✗ geometry [offscreen-control]: button — Додати в обрані
    ✗ geometry [offscreen-control]: button("#1002") — Скопіювати ID оголошення
    ✗ geometry [offscreen-control]: a("Нове1Продаж · КвартираОфісне п") — Нове1Продаж · КвартираОфісне приміщення в КомбінатіKombinat2
    ✗ geometry [offscreen-control]: button — Додати в обрані
    ✗ geometry [offscreen-control]: button("#1003") — Скопіювати ID оголошення
    ✗ geometry [offscreen-control]: a("Нове1Продаж · КвартираПентхаус") — Нове1Продаж · КвартираПентхаус у БлокуBlloku1100 m²110 000 E
    ✗ geometry [offscreen-control]: button — Додати в обрані
    ✗ geometry [offscreen-control]: button("#1004") — Скопіювати ID оголошення
    ✗ geometry [offscreen-control]: a("Нове1Продаж · КвартираПляжний ") — Нове1Продаж · КвартираПляжний будинок у ВльоріVlorë2110 m²12
    ✗ geometry [offscreen-control]: button — Додати в обрані
    ✗ geometry [offscreen-control]: button("#1005") — Скопіювати ID оголошення
    ✗ geometry [offscreen-control]: a("1Продаж · КвартираГірський буд") — 1Продаж · КвартираГірський будиночок у БератіBerat1120 m²140
    ✗ geometry [offscreen-control]: button — Додати в обрані
    ✗ geometry [offscreen-control]: button("#1006") — Скопіювати ID оголошення
    ✗ geometry [offscreen-control]: a("1Продаж · КвартираВідремонтова") — 1Продаж · КвартираВідремонтована квартира в ЕльбасаніElbasan
    ✗ geometry [offscreen-control]: button — Додати в обрані
    ✗ geometry [offscreen-control]: button("#1007") — Скопіювати ID оголошення
  RVS/Populated × uk × mobile-390
    ✗ geometry [offscreen-control]: a("Нове1Продаж · КвартираВілла з ") — Нове1Продаж · КвартираВілла з садом у ДурресіDurrës270 m²65 
    ✗ geometry [offscreen-control]: button — Додати в обрані
    ✗ geometry [offscreen-control]: a("Нове1Продаж · КвартираСтудія в") — Нове1Продаж · КвартираСтудія в районі СаукSauk180 m²80 000 E
    ✗ geometry [offscreen-control]: button — Додати в обрані
    ✗ geometry [offscreen-control]: button("#1002") — Скопіювати ID оголошення
    ✗ geometry [offscreen-control]: a("Нове1Продаж · КвартираОфісне п") — Нове1Продаж · КвартираОфісне приміщення в КомбінатіKombinat2
    ✗ geometry [offscreen-control]: button — Додати в обрані
    ✗ geometry [offscreen-control]: button("#1003") — Скопіювати ID оголошення
    ✗ geometry [offscreen-control]: a("Нове1Продаж · КвартираПентхаус") — Нове1Продаж · КвартираПентхаус у БлокуBlloku1100 m²110 000 E
    ✗ geometry [offscreen-control]: button — Додати в обрані
    ✗ geometry [offscreen-control]: button("#1004") — Скопіювати ID оголошення
    ✗ geometry [offscreen-control]: a("Нове1Продаж · КвартираПляжний ") — Нове1Продаж · КвартираПляжний будинок у ВльоріVlorë2110 m²12
    ✗ geometry [offscreen-control]: button — Додати в обрані
    ✗ geometry [offscreen-control]: button("#1005") — Скопіювати ID оголошення
    ✗ geometry [offscreen-control]: a("1Продаж · КвартираГірський буд") — 1Продаж · КвартираГірський будиночок у БератіBerat1120 m²140
    ✗ geometry [offscreen-control]: button — Додати в обрані
    ✗ geometry [offscreen-control]: button("#1006") — Скопіювати ID оголошення
    ✗ geometry [offscreen-control]: a("1Продаж · КвартираВідремонтова") — 1Продаж · КвартираВідремонтована квартира в ЕльбасаніElbasan
    ✗ geometry [offscreen-control]: button — Додати в обрані
    ✗ geometry [offscreen-control]: button("#1007") — Скопіювати ID оголошення
  RVS/Populated × uk × mobile-480
    ✗ geometry [offscreen-control]: a("Нове1Продаж · КвартираСтудія в") — Нове1Продаж · КвартираСтудія в районі СаукSauk180 m²80 000 E
    ✗ geometry [offscreen-control]: button — Додати в обрані
    ✗ geometry [offscreen-control]: button("#1002") — Скопіювати ID оголошення
    ✗ geometry [offscreen-control]: a("Нове1Продаж · КвартираОфісне п") — Нове1Продаж · КвартираОфісне приміщення в КомбінатіKombinat2
    ✗ geometry [offscreen-control]: button — Додати в обрані
    ✗ geometry [offscreen-control]: button("#1003") — Скопіювати ID оголошення
    ✗ geometry [offscreen-control]: a("Нове1Продаж · КвартираПентхаус") — Нове1Продаж · КвартираПентхаус у БлокуBlloku1100 m²110 000 E
    ✗ geometry [offscreen-control]: button — Додати в обрані
    ✗ geometry [offscreen-control]: button("#1004") — Скопіювати ID оголошення
    ✗ geometry [offscreen-control]: a("Нове1Продаж · КвартираПляжний ") — Нове1Продаж · КвартираПляжний будинок у ВльоріVlorë2110 m²12
    ✗ geometry [offscreen-control]: button — Додати в обрані
    ✗ geometry [offscreen-control]: button("#1005") — Скопіювати ID оголошення
    ✗ geometry [offscreen-control]: a("1Продаж · КвартираГірський буд") — 1Продаж · КвартираГірський будиночок у БератіBerat1120 m²140
    ✗ geometry [offscreen-control]: button — Додати в обрані
    ✗ geometry [offscreen-control]: button("#1006") — Скопіювати ID оголошення
    ✗ geometry [offscreen-control]: a("1Продаж · КвартираВідремонтова") — 1Продаж · КвартираВідремонтована квартира в ЕльбасаніElbasan
    ✗ geometry [offscreen-control]: button — Додати в обрані
    ✗ geometry [offscreen-control]: button("#1007") — Скопіювати ID оголошення
  RVS/Populated × uk × canonical-560
    ✗ geometry [offscreen-control]: a("Нове1Продаж · КвартираСтудія в") — Нове1Продаж · КвартираСтудія в районі СаукSauk180 m²80 000 E
    ✗ geometry [offscreen-control]: button — Додати в обрані
    ✗ geometry [offscreen-control]: a("Нове1Продаж · КвартираОфісне п") — Нове1Продаж · КвартираОфісне приміщення в КомбінатіKombinat2
    ✗ geometry [offscreen-control]: button — Додати в обрані
    ✗ geometry [offscreen-control]: button("#1003") — Скопіювати ID оголошення
    ✗ geometry [offscreen-control]: a("Нове1Продаж · КвартираПентхаус") — Нове1Продаж · КвартираПентхаус у БлокуBlloku1100 m²110 000 E
    ✗ geometry [offscreen-control]: button — Додати в обрані
    ✗ geometry [offscreen-control]: button("#1004") — Скопіювати ID оголошення
    ✗ geometry [offscreen-control]: a("Нове1Продаж · КвартираПляжний ") — Нове1Продаж · КвартираПляжний будинок у ВльоріVlorë2110 m²12
    ✗ geometry [offscreen-control]: button — Додати в обрані
    ✗ geometry [offscreen-control]: button("#1005") — Скопіювати ID оголошення
    ✗ geometry [offscreen-control]: a("1Продаж · КвартираГірський буд") — 1Продаж · КвартираГірський будиночок у БератіBerat1120 m²140
    ✗ geometry [offscreen-control]: button — Додати в обрані
    ✗ geometry [offscreen-control]: button("#1006") — Скопіювати ID оголошення
    ✗ geometry [offscreen-control]: a("1Продаж · КвартираВідремонтова") — 1Продаж · КвартираВідремонтована квартира в ЕльбасаніElbasan
    ✗ geometry [offscreen-control]: button — Додати в обрані
    ✗ geometry [offscreen-control]: button("#1007") — Скопіювати ID оголошення
  RVS/Populated × it × mobile-320
    ✗ geometry [offscreen-control]: a("Nuovo1In vendita · Appartament") — Nuovo1In vendita · AppartamentoVilla con Giardino a DurazzoD
    ✗ geometry [offscreen-control]: button — Aggiungi ai preferiti
    ✗ geometry [offscreen-control]: button("#1001") — Copia ID annuncio
    ✗ geometry [offscreen-control]: a("Nuovo1In vendita · Appartament") — Nuovo1In vendita · AppartamentoMonolocale nel Quartiere Sauk
    ✗ geometry [offscreen-control]: button — Aggiungi ai preferiti
    ✗ geometry [offscreen-control]: button("#1002") — Copia ID annuncio
    ✗ geometry [offscreen-control]: a("Nuovo1In vendita · Appartament") — Nuovo1In vendita · AppartamentoUfficio nel KombinatKombinat2
    ✗ geometry [offscreen-control]: button — Aggiungi ai preferiti
    ✗ geometry [offscreen-control]: button("#1003") — Copia ID annuncio
    ✗ geometry [offscreen-control]: a("Nuovo1In vendita · Appartament") — Nuovo1In vendita · AppartamentoAttico nel BllokuBlloku1100 m
    ✗ geometry [offscreen-control]: button — Aggiungi ai preferiti
    ✗ geometry [offscreen-control]: button("#1004") — Copia ID annuncio
    ✗ geometry [offscreen-control]: a("Nuovo1In vendita · Appartament") — Nuovo1In vendita · AppartamentoCasa al Mare a ValonaVlorë211
    ✗ geometry [offscreen-control]: button — Aggiungi ai preferiti
    ✗ geometry [offscreen-control]: button("#1005") — Copia ID annuncio
    ✗ geometry [offscreen-control]: a("1In vendita · AppartamentoRifu") — 1In vendita · AppartamentoRifugio Montano a BeratBerat1120 m
    ✗ geometry [offscreen-control]: button — Aggiungi ai preferiti
    ✗ geometry [offscreen-control]: button("#1006") — Copia ID annuncio
    ✗ geometry [offscreen-control]: a("1In vendita · AppartamentoAppa") — 1In vendita · AppartamentoAppartamento Ristrutturato a Elbas
    ✗ geometry [offscreen-control]: button — Aggiungi ai preferiti
    ✗ geometry [offscreen-control]: button("#1007") — Copia ID annuncio
  RVS/Populated × it × mobile-375
    ✗ geometry [offscreen-control]: a("Nuovo1In vendita · Appartament") — Nuovo1In vendita · AppartamentoVilla con Giardino a DurazzoD
    ✗ geometry [offscreen-control]: button — Aggiungi ai preferiti
    ✗ geometry [offscreen-control]: a("Nuovo1In vendita · Appartament") — Nuovo1In vendita · AppartamentoMonolocale nel Quartiere Sauk
    ✗ geometry [offscreen-control]: button — Aggiungi ai preferiti
    ✗ geometry [offscreen-control]: button("#1002") — Copia ID annuncio
    ✗ geometry [offscreen-control]: a("Nuovo1In vendita · Appartament") — Nuovo1In vendita · AppartamentoUfficio nel KombinatKombinat2
    ✗ geometry [offscreen-control]: button — Aggiungi ai preferiti
    ✗ geometry [offscreen-control]: button("#1003") — Copia ID annuncio
    ✗ geometry [offscreen-control]: a("Nuovo1In vendita · Appartament") — Nuovo1In vendita · AppartamentoAttico nel BllokuBlloku1100 m
    ✗ geometry [offscreen-control]: button — Aggiungi ai preferiti
    ✗ geometry [offscreen-control]: button("#1004") — Copia ID annuncio
    ✗ geometry [offscreen-control]: a("Nuovo1In vendita · Appartament") — Nuovo1In vendita · AppartamentoCasa al Mare a ValonaVlorë211
    ✗ geometry [offscreen-control]: button — Aggiungi ai preferiti
    ✗ geometry [offscreen-control]: button("#1005") — Copia ID annuncio
    ✗ geometry [offscreen-control]: a("1In vendita · AppartamentoRifu") — 1In vendita · AppartamentoRifugio Montano a BeratBerat1120 m
    ✗ geometry [offscreen-control]: button — Aggiungi ai preferiti
    ✗ geometry [offscreen-control]: button("#1006") — Copia ID annuncio
    ✗ geometry [offscreen-control]: a("1In vendita · AppartamentoAppa") — 1In vendita · AppartamentoAppartamento Ristrutturato a Elbas
    ✗ geometry [offscreen-control]: button — Aggiungi ai preferiti
    ✗ geometry [offscreen-control]: button("#1007") — Copia ID annuncio
  RVS/Populated × it × mobile-390
    ✗ geometry [offscreen-control]: a("Nuovo1In vendita · Appartament") — Nuovo1In vendita · AppartamentoVilla con Giardino a DurazzoD
    ✗ geometry [offscreen-control]: button — Aggiungi ai preferiti
    ✗ geometry [offscreen-control]: a("Nuovo1In vendita · Appartament") — Nuovo1In vendita · AppartamentoMonolocale nel Quartiere Sauk
    ✗ geometry [offscreen-control]: button — Aggiungi ai preferiti
    ✗ geometry [offscreen-control]: button("#1002") — Copia ID annuncio
    ✗ geometry [offscreen-control]: a("Nuovo1In vendita · Appartament") — Nuovo1In vendita · AppartamentoUfficio nel KombinatKombinat2
    ✗ geometry [offscreen-control]: button — Aggiungi ai preferiti
    ✗ geometry [offscreen-control]: button("#1003") — Copia ID annuncio
    ✗ geometry [offscreen-control]: a("Nuovo1In vendita · Appartament") — Nuovo1In vendita · AppartamentoAttico nel BllokuBlloku1100 m
    ✗ geometry [offscreen-control]: button — Aggiungi ai preferiti
    ✗ geometry [offscreen-control]: button("#1004") — Copia ID annuncio
    ✗ geometry [offscreen-control]: a("Nuovo1In vendita · Appartament") — Nuovo1In vendita · AppartamentoCasa al Mare a ValonaVlorë211
    ✗ geometry [offscreen-control]: button — Aggiungi ai preferiti
    ✗ geometry [offscreen-control]: button("#1005") — Copia ID annuncio
    ✗ geometry [offscreen-control]: a("1In vendita · AppartamentoRifu") — 1In vendita · AppartamentoRifugio Montano a BeratBerat1120 m
    ✗ geometry [offscreen-control]: button — Aggiungi ai preferiti
    ✗ geometry [offscreen-control]: button("#1006") — Copia ID annuncio
    ✗ geometry [offscreen-control]: a("1In vendita · AppartamentoAppa") — 1In vendita · AppartamentoAppartamento Ristrutturato a Elbas
    ✗ geometry [offscreen-control]: button — Aggiungi ai preferiti
    ✗ geometry [offscreen-control]: button("#1007") — Copia ID annuncio
  RVS/Populated × it × mobile-480
    ✗ geometry [offscreen-control]: a("Nuovo1In vendita · Appartament") — Nuovo1In vendita · AppartamentoMonolocale nel Quartiere Sauk
    ✗ geometry [offscreen-control]: button — Aggiungi ai preferiti
    ✗ geometry [offscreen-control]: button("#1002") — Copia ID annuncio
    ✗ geometry [offscreen-control]: a("Nuovo1In vendita · Appartament") — Nuovo1In vendita · AppartamentoUfficio nel KombinatKombinat2
    ✗ geometry [offscreen-control]: button — Aggiungi ai preferiti
    ✗ geometry [offscreen-control]: button("#1003") — Copia ID annuncio
    ✗ geometry [offscreen-control]: a("Nuovo1In vendita · Appartament") — Nuovo1In vendita · AppartamentoAttico nel BllokuBlloku1100 m
    ✗ geometry [offscreen-control]: button — Aggiungi ai preferiti
    ✗ geometry [offscreen-control]: button("#1004") — Copia ID annuncio
    ✗ geometry [offscreen-control]: a("Nuovo1In vendita · Appartament") — Nuovo1In vendita · AppartamentoCasa al Mare a ValonaVlorë211
    ✗ geometry [offscreen-control]: button — Aggiungi ai preferiti
    ✗ geometry [offscreen-control]: button("#1005") — Copia ID annuncio
    ✗ geometry [offscreen-control]: a("1In vendita · AppartamentoRifu") — 1In vendita · AppartamentoRifugio Montano a BeratBerat1120 m
    ✗ geometry [offscreen-control]: button — Aggiungi ai preferiti
    ✗ geometry [offscreen-control]: button("#1006") — Copia ID annuncio
    ✗ geometry [offscreen-control]: a("1In vendita · AppartamentoAppa") — 1In vendita · AppartamentoAppartamento Ristrutturato a Elbas
    ✗ geometry [offscreen-control]: button — Aggiungi ai preferiti
    ✗ geometry [offscreen-control]: button("#1007") — Copia ID annuncio
  RVS/Populated × it × canonical-560
    ✗ geometry [offscreen-control]: a("Nuovo1In vendita · Appartament") — Nuovo1In vendita · AppartamentoMonolocale nel Quartiere Sauk
    ✗ geometry [offscreen-control]: button — Aggiungi ai preferiti
    ✗ geometry [offscreen-control]: a("Nuovo1In vendita · Appartament") — Nuovo1In vendita · AppartamentoUfficio nel KombinatKombinat2
    ✗ geometry [offscreen-control]: button — Aggiungi ai preferiti
    ✗ geometry [offscreen-control]: button("#1003") — Copia ID annuncio
    ✗ geometry [offscreen-control]: a("Nuovo1In vendita · Appartament") — Nuovo1In vendita · AppartamentoAttico nel BllokuBlloku1100 m
    ✗ geometry [offscreen-control]: button — Aggiungi ai preferiti
    ✗ geometry [offscreen-control]: button("#1004") — Copia ID annuncio
    ✗ geometry [offscreen-control]: a("Nuovo1In vendita · Appartament") — Nuovo1In vendita · AppartamentoCasa al Mare a ValonaVlorë211
    ✗ geometry [offscreen-control]: button — Aggiungi ai preferiti
    ✗ geometry [offscreen-control]: button("#1005") — Copia ID annuncio
    ✗ geometry [offscreen-control]: a("1In vendita · AppartamentoRifu") — 1In vendita · AppartamentoRifugio Montano a BeratBerat1120 m
    ✗ geometry [offscreen-control]: button — Aggiungi ai preferiti
    ✗ geometry [offscreen-control]: button("#1006") — Copia ID annuncio
    ✗ geometry [offscreen-control]: a("1In vendita · AppartamentoAppa") — 1In vendita · AppartamentoAppartamento Ristrutturato a Elbas
    ✗ geometry [offscreen-control]: button — Aggiungi ai preferiti
    ✗ geometry [offscreen-control]: button("#1007") — Copia ID annuncio
  NotificationCenter/Default × sq × mobile-320
    ✗ render failure [sb-show-errordisplay]: Couldn't find story matching 'notifications-notificationcenter--default'.
    ✗ horizontal overflow detected
  NotificationCenter/Default × sq × mobile-375
    ✗ render failure [sb-show-errordisplay]: Couldn't find story matching 'notifications-notificationcenter--default'.
    ✗ horizontal overflow detected
  NotificationCenter/Default × sq × mobile-390
    ✗ render failure [sb-show-errordisplay]: Couldn't find story matching 'notifications-notificationcenter--default'.
    ✗ horizontal overflow detected
  NotificationCenter/Default × sq × mobile-480
    ✗ render failure [sb-show-errordisplay]: Couldn't find story matching 'notifications-notificationcenter--default'.
    ✗ horizontal overflow detected
  NotificationCenter/Default × sq × canonical-560
    ✗ render failure [sb-show-errordisplay]: Couldn't find story matching 'notifications-notificationcenter--default'.
    ✗ horizontal overflow detected
  NotificationCenter/Default × sq × canonical-680
    ✗ render failure [sb-show-errordisplay]: Couldn't find story matching 'notifications-notificationcenter--default'.
    ✗ horizontal overflow detected
  NotificationCenter/Default × sq × tablet-768
    ✗ render failure [sb-show-errordisplay]: Couldn't find story matching 'notifications-notificationcenter--default'.
    ✗ horizontal overflow detected
  NotificationCenter/Default × sq × canonical-810
    ✗ render failure [sb-show-errordisplay]: Couldn't find story matching 'notifications-notificationcenter--default'.
    ✗ horizontal overflow detected
  NotificationCenter/Default × sq × canonical-960
    ✗ render failure [sb-show-errordisplay]: Couldn't find story matching 'notifications-notificationcenter--default'.
    ✗ horizontal overflow detected
  NotificationCenter/Default × sq × desktop-1024
    ✗ render failure [sb-show-errordisplay]: Couldn't find story matching 'notifications-notificationcenter--default'.
    ✗ horizontal overflow detected
  NotificationCenter/Default × sq × canonical-1200
    ✗ render failure [sb-show-errordisplay]: Couldn't find story matching 'notifications-notificationcenter--default'.
    ✗ horizontal overflow detected
  NotificationCenter/Default × sq × desktop-1440
    ✗ render failure [sb-show-errordisplay]: Couldn't find story matching 'notifications-notificationcenter--default'.
    ✗ horizontal overflow detected
  NotificationCenter/Default × sq × huge-1920
    ✗ render failure [sb-show-errordisplay]: Couldn't find story matching 'notifications-notificationcenter--default'.
    ✗ horizontal overflow detected
  NotificationCenter/Default × sq × huge-2560
    ✗ render failure [sb-show-errordisplay]: Couldn't find story matching 'notifications-notificationcenter--default'.
    ✗ horizontal overflow detected
  NotificationCenter/Default × en × mobile-320
    ✗ render failure [sb-show-errordisplay]: Couldn't find story matching 'notifications-notificationcenter--default'.
    ✗ horizontal overflow detected
  NotificationCenter/Default × en × mobile-375
    ✗ render failure [sb-show-errordisplay]: Couldn't find story matching 'notifications-notificationcenter--default'.
    ✗ horizontal overflow detected
  NotificationCenter/Default × en × mobile-390
    ✗ render failure [sb-show-errordisplay]: Couldn't find story matching 'notifications-notificationcenter--default'.
    ✗ horizontal overflow detected
  NotificationCenter/Default × en × mobile-480
    ✗ render failure [sb-show-errordisplay]: Couldn't find story matching 'notifications-notificationcenter--default'.
    ✗ horizontal overflow detected
  NotificationCenter/Default × en × canonical-560
    ✗ render failure [sb-show-errordisplay]: Couldn't find story matching 'notifications-notificationcenter--default'.
    ✗ horizontal overflow detected
  NotificationCenter/Default × en × canonical-680
    ✗ render failure [sb-show-errordisplay]: Couldn't find story matching 'notifications-notificationcenter--default'.
    ✗ horizontal overflow detected
  NotificationCenter/Default × en × tablet-768
    ✗ render failure [sb-show-errordisplay]: Couldn't find story matching 'notifications-notificationcenter--default'.
    ✗ horizontal overflow detected
  NotificationCenter/Default × en × canonical-810
    ✗ render failure [sb-show-errordisplay]: Couldn't find story matching 'notifications-notificationcenter--default'.
    ✗ horizontal overflow detected
  NotificationCenter/Default × en × canonical-960
    ✗ render failure [sb-show-errordisplay]: Couldn't find story matching 'notifications-notificationcenter--default'.
    ✗ horizontal overflow detected
  NotificationCenter/Default × en × desktop-1024
    ✗ render failure [sb-show-errordisplay]: Couldn't find story matching 'notifications-notificationcenter--default'.
    ✗ horizontal overflow detected
  NotificationCenter/Default × en × canonical-1200
    ✗ render failure [sb-show-errordisplay]: Couldn't find story matching 'notifications-notificationcenter--default'.
    ✗ horizontal overflow detected
  NotificationCenter/Default × en × desktop-1440
    ✗ render failure [sb-show-errordisplay]: Couldn't find story matching 'notifications-notificationcenter--default'.
    ✗ horizontal overflow detected
  NotificationCenter/Default × en × huge-1920
    ✗ render failure [sb-show-errordisplay]: Couldn't find story matching 'notifications-notificationcenter--default'.
    ✗ horizontal overflow detected
  NotificationCenter/Default × en × huge-2560
    ✗ render failure [sb-show-errordisplay]: Couldn't find story matching 'notifications-notificationcenter--default'.
    ✗ horizontal overflow detected
  NotificationCenter/Default × uk × mobile-320
    ✗ render failure [sb-show-errordisplay]: Couldn't find story matching 'notifications-notificationcenter--default'.
    ✗ horizontal overflow detected
  NotificationCenter/Default × uk × mobile-375
    ✗ render failure [sb-show-errordisplay]: Couldn't find story matching 'notifications-notificationcenter--default'.
    ✗ horizontal overflow detected
  NotificationCenter/Default × uk × mobile-390
    ✗ render failure [sb-show-errordisplay]: Couldn't find story matching 'notifications-notificationcenter--default'.
    ✗ horizontal overflow detected
  NotificationCenter/Default × uk × mobile-480
    ✗ render failure [sb-show-errordisplay]: Couldn't find story matching 'notifications-notificationcenter--default'.
    ✗ horizontal overflow detected
  NotificationCenter/Default × uk × canonical-560
    ✗ render failure [sb-show-errordisplay]: Couldn't find story matching 'notifications-notificationcenter--default'.
    ✗ horizontal overflow detected
  NotificationCenter/Default × uk × canonical-680
    ✗ render failure [sb-show-errordisplay]: Couldn't find story matching 'notifications-notificationcenter--default'.
    ✗ horizontal overflow detected
  NotificationCenter/Default × uk × tablet-768
    ✗ render failure [sb-show-errordisplay]: Couldn't find story matching 'notifications-notificationcenter--default'.
    ✗ horizontal overflow detected
  NotificationCenter/Default × uk × canonical-810
    ✗ render failure [sb-show-errordisplay]: Couldn't find story matching 'notifications-notificationcenter--default'.
    ✗ horizontal overflow detected
  NotificationCenter/Default × uk × canonical-960
    ✗ render failure [sb-show-errordisplay]: Couldn't find story matching 'notifications-notificationcenter--default'.
    ✗ horizontal overflow detected
  NotificationCenter/Default × uk × desktop-1024
    ✗ render failure [sb-show-errordisplay]: Couldn't find story matching 'notifications-notificationcenter--default'.
    ✗ horizontal overflow detected
  NotificationCenter/Default × uk × canonical-1200
    ✗ render failure [sb-show-errordisplay]: Couldn't find story matching 'notifications-notificationcenter--default'.
    ✗ horizontal overflow detected
  NotificationCenter/Default × uk × desktop-1440
    ✗ render failure [sb-show-errordisplay]: Couldn't find story matching 'notifications-notificationcenter--default'.
    ✗ horizontal overflow detected
  NotificationCenter/Default × uk × huge-1920
    ✗ render failure [sb-show-errordisplay]: Couldn't find story matching 'notifications-notificationcenter--default'.
    ✗ horizontal overflow detected
  NotificationCenter/Default × uk × huge-2560
    ✗ render failure [sb-show-errordisplay]: Couldn't find story matching 'notifications-notificationcenter--default'.
    ✗ horizontal overflow detected
  NotificationCenter/Default × it × mobile-320
    ✗ render failure [sb-show-errordisplay]: Couldn't find story matching 'notifications-notificationcenter--default'.
    ✗ horizontal overflow detected
  NotificationCenter/Default × it × mobile-375
    ✗ render failure [sb-show-errordisplay]: Couldn't find story matching 'notifications-notificationcenter--default'.
    ✗ horizontal overflow detected
  NotificationCenter/Default × it × mobile-390
    ✗ render failure [sb-show-errordisplay]: Couldn't find story matching 'notifications-notificationcenter--default'.
    ✗ horizontal overflow detected
  NotificationCenter/Default × it × mobile-480
    ✗ render failure [sb-show-errordisplay]: Couldn't find story matching 'notifications-notificationcenter--default'.
    ✗ horizontal overflow detected
  NotificationCenter/Default × it × canonical-560
    ✗ render failure [sb-show-errordisplay]: Couldn't find story matching 'notifications-notificationcenter--default'.
    ✗ horizontal overflow detected
  NotificationCenter/Default × it × canonical-680
    ✗ render failure [sb-show-errordisplay]: Couldn't find story matching 'notifications-notificationcenter--default'.
    ✗ horizontal overflow detected
  NotificationCenter/Default × it × tablet-768
    ✗ render failure [sb-show-errordisplay]: Couldn't find story matching 'notifications-notificationcenter--default'.
    ✗ horizontal overflow detected
  NotificationCenter/Default × it × canonical-810
    ✗ render failure [sb-show-errordisplay]: Couldn't find story matching 'notifications-notificationcenter--default'.
    ✗ horizontal overflow detected
  NotificationCenter/Default × it × canonical-960
    ✗ render failure [sb-show-errordisplay]: Couldn't find story matching 'notifications-notificationcenter--default'.
    ✗ horizontal overflow detected
  NotificationCenter/Default × it × desktop-1024
    ✗ render failure [sb-show-errordisplay]: Couldn't find story matching 'notifications-notificationcenter--default'.
    ✗ horizontal overflow detected
  NotificationCenter/Default × it × canonical-1200
    ✗ render failure [sb-show-errordisplay]: Couldn't find story matching 'notifications-notificationcenter--default'.
    ✗ horizontal overflow detected
  NotificationCenter/Default × it × desktop-1440
    ✗ render failure [sb-show-errordisplay]: Couldn't find story matching 'notifications-notificationcenter--default'.
    ✗ horizontal overflow detected
  NotificationCenter/Default × it × huge-1920
    ✗ render failure [sb-show-errordisplay]: Couldn't find story matching 'notifications-notificationcenter--default'.
    ✗ horizontal overflow detected
  NotificationCenter/Default × it × huge-2560
    ✗ render failure [sb-show-errordisplay]: Couldn't find story matching 'notifications-notificationcenter--default'.
    ✗ horizontal overflow detected
  NotificationCenter/MobileBottomSheet × sq × mobile-320
    ✗ render failure [sb-show-errordisplay]: Couldn't find story matching 'notifications-notificationcenter--mobile-bottom-sheet'.
    ✗ horizontal overflow detected
  NotificationCenter/MobileBottomSheet × sq × mobile-375
    ✗ render failure [sb-show-errordisplay]: Couldn't find story matching 'notifications-notificationcenter--mobile-bottom-sheet'.
    ✗ horizontal overflow detected
  NotificationCenter/MobileBottomSheet × sq × mobile-390
    ✗ render failure [sb-show-errordisplay]: Couldn't find story matching 'notifications-notificationcenter--mobile-bottom-sheet'.
    ✗ horizontal overflow detected
  NotificationCenter/MobileBottomSheet × sq × mobile-480
    ✗ render failure [sb-show-errordisplay]: Couldn't find story matching 'notifications-notificationcenter--mobile-bottom-sheet'.
    ✗ horizontal overflow detected
  NotificationCenter/MobileBottomSheet × sq × canonical-560
    ✗ render failure [sb-show-errordisplay]: Couldn't find story matching 'notifications-notificationcenter--mobile-bottom-sheet'.
    ✗ horizontal overflow detected
  NotificationCenter/MobileBottomSheet × sq × canonical-680
    ✗ render failure [sb-show-errordisplay]: Couldn't find story matching 'notifications-notificationcenter--mobile-bottom-sheet'.
    ✗ horizontal overflow detected
  NotificationCenter/MobileBottomSheet × sq × tablet-768
    ✗ render failure [sb-show-errordisplay]: Couldn't find story matching 'notifications-notificationcenter--mobile-bottom-sheet'.
    ✗ horizontal overflow detected
  NotificationCenter/MobileBottomSheet × sq × canonical-810
    ✗ render failure [sb-show-errordisplay]: Couldn't find story matching 'notifications-notificationcenter--mobile-bottom-sheet'.
    ✗ horizontal overflow detected
  NotificationCenter/MobileBottomSheet × sq × canonical-960
    ✗ render failure [sb-show-errordisplay]: Couldn't find story matching 'notifications-notificationcenter--mobile-bottom-sheet'.
    ✗ horizontal overflow detected
  NotificationCenter/MobileBottomSheet × sq × desktop-1024
    ✗ render failure [sb-show-errordisplay]: Couldn't find story matching 'notifications-notificationcenter--mobile-bottom-sheet'.
    ✗ horizontal overflow detected
  NotificationCenter/MobileBottomSheet × sq × canonical-1200
    ✗ render failure [sb-show-errordisplay]: Couldn't find story matching 'notifications-notificationcenter--mobile-bottom-sheet'.
    ✗ horizontal overflow detected
  NotificationCenter/MobileBottomSheet × sq × desktop-1440
    ✗ render failure [sb-show-errordisplay]: Couldn't find story matching 'notifications-notificationcenter--mobile-bottom-sheet'.
    ✗ horizontal overflow detected
  NotificationCenter/MobileBottomSheet × sq × huge-1920
    ✗ render failure [sb-show-errordisplay]: Couldn't find story matching 'notifications-notificationcenter--mobile-bottom-sheet'.
    ✗ horizontal overflow detected
  NotificationCenter/MobileBottomSheet × sq × huge-2560
    ✗ render failure [sb-show-errordisplay]: Couldn't find story matching 'notifications-notificationcenter--mobile-bottom-sheet'.
    ✗ horizontal overflow detected
  NotificationCenter/MobileBottomSheet × en × mobile-320
    ✗ render failure [sb-show-errordisplay]: Couldn't find story matching 'notifications-notificationcenter--mobile-bottom-sheet'.
    ✗ horizontal overflow detected
  NotificationCenter/MobileBottomSheet × en × mobile-375
    ✗ render failure [sb-show-errordisplay]: Couldn't find story matching 'notifications-notificationcenter--mobile-bottom-sheet'.
    ✗ horizontal overflow detected
  NotificationCenter/MobileBottomSheet × en × mobile-390
    ✗ render failure [sb-show-errordisplay]: Couldn't find story matching 'notifications-notificationcenter--mobile-bottom-sheet'.
    ✗ horizontal overflow detected
  NotificationCenter/MobileBottomSheet × en × mobile-480
    ✗ render failure [sb-show-errordisplay]: Couldn't find story matching 'notifications-notificationcenter--mobile-bottom-sheet'.
    ✗ horizontal overflow detected
  NotificationCenter/MobileBottomSheet × en × canonical-560
    ✗ render failure [sb-show-errordisplay]: Couldn't find story matching 'notifications-notificationcenter--mobile-bottom-sheet'.
    ✗ horizontal overflow detected
  NotificationCenter/MobileBottomSheet × en × canonical-680
    ✗ render failure [sb-show-errordisplay]: Couldn't find story matching 'notifications-notificationcenter--mobile-bottom-sheet'.
    ✗ horizontal overflow detected
  NotificationCenter/MobileBottomSheet × en × tablet-768
    ✗ render failure [sb-show-errordisplay]: Couldn't find story matching 'notifications-notificationcenter--mobile-bottom-sheet'.
    ✗ horizontal overflow detected
  NotificationCenter/MobileBottomSheet × en × canonical-810
    ✗ render failure [sb-show-errordisplay]: Couldn't find story matching 'notifications-notificationcenter--mobile-bottom-sheet'.
    ✗ horizontal overflow detected
  NotificationCenter/MobileBottomSheet × en × canonical-960
    ✗ render failure [sb-show-errordisplay]: Couldn't find story matching 'notifications-notificationcenter--mobile-bottom-sheet'.
    ✗ horizontal overflow detected
  NotificationCenter/MobileBottomSheet × en × desktop-1024
    ✗ render failure [sb-show-errordisplay]: Couldn't find story matching 'notifications-notificationcenter--mobile-bottom-sheet'.
    ✗ horizontal overflow detected
  NotificationCenter/MobileBottomSheet × en × canonical-1200
    ✗ render failure [sb-show-errordisplay]: Couldn't find story matching 'notifications-notificationcenter--mobile-bottom-sheet'.
    ✗ horizontal overflow detected
  NotificationCenter/MobileBottomSheet × en × desktop-1440
    ✗ render failure [sb-show-errordisplay]: Couldn't find story matching 'notifications-notificationcenter--mobile-bottom-sheet'.
    ✗ horizontal overflow detected
  NotificationCenter/MobileBottomSheet × en × huge-1920
    ✗ render failure [sb-show-errordisplay]: Couldn't find story matching 'notifications-notificationcenter--mobile-bottom-sheet'.
    ✗ horizontal overflow detected
  NotificationCenter/MobileBottomSheet × en × huge-2560
    ✗ render failure [sb-show-errordisplay]: Couldn't find story matching 'notifications-notificationcenter--mobile-bottom-sheet'.
    ✗ horizontal overflow detected
  NotificationCenter/MobileBottomSheet × uk × mobile-320
    ✗ render failure [sb-show-errordisplay]: Couldn't find story matching 'notifications-notificationcenter--mobile-bottom-sheet'.
    ✗ horizontal overflow detected
  NotificationCenter/MobileBottomSheet × uk × mobile-375
    ✗ render failure [sb-show-errordisplay]: Couldn't find story matching 'notifications-notificationcenter--mobile-bottom-sheet'.
    ✗ horizontal overflow detected
  NotificationCenter/MobileBottomSheet × uk × mobile-390
    ✗ render failure [sb-show-errordisplay]: Couldn't find story matching 'notifications-notificationcenter--mobile-bottom-sheet'.
    ✗ horizontal overflow detected
  NotificationCenter/MobileBottomSheet × uk × mobile-480
    ✗ render failure [sb-show-errordisplay]: Couldn't find story matching 'notifications-notificationcenter--mobile-bottom-sheet'.
    ✗ horizontal overflow detected
  NotificationCenter/MobileBottomSheet × uk × canonical-560
    ✗ render failure [sb-show-errordisplay]: Couldn't find story matching 'notifications-notificationcenter--mobile-bottom-sheet'.
    ✗ horizontal overflow detected
  NotificationCenter/MobileBottomSheet × uk × canonical-680
    ✗ render failure [sb-show-errordisplay]: Couldn't find story matching 'notifications-notificationcenter--mobile-bottom-sheet'.
    ✗ horizontal overflow detected
  NotificationCenter/MobileBottomSheet × uk × tablet-768
    ✗ render failure [sb-show-errordisplay]: Couldn't find story matching 'notifications-notificationcenter--mobile-bottom-sheet'.
    ✗ horizontal overflow detected
  NotificationCenter/MobileBottomSheet × uk × canonical-810
    ✗ render failure [sb-show-errordisplay]: Couldn't find story matching 'notifications-notificationcenter--mobile-bottom-sheet'.
    ✗ horizontal overflow detected
  NotificationCenter/MobileBottomSheet × uk × canonical-960
    ✗ render failure [sb-show-errordisplay]: Couldn't find story matching 'notifications-notificationcenter--mobile-bottom-sheet'.
    ✗ horizontal overflow detected
  NotificationCenter/MobileBottomSheet × uk × desktop-1024
    ✗ render failure [sb-show-errordisplay]: Couldn't find story matching 'notifications-notificationcenter--mobile-bottom-sheet'.
    ✗ horizontal overflow detected
  NotificationCenter/MobileBottomSheet × uk × canonical-1200
    ✗ render failure [sb-show-errordisplay]: Couldn't find story matching 'notifications-notificationcenter--mobile-bottom-sheet'.
    ✗ horizontal overflow detected
  NotificationCenter/MobileBottomSheet × uk × desktop-1440
    ✗ render failure [sb-show-errordisplay]: Couldn't find story matching 'notifications-notificationcenter--mobile-bottom-sheet'.
    ✗ horizontal overflow detected
  NotificationCenter/MobileBottomSheet × uk × huge-1920
    ✗ render failure [sb-show-errordisplay]: Couldn't find story matching 'notifications-notificationcenter--mobile-bottom-sheet'.
    ✗ horizontal overflow detected
  NotificationCenter/MobileBottomSheet × uk × huge-2560
    ✗ render failure [sb-show-errordisplay]: Couldn't find story matching 'notifications-notificationcenter--mobile-bottom-sheet'.
    ✗ horizontal overflow detected
  NotificationCenter/MobileBottomSheet × it × mobile-320
    ✗ render failure [sb-show-errordisplay]: Couldn't find story matching 'notifications-notificationcenter--mobile-bottom-sheet'.
    ✗ horizontal overflow detected
  NotificationCenter/MobileBottomSheet × it × mobile-375
    ✗ render failure [sb-show-errordisplay]: Couldn't find story matching 'notifications-notificationcenter--mobile-bottom-sheet'.
    ✗ horizontal overflow detected
  NotificationCenter/MobileBottomSheet × it × mobile-390
    ✗ render failure [sb-show-errordisplay]: Couldn't find story matching 'notifications-notificationcenter--mobile-bottom-sheet'.
    ✗ horizontal overflow detected
  NotificationCenter/MobileBottomSheet × it × mobile-480
    ✗ render failure [sb-show-errordisplay]: Couldn't find story matching 'notifications-notificationcenter--mobile-bottom-sheet'.
    ✗ horizontal overflow detected
  NotificationCenter/MobileBottomSheet × it × canonical-560
    ✗ render failure [sb-show-errordisplay]: Couldn't find story matching 'notifications-notificationcenter--mobile-bottom-sheet'.
    ✗ horizontal overflow detected
  NotificationCenter/MobileBottomSheet × it × canonical-680
    ✗ render failure [sb-show-errordisplay]: Couldn't find story matching 'notifications-notificationcenter--mobile-bottom-sheet'.
    ✗ horizontal overflow detected
  NotificationCenter/MobileBottomSheet × it × tablet-768
    ✗ render failure [sb-show-errordisplay]: Couldn't find story matching 'notifications-notificationcenter--mobile-bottom-sheet'.
    ✗ horizontal overflow detected
  NotificationCenter/MobileBottomSheet × it × canonical-810
    ✗ render failure [sb-show-errordisplay]: Couldn't find story matching 'notifications-notificationcenter--mobile-bottom-sheet'.
    ✗ horizontal overflow detected
  NotificationCenter/MobileBottomSheet × it × canonical-960
    ✗ render failure [sb-show-errordisplay]: Couldn't find story matching 'notifications-notificationcenter--mobile-bottom-sheet'.
    ✗ horizontal overflow detected
  NotificationCenter/MobileBottomSheet × it × desktop-1024
    ✗ render failure [sb-show-errordisplay]: Couldn't find story matching 'notifications-notificationcenter--mobile-bottom-sheet'.
    ✗ horizontal overflow detected
  NotificationCenter/MobileBottomSheet × it × canonical-1200
    ✗ render failure [sb-show-errordisplay]: Couldn't find story matching 'notifications-notificationcenter--mobile-bottom-sheet'.
    ✗ horizontal overflow detected
  NotificationCenter/MobileBottomSheet × it × desktop-1440
    ✗ render failure [sb-show-errordisplay]: Couldn't find story matching 'notifications-notificationcenter--mobile-bottom-sheet'.
    ✗ horizontal overflow detected
  NotificationCenter/MobileBottomSheet × it × huge-1920
    ✗ render failure [sb-show-errordisplay]: Couldn't find story matching 'notifications-notificationcenter--mobile-bottom-sheet'.
    ✗ horizontal overflow detected
  NotificationCenter/MobileBottomSheet × it × huge-2560
    ✗ render failure [sb-show-errordisplay]: Couldn't find story matching 'notifications-notificationcenter--mobile-bottom-sheet'.
    ✗ horizontal overflow detected
  NotificationCenter/Empty × sq × mobile-320
    ✗ render failure [sb-show-errordisplay]: Couldn't find story matching 'notifications-notificationcenter--empty'.
    ✗ horizontal overflow detected
  NotificationCenter/Empty × sq × mobile-375
    ✗ render failure [sb-show-errordisplay]: Couldn't find story matching 'notifications-notificationcenter--empty'.
    ✗ horizontal overflow detected
  NotificationCenter/Empty × sq × mobile-390
    ✗ render failure [sb-show-errordisplay]: Couldn't find story matching 'notifications-notificationcenter--empty'.
    ✗ horizontal overflow detected
  NotificationCenter/Empty × sq × mobile-480
    ✗ render failure [sb-show-errordisplay]: Couldn't find story matching 'notifications-notificationcenter--empty'.
    ✗ horizontal overflow detected
  NotificationCenter/Empty × sq × canonical-560
    ✗ render failure [sb-show-errordisplay]: Couldn't find story matching 'notifications-notificationcenter--empty'.
    ✗ horizontal overflow detected
  NotificationCenter/Empty × sq × canonical-680
    ✗ render failure [sb-show-errordisplay]: Couldn't find story matching 'notifications-notificationcenter--empty'.
    ✗ horizontal overflow detected
  NotificationCenter/Empty × sq × tablet-768
    ✗ render failure [sb-show-errordisplay]: Couldn't find story matching 'notifications-notificationcenter--empty'.
    ✗ horizontal overflow detected
  NotificationCenter/Empty × sq × canonical-810
    ✗ render failure [sb-show-errordisplay]: Couldn't find story matching 'notifications-notificationcenter--empty'.
    ✗ horizontal overflow detected
  NotificationCenter/Empty × sq × canonical-960
    ✗ render failure [sb-show-errordisplay]: Couldn't find story matching 'notifications-notificationcenter--empty'.
    ✗ horizontal overflow detected
  NotificationCenter/Empty × sq × desktop-1024
    ✗ render failure [sb-show-errordisplay]: Couldn't find story matching 'notifications-notificationcenter--empty'.
    ✗ horizontal overflow detected
  NotificationCenter/Empty × sq × canonical-1200
    ✗ render failure [sb-show-errordisplay]: Couldn't find story matching 'notifications-notificationcenter--empty'.
    ✗ horizontal overflow detected
  NotificationCenter/Empty × sq × desktop-1440
    ✗ render failure [sb-show-errordisplay]: Couldn't find story matching 'notifications-notificationcenter--empty'.
    ✗ horizontal overflow detected
  NotificationCenter/Empty × sq × huge-1920
    ✗ render failure [sb-show-errordisplay]: Couldn't find story matching 'notifications-notificationcenter--empty'.
    ✗ horizontal overflow detected
  NotificationCenter/Empty × sq × huge-2560
    ✗ render failure [sb-show-errordisplay]: Couldn't find story matching 'notifications-notificationcenter--empty'.
    ✗ horizontal overflow detected
  NotificationCenter/Empty × en × mobile-320
    ✗ render failure [sb-show-errordisplay]: Couldn't find story matching 'notifications-notificationcenter--empty'.
    ✗ horizontal overflow detected
  NotificationCenter/Empty × en × mobile-375
    ✗ render failure [sb-show-errordisplay]: Couldn't find story matching 'notifications-notificationcenter--empty'.
    ✗ horizontal overflow detected
  NotificationCenter/Empty × en × mobile-390
    ✗ render failure [sb-show-errordisplay]: Couldn't find story matching 'notifications-notificationcenter--empty'.
    ✗ horizontal overflow detected
  NotificationCenter/Empty × en × mobile-480
    ✗ render failure [sb-show-errordisplay]: Couldn't find story matching 'notifications-notificationcenter--empty'.
    ✗ horizontal overflow detected
  NotificationCenter/Empty × en × canonical-560
    ✗ render failure [sb-show-errordisplay]: Couldn't find story matching 'notifications-notificationcenter--empty'.
    ✗ horizontal overflow detected
  NotificationCenter/Empty × en × canonical-680
    ✗ render failure [blank-canvas]: near-uniform (bg=100.0%, var=0.0)
    ✗ horizontal overflow detected
  NotificationCenter/Empty × en × tablet-768
    ✗ render failure [sb-show-errordisplay]: Couldn't find story matching 'notifications-notificationcenter--empty'.
    ✗ horizontal overflow detected
  NotificationCenter/Empty × en × canonical-810
    ✗ render failure [sb-show-errordisplay]: Couldn't find story matching 'notifications-notificationcenter--empty'.
    ✗ horizontal overflow detected
  NotificationCenter/Empty × en × canonical-960
    ✗ render failure [sb-show-errordisplay]: Couldn't find story matching 'notifications-notificationcenter--empty'.
    ✗ horizontal overflow detected
  NotificationCenter/Empty × en × desktop-1024
    ✗ render failure [sb-show-errordisplay]: Couldn't find story matching 'notifications-notificationcenter--empty'.
    ✗ horizontal overflow detected
  NotificationCenter/Empty × en × canonical-1200
    ✗ render failure [sb-show-errordisplay]: Couldn't find story matching 'notifications-notificationcenter--empty'.
    ✗ horizontal overflow detected
  NotificationCenter/Empty × en × desktop-1440
    ✗ render failure [sb-show-errordisplay]: Couldn't find story matching 'notifications-notificationcenter--empty'.
    ✗ horizontal overflow detected
  NotificationCenter/Empty × en × huge-1920
    ✗ render failure [sb-show-errordisplay]: Couldn't find story matching 'notifications-notificationcenter--empty'.
    ✗ horizontal overflow detected
  NotificationCenter/Empty × en × huge-2560
    ✗ render failure [sb-show-errordisplay]: Couldn't find story matching 'notifications-notificationcenter--empty'.
    ✗ horizontal overflow detected
  NotificationCenter/Empty × uk × mobile-320
    ✗ render failure [sb-show-errordisplay]: Couldn't find story matching 'notifications-notificationcenter--empty'.
    ✗ horizontal overflow detected
  NotificationCenter/Empty × uk × mobile-375
    ✗ render failure [sb-show-errordisplay]: Couldn't find story matching 'notifications-notificationcenter--empty'.
    ✗ horizontal overflow detected
  NotificationCenter/Empty × uk × mobile-390
    ✗ render failure [sb-show-errordisplay]: Couldn't find story matching 'notifications-notificationcenter--empty'.
    ✗ horizontal overflow detected
  NotificationCenter/Empty × uk × mobile-480
    ✗ render failure [sb-show-errordisplay]: Couldn't find story matching 'notifications-notificationcenter--empty'.
    ✗ horizontal overflow detected
  NotificationCenter/Empty × uk × canonical-560
    ✗ render failure [sb-show-errordisplay]: Couldn't find story matching 'notifications-notificationcenter--empty'.
    ✗ horizontal overflow detected
  NotificationCenter/Empty × uk × canonical-680
    ✗ render failure [sb-show-errordisplay]: Couldn't find story matching 'notifications-notificationcenter--empty'.
    ✗ horizontal overflow detected
  NotificationCenter/Empty × uk × tablet-768
    ✗ render failure [sb-show-errordisplay]: Couldn't find story matching 'notifications-notificationcenter--empty'.
    ✗ horizontal overflow detected
  NotificationCenter/Empty × uk × canonical-810
    ✗ render failure [sb-show-errordisplay]: Couldn't find story matching 'notifications-notificationcenter--empty'.
    ✗ horizontal overflow detected
  NotificationCenter/Empty × uk × canonical-960
    ✗ render failure [sb-show-errordisplay]: Couldn't find story matching 'notifications-notificationcenter--empty'.
    ✗ horizontal overflow detected
  NotificationCenter/Empty × uk × desktop-1024
    ✗ render failure [sb-show-errordisplay]: Couldn't find story matching 'notifications-notificationcenter--empty'.
    ✗ horizontal overflow detected
  NotificationCenter/Empty × uk × canonical-1200
    ✗ render failure [sb-show-errordisplay]: Couldn't find story matching 'notifications-notificationcenter--empty'.
    ✗ horizontal overflow detected
  NotificationCenter/Empty × uk × desktop-1440
    ✗ render failure [sb-show-errordisplay]: Couldn't find story matching 'notifications-notificationcenter--empty'.
    ✗ horizontal overflow detected
  NotificationCenter/Empty × uk × huge-1920
    ✗ render failure [sb-show-errordisplay]: Couldn't find story matching 'notifications-notificationcenter--empty'.
    ✗ horizontal overflow detected
  NotificationCenter/Empty × uk × huge-2560
    ✗ render failure [sb-show-errordisplay]: Couldn't find story matching 'notifications-notificationcenter--empty'.
    ✗ horizontal overflow detected
  NotificationCenter/Empty × it × mobile-320
    ✗ render failure [sb-show-errordisplay]: Couldn't find story matching 'notifications-notificationcenter--empty'.
    ✗ horizontal overflow detected
  NotificationCenter/Empty × it × mobile-375
    ✗ render failure [sb-show-errordisplay]: Couldn't find story matching 'notifications-notificationcenter--empty'.
    ✗ horizontal overflow detected
  NotificationCenter/Empty × it × mobile-390
    ✗ render failure [sb-show-errordisplay]: Couldn't find story matching 'notifications-notificationcenter--empty'.
    ✗ horizontal overflow detected
  NotificationCenter/Empty × it × mobile-480
    ✗ render failure [sb-show-errordisplay]: Couldn't find story matching 'notifications-notificationcenter--empty'.
    ✗ horizontal overflow detected
  NotificationCenter/Empty × it × canonical-560
    ✗ render failure [sb-show-errordisplay]: Couldn't find story matching 'notifications-notificationcenter--empty'.
    ✗ horizontal overflow detected
  NotificationCenter/Empty × it × canonical-680
    ✗ render failure [sb-show-errordisplay]: Couldn't find story matching 'notifications-notificationcenter--empty'.
    ✗ horizontal overflow detected
  NotificationCenter/Empty × it × tablet-768
    ✗ render failure [sb-show-errordisplay]: Couldn't find story matching 'notifications-notificationcenter--empty'.
    ✗ horizontal overflow detected
  NotificationCenter/Empty × it × canonical-810
    ✗ render failure [sb-show-errordisplay]: Couldn't find story matching 'notifications-notificationcenter--empty'.
    ✗ horizontal overflow detected
  NotificationCenter/Empty × it × canonical-960
    ✗ render failure [sb-show-errordisplay]: Couldn't find story matching 'notifications-notificationcenter--empty'.
    ✗ horizontal overflow detected
  NotificationCenter/Empty × it × desktop-1024
    ✗ render failure [sb-show-errordisplay]: Couldn't find story matching 'notifications-notificationcenter--empty'.
    ✗ horizontal overflow detected
  NotificationCenter/Empty × it × canonical-1200
    ✗ render failure [sb-show-errordisplay]: Couldn't find story matching 'notifications-notificationcenter--empty'.
    ✗ horizontal overflow detected
  NotificationCenter/Empty × it × desktop-1440
    ✗ render failure [sb-show-errordisplay]: Couldn't find story matching 'notifications-notificationcenter--empty'.
    ✗ horizontal overflow detected
  NotificationCenter/Empty × it × huge-1920
    ✗ render failure [sb-show-errordisplay]: Couldn't find story matching 'notifications-notificationcenter--empty'.
    ✗ horizontal overflow detected
  NotificationCenter/Empty × it × huge-2560
    ✗ render failure [sb-show-errordisplay]: Couldn't find story matching 'notifications-notificationcenter--empty'.
    ✗ horizontal overflow detected
  AdminReportsManager/Default × sq × mobile-320
    ✗ geometry [offscreen-control]: button("Në shqyrtim") — Në shqyrtim
    ✗ geometry [offscreen-control]: button("Zgjidhur1") — Zgjidhur1
    ✗ geometry [offscreen-control]: button("Refuzuar") — Refuzuar
  AdminReportsManager/Default × sq × mobile-375
    ✗ geometry [offscreen-control]: button("Në shqyrtim") — Në shqyrtim
    ✗ geometry [offscreen-control]: button("Zgjidhur1") — Zgjidhur1
    ✗ geometry [offscreen-control]: button("Refuzuar") — Refuzuar
  AdminReportsManager/Default × sq × mobile-390
    ✗ geometry [offscreen-control]: button("Zgjidhur1") — Zgjidhur1
    ✗ geometry [offscreen-control]: button("Refuzuar") — Refuzuar
  AdminReportsManager/Default × sq × mobile-480
    ✗ geometry [offscreen-control]: button("Zgjidhur1") — Zgjidhur1
    ✗ geometry [offscreen-control]: button("Refuzuar") — Refuzuar
  AdminReportsManager/Default × sq × canonical-560
    ✗ geometry [offscreen-control]: button("Refuzuar") — Refuzuar
  AdminReportsManager/Default × en × mobile-320
    ✗ geometry [offscreen-control]: button("Resolved1") — Resolved1
    ✗ geometry [offscreen-control]: button("Dismissed") — Dismissed
  AdminReportsManager/Default × en × mobile-375
    ✗ geometry [offscreen-control]: button("Resolved1") — Resolved1
    ✗ geometry [offscreen-control]: button("Dismissed") — Dismissed
  AdminReportsManager/Default × en × mobile-390
    ✗ geometry [offscreen-control]: button("Resolved1") — Resolved1
    ✗ geometry [offscreen-control]: button("Dismissed") — Dismissed
  AdminReportsManager/Default × en × mobile-480
    ✗ geometry [offscreen-control]: button("Dismissed") — Dismissed
  AdminReportsManager/Default × uk × mobile-320
    ✗ geometry [offscreen-control]: button("На розгляді") — На розгляді
    ✗ geometry [offscreen-control]: button("Вирішено1") — Вирішено1
    ✗ geometry [offscreen-control]: button("Відхилено") — Відхилено
  AdminReportsManager/Default × uk × mobile-375
    ✗ geometry [offscreen-control]: button("Вирішено1") — Вирішено1
    ✗ geometry [offscreen-control]: button("Відхилено") — Відхилено
  AdminReportsManager/Default × uk × mobile-390
    ✗ geometry [offscreen-control]: button("Вирішено1") — Вирішено1
    ✗ geometry [offscreen-control]: button("Відхилено") — Відхилено
  AdminReportsManager/Default × uk × mobile-480
    ✗ geometry [offscreen-control]: button("Вирішено1") — Вирішено1
    ✗ geometry [offscreen-control]: button("Відхилено") — Відхилено
  AdminReportsManager/Default × uk × canonical-560
    ✗ geometry [offscreen-control]: button("Відхилено") — Відхилено
  AdminReportsManager/Default × it × mobile-320
    ✗ geometry [offscreen-control]: button("In revisione") — In revisione
    ✗ geometry [offscreen-control]: button("Risolte1") — Risolte1
    ✗ geometry [offscreen-control]: button("Rifiutate") — Rifiutate
  AdminReportsManager/Default × it × mobile-375
    ✗ geometry [offscreen-control]: button("Risolte1") — Risolte1
    ✗ geometry [offscreen-control]: button("Rifiutate") — Rifiutate
  AdminReportsManager/Default × it × mobile-390
    ✗ geometry [offscreen-control]: button("Risolte1") — Risolte1
    ✗ geometry [offscreen-control]: button("Rifiutate") — Rifiutate
  AdminReportsManager/Default × it × mobile-480
    ✗ geometry [offscreen-control]: button("Rifiutate") — Rifiutate
  AdminReportsManager/Default × it × canonical-560
    ✗ geometry [offscreen-control]: button("Rifiutate") — Rifiutate
  AdminReportsManager/DialogOwnerRow × sq × mobile-320
    ✗ geometry [offscreen-control]: button("Në shqyrtim") — Në shqyrtim
    ✗ geometry [offscreen-control]: button("Zgjidhur1") — Zgjidhur1
    ✗ geometry [offscreen-control]: button("Refuzuar") — Refuzuar
  AdminReportsManager/DialogOwnerRow × sq × mobile-375
    ✗ geometry [offscreen-control]: button("Në shqyrtim") — Në shqyrtim
    ✗ geometry [offscreen-control]: button("Zgjidhur1") — Zgjidhur1
    ✗ geometry [offscreen-control]: button("Refuzuar") — Refuzuar
  AdminReportsManager/DialogOwnerRow × sq × mobile-390
    ✗ geometry [offscreen-control]: button("Zgjidhur1") — Zgjidhur1
    ✗ geometry [offscreen-control]: button("Refuzuar") — Refuzuar
  AdminReportsManager/DialogOwnerRow × sq × mobile-480
    ✗ geometry [offscreen-control]: button("Zgjidhur1") — Zgjidhur1
    ✗ geometry [offscreen-control]: button("Refuzuar") — Refuzuar
  AdminReportsManager/DialogOwnerRow × sq × canonical-560
    ✗ geometry [offscreen-control]: button("Refuzuar") — Refuzuar
  AdminReportsManager/DialogOwnerRow × en × mobile-320
    ✗ geometry [offscreen-control]: button("Resolved1") — Resolved1
    ✗ geometry [offscreen-control]: button("Dismissed") — Dismissed
  AdminReportsManager/DialogOwnerRow × en × mobile-375
    ✗ geometry [offscreen-control]: button("Resolved1") — Resolved1
    ✗ geometry [offscreen-control]: button("Dismissed") — Dismissed
  AdminReportsManager/DialogOwnerRow × en × mobile-390
    ✗ geometry [offscreen-control]: button("Resolved1") — Resolved1
    ✗ geometry [offscreen-control]: button("Dismissed") — Dismissed
  AdminReportsManager/DialogOwnerRow × en × mobile-480
    ✗ geometry [offscreen-control]: button("Dismissed") — Dismissed
  AdminReportsManager/DialogOwnerRow × uk × mobile-320
    ✗ geometry [text-clipped]: [data-slot="button"]("Взяти на розгляд") — Взяти на розгляд
    ✗ geometry [text-clipped]: [data-slot="button"]("Відхилити") — Відхилити
    ✗ geometry [text-clipped]: [data-slot="button"]("Вирішити") — Вирішити
    ✗ geometry [offscreen-control]: button("На розгляді") — На розгляді
    ✗ geometry [offscreen-control]: button("Вирішено1") — Вирішено1
    ✗ geometry [offscreen-control]: button("Відхилено") — Відхилено
  AdminReportsManager/DialogOwnerRow × uk × mobile-375
    ✗ geometry [offscreen-control]: button("Вирішено1") — Вирішено1
    ✗ geometry [offscreen-control]: button("Відхилено") — Відхилено
  AdminReportsManager/DialogOwnerRow × uk × mobile-390
    ✗ geometry [offscreen-control]: button("Вирішено1") — Вирішено1
    ✗ geometry [offscreen-control]: button("Відхилено") — Відхилено
  AdminReportsManager/DialogOwnerRow × uk × mobile-480
    ✗ geometry [offscreen-control]: button("Вирішено1") — Вирішено1
    ✗ geometry [offscreen-control]: button("Відхилено") — Відхилено
  AdminReportsManager/DialogOwnerRow × uk × canonical-560
    ✗ geometry [offscreen-control]: button("Відхилено") — Відхилено
  AdminReportsManager/DialogOwnerRow × it × mobile-320
    ✗ geometry [offscreen-control]: button("In revisione") — In revisione
    ✗ geometry [offscreen-control]: button("Risolte1") — Risolte1
    ✗ geometry [offscreen-control]: button("Rifiutate") — Rifiutate
  AdminReportsManager/DialogOwnerRow × it × mobile-375
    ✗ geometry [offscreen-control]: button("Risolte1") — Risolte1
    ✗ geometry [offscreen-control]: button("Rifiutate") — Rifiutate
  AdminReportsManager/DialogOwnerRow × it × mobile-390
    ✗ geometry [offscreen-control]: button("Risolte1") — Risolte1
    ✗ geometry [offscreen-control]: button("Rifiutate") — Rifiutate
  AdminReportsManager/DialogOwnerRow × it × mobile-480
    ✗ geometry [offscreen-control]: button("Rifiutate") — Rifiutate
  AdminReportsManager/DialogOwnerRow × it × canonical-560
    ✗ geometry [offscreen-control]: button("Rifiutate") — Rifiutate
  AdminReportsManager/FullManagement × sq × mobile-320
    ✗ geometry [offscreen-control]: button("Në shqyrtim") — Në shqyrtim
    ✗ geometry [offscreen-control]: button("Zgjidhur") — Zgjidhur
    ✗ geometry [offscreen-control]: button("Refuzuar") — Refuzuar
    ✗ geometry [outside-container]: [data-slot="button"]("Refuzo") — Refuzo
    ✗ geometry [outside-container]: [data-slot="button"]("Zgjidh") — Zgjidh
    ✗ geometry [outside-container]: [data-testid="delete-btn"] — Fshi
    ✗ geometry [bottomsheet-overflow]: [data-slot="button"]("Refuzo") — Refuzo
    ✗ geometry [bottomsheet-overflow]: [data-slot="button"]("Zgjidh") — Zgjidh
    ✗ geometry [bottomsheet-overflow]: [data-testid="delete-btn"] — Fshi
  AdminReportsManager/FullManagement × sq × mobile-375
    ✗ geometry [offscreen-control]: button("Në shqyrtim") — Në shqyrtim
    ✗ geometry [offscreen-control]: button("Zgjidhur") — Zgjidhur
    ✗ geometry [offscreen-control]: button("Refuzuar") — Refuzuar
    ✗ geometry [outside-container]: [data-slot="button"]("Refuzo") — Refuzo
    ✗ geometry [outside-container]: [data-slot="button"]("Zgjidh") — Zgjidh
    ✗ geometry [outside-container]: [data-testid="delete-btn"] — Fshi
    ✗ geometry [bottomsheet-overflow]: [data-slot="button"]("Refuzo") — Refuzo
    ✗ geometry [bottomsheet-overflow]: [data-slot="button"]("Zgjidh") — Zgjidh
    ✗ geometry [bottomsheet-overflow]: [data-testid="delete-btn"] — Fshi
  AdminReportsManager/FullManagement × sq × mobile-390
    ✗ geometry [offscreen-control]: button("Zgjidhur") — Zgjidhur
    ✗ geometry [offscreen-control]: button("Refuzuar") — Refuzuar
    ✗ geometry [outside-container]: [data-slot="button"]("Refuzo") — Refuzo
    ✗ geometry [outside-container]: [data-slot="button"]("Zgjidh") — Zgjidh
    ✗ geometry [outside-container]: [data-testid="delete-btn"] — Fshi
    ✗ geometry [bottomsheet-overflow]: [data-slot="button"]("Refuzo") — Refuzo
    ✗ geometry [bottomsheet-overflow]: [data-slot="button"]("Zgjidh") — Zgjidh
    ✗ geometry [bottomsheet-overflow]: [data-testid="delete-btn"] — Fshi
  AdminReportsManager/FullManagement × sq × mobile-480
    ✗ geometry [offscreen-control]: button("Zgjidhur") — Zgjidhur
    ✗ geometry [offscreen-control]: button("Refuzuar") — Refuzuar
    ✗ geometry [outside-container]: [data-slot="button"]("Zgjidh") — Zgjidh
    ✗ geometry [outside-container]: [data-testid="delete-btn"] — Fshi
    ✗ geometry [bottomsheet-overflow]: [data-slot="button"]("Zgjidh") — Zgjidh
    ✗ geometry [bottomsheet-overflow]: [data-testid="delete-btn"] — Fshi
  AdminReportsManager/FullManagement × sq × canonical-560
    ✗ geometry [offscreen-control]: button("Refuzuar") — Refuzuar
    ✗ geometry [outside-container]: [data-slot="button"]("Refuzo") — Refuzo
    ✗ geometry [outside-container]: [data-slot="button"]("Zgjidh") — Zgjidh
    ✗ geometry [outside-container]: [data-testid="delete-btn"] — Fshi
    ✗ geometry [bottomsheet-overflow]: [data-slot="button"]("Refuzo") — Refuzo
    ✗ geometry [bottomsheet-overflow]: [data-slot="button"]("Zgjidh") — Zgjidh
    ✗ geometry [bottomsheet-overflow]: [data-testid="delete-btn"] — Fshi
  AdminReportsManager/FullManagement × sq × canonical-680
    ✗ geometry [element-overlap]: button("Zgjidhur") ↔ [data-slot="dialog-close"]("Mbyll") — "Zgjidhur" ↔ "Mbyll"
    ✗ geometry [element-overlap]: button("Refuzuar") ↔ [data-slot="dialog-close"]("Mbyll") — "Refuzuar" ↔ "Mbyll"
  AdminReportsManager/FullManagement × sq × canonical-810
    ✗ geometry [element-overlap]: button("Refuzuar") ↔ [data-slot="dialog-close"]("Mbyll") — "Refuzuar" ↔ "Mbyll"
  AdminReportsManager/FullManagement × sq × desktop-1024
    ✗ geometry [outside-container]: [data-testid="delete-btn"] — Fshi
  AdminReportsManager/FullManagement × en × mobile-320
    ✗ geometry [offscreen-control]: button("Resolved") — Resolved
    ✗ geometry [offscreen-control]: button("Dismissed") — Dismissed
    ✗ geometry [outside-container]: [data-slot="button"]("Dismiss") — Dismiss
    ✗ geometry [outside-container]: [data-slot="button"]("Resolve") — Resolve
    ✗ geometry [outside-container]: [data-testid="delete-btn"] — Delete
    ✗ geometry [bottomsheet-overflow]: [data-slot="button"]("Dismiss") — Dismiss
    ✗ geometry [bottomsheet-overflow]: [data-slot="button"]("Resolve") — Resolve
    ✗ geometry [bottomsheet-overflow]: [data-testid="delete-btn"] — Delete
  AdminReportsManager/FullManagement × en × mobile-375
    ✗ geometry [offscreen-control]: button("Resolved") — Resolved
    ✗ geometry [offscreen-control]: button("Dismissed") — Dismissed
    ✗ geometry [outside-container]: [data-slot="button"]("Dismiss") — Dismiss
    ✗ geometry [outside-container]: [data-slot="button"]("Resolve") — Resolve
    ✗ geometry [outside-container]: [data-testid="delete-btn"] — Delete
    ✗ geometry [bottomsheet-overflow]: [data-slot="button"]("Dismiss") — Dismiss
    ✗ geometry [bottomsheet-overflow]: [data-slot="button"]("Resolve") — Resolve
    ✗ geometry [bottomsheet-overflow]: [data-testid="delete-btn"] — Delete
  AdminReportsManager/FullManagement × en × mobile-390
    ✗ geometry [offscreen-control]: button("Resolved") — Resolved
    ✗ geometry [offscreen-control]: button("Dismissed") — Dismissed
    ✗ geometry [outside-container]: [data-slot="button"]("Dismiss") — Dismiss
    ✗ geometry [outside-container]: [data-slot="button"]("Resolve") — Resolve
    ✗ geometry [outside-container]: [data-testid="delete-btn"] — Delete
    ✗ geometry [bottomsheet-overflow]: [data-slot="button"]("Dismiss") — Dismiss
    ✗ geometry [bottomsheet-overflow]: [data-slot="button"]("Resolve") — Resolve
    ✗ geometry [bottomsheet-overflow]: [data-testid="delete-btn"] — Delete
  AdminReportsManager/FullManagement × en × mobile-480
    ✗ geometry [offscreen-control]: button("Dismissed") — Dismissed
    ✗ geometry [outside-container]: [data-slot="button"]("Resolve") — Resolve
    ✗ geometry [outside-container]: [data-testid="delete-btn"] — Delete
    ✗ geometry [bottomsheet-overflow]: [data-slot="button"]("Resolve") — Resolve
    ✗ geometry [bottomsheet-overflow]: [data-testid="delete-btn"] — Delete
  AdminReportsManager/FullManagement × en × canonical-560
    ✗ geometry [outside-container]: [data-slot="button"]("Dismiss") — Dismiss
    ✗ geometry [outside-container]: [data-slot="button"]("Resolve") — Resolve
    ✗ geometry [outside-container]: [data-testid="delete-btn"] — Delete
    ✗ geometry [bottomsheet-overflow]: [data-slot="button"]("Dismiss") — Dismiss
    ✗ geometry [bottomsheet-overflow]: [data-slot="button"]("Resolve") — Resolve
    ✗ geometry [bottomsheet-overflow]: [data-testid="delete-btn"] — Delete
  AdminReportsManager/FullManagement × en × canonical-680
    ✗ geometry [element-overlap]: button("Dismissed") ↔ [data-slot="dialog-close"]("Close") — "Dismissed" ↔ "Close"
  AdminReportsManager/FullManagement × en × desktop-1024
    ✗ geometry [outside-container]: [data-testid="delete-btn"] — Delete
  AdminReportsManager/FullManagement × uk × mobile-320
    ✗ geometry [text-clipped]: #base-ui-_r_c_ — Очікує▼
    ✗ geometry [text-clipped]: [data-slot="button"]("Застосувати") — Застосувати
    ✗ geometry [text-clipped]: [data-slot="button"]("Взяти на розгляд") — Взяти на розгляд
    ✗ geometry [text-clipped]: [data-slot="button"]("Відхилити") — Відхилити
    ✗ geometry [text-clipped]: [data-slot="button"]("Вирішити") — Вирішити
    ✗ geometry [text-clipped]: [data-testid="delete-btn"] — Видалити
    ✗ geometry [offscreen-control]: button("На розгляді") — На розгляді
    ✗ geometry [offscreen-control]: button("Вирішено") — Вирішено
    ✗ geometry [offscreen-control]: button("Відхилено") — Відхилено
    ✗ geometry [bottomsheet-overflow]: [data-slot="button"]("Відхилити") — Відхилити
    ✗ geometry [bottomsheet-overflow]: [data-slot="button"]("Вирішити") — Вирішити
    ✗ geometry [bottomsheet-overflow]: [data-testid="delete-btn"] — Видалити
  AdminReportsManager/FullManagement × uk × mobile-375
    ✗ geometry [offscreen-control]: button("Вирішено") — Вирішено
    ✗ geometry [offscreen-control]: button("Відхилено") — Відхилено
    ✗ geometry [outside-container]: [data-slot="button"]("Відхилити") — Відхилити
    ✗ geometry [outside-container]: [data-slot="button"]("Вирішити") — Вирішити
    ✗ geometry [outside-container]: [data-testid="delete-btn"] — Видалити
    ✗ geometry [bottomsheet-overflow]: [data-slot="button"]("Відхилити") — Відхилити
    ✗ geometry [bottomsheet-overflow]: [data-slot="button"]("Вирішити") — Вирішити
    ✗ geometry [bottomsheet-overflow]: [data-testid="delete-btn"] — Видалити
  AdminReportsManager/FullManagement × uk × mobile-390
    ✗ geometry [offscreen-control]: button("Вирішено") — Вирішено
    ✗ geometry [offscreen-control]: button("Відхилено") — Відхилено
    ✗ geometry [outside-container]: [data-slot="button"]("Відхилити") — Відхилити
    ✗ geometry [outside-container]: [data-slot="button"]("Вирішити") — Вирішити
    ✗ geometry [outside-container]: [data-testid="delete-btn"] — Видалити
    ✗ geometry [bottomsheet-overflow]: [data-slot="button"]("Відхилити") — Відхилити
    ✗ geometry [bottomsheet-overflow]: [data-slot="button"]("Вирішити") — Вирішити
    ✗ geometry [bottomsheet-overflow]: [data-testid="delete-btn"] — Видалити
  AdminReportsManager/FullManagement × uk × mobile-480
    ✗ geometry [offscreen-control]: button("Відхилено") — Відхилено
    ✗ geometry [outside-container]: [data-slot="button"]("Вирішити") — Вирішити
    ✗ geometry [outside-container]: [data-testid="delete-btn"] — Видалити
    ✗ geometry [bottomsheet-overflow]: [data-slot="button"]("Вирішити") — Вирішити
    ✗ geometry [bottomsheet-overflow]: [data-testid="delete-btn"] — Видалити
  AdminReportsManager/FullManagement × uk × canonical-560
    ✗ geometry [offscreen-control]: button("Відхилено") — Відхилено
    ✗ geometry [outside-container]: [data-slot="button"]("Відхилити") — Відхилити
    ✗ geometry [outside-container]: [data-slot="button"]("Вирішити") — Вирішити
    ✗ geometry [outside-container]: [data-testid="delete-btn"] — Видалити
    ✗ geometry [bottomsheet-overflow]: [data-slot="button"]("Відхилити") — Відхилити
    ✗ geometry [bottomsheet-overflow]: [data-slot="button"]("Вирішити") — Вирішити
    ✗ geometry [bottomsheet-overflow]: [data-testid="delete-btn"] — Видалити
  AdminReportsManager/FullManagement × uk × canonical-680
    ✗ geometry [element-overlap]: button("Відхилено") ↔ [data-slot="dialog-close"]("Закрити") — "Відхилено" ↔ "Закрити"
  AdminReportsManager/FullManagement × uk × canonical-810
    ✗ geometry [element-overlap]: button("Відхилено") ↔ [data-slot="dialog-close"]("Закрити") — "Відхилено" ↔ "Закрити"
  AdminReportsManager/FullManagement × uk × desktop-1024
    ✗ geometry [outside-container]: [data-testid="delete-btn"] — Видалити
  AdminReportsManager/FullManagement × it × mobile-320
    ✗ geometry [offscreen-control]: button("In revisione") — In revisione
    ✗ geometry [offscreen-control]: button("Risolte") — Risolte
    ✗ geometry [offscreen-control]: button("Rifiutate") — Rifiutate
    ✗ geometry [outside-container]: [data-slot="button"]("Rifiuta") — Rifiuta
    ✗ geometry [outside-container]: [data-slot="button"]("Risolvi") — Risolvi
    ✗ geometry [outside-container]: [data-testid="delete-btn"] — Elimina
    ✗ geometry [bottomsheet-overflow]: [data-slot="button"]("Rifiuta") — Rifiuta
    ✗ geometry [bottomsheet-overflow]: [data-slot="button"]("Risolvi") — Risolvi
    ✗ geometry [bottomsheet-overflow]: [data-testid="delete-btn"] — Elimina
  AdminReportsManager/FullManagement × it × mobile-375
    ✗ geometry [offscreen-control]: button("Risolte") — Risolte
    ✗ geometry [offscreen-control]: button("Rifiutate") — Rifiutate
    ✗ geometry [outside-container]: [data-slot="button"]("Rifiuta") — Rifiuta
    ✗ geometry [outside-container]: [data-slot="button"]("Risolvi") — Risolvi
    ✗ geometry [outside-container]: [data-testid="delete-btn"] — Elimina
    ✗ geometry [bottomsheet-overflow]: [data-slot="button"]("Rifiuta") — Rifiuta
    ✗ geometry [bottomsheet-overflow]: [data-slot="button"]("Risolvi") — Risolvi
    ✗ geometry [bottomsheet-overflow]: [data-testid="delete-btn"] — Elimina
  AdminReportsManager/FullManagement × it × mobile-390
    ✗ geometry [offscreen-control]: button("Risolte") — Risolte
    ✗ geometry [offscreen-control]: button("Rifiutate") — Rifiutate
    ✗ geometry [outside-container]: [data-slot="button"]("Rifiuta") — Rifiuta
    ✗ geometry [outside-container]: [data-slot="button"]("Risolvi") — Risolvi
    ✗ geometry [outside-container]: [data-testid="delete-btn"] — Elimina
    ✗ geometry [bottomsheet-overflow]: [data-slot="button"]("Rifiuta") — Rifiuta
    ✗ geometry [bottomsheet-overflow]: [data-slot="button"]("Risolvi") — Risolvi
    ✗ geometry [bottomsheet-overflow]: [data-testid="delete-btn"] — Elimina
  AdminReportsManager/FullManagement × it × mobile-480
    ✗ geometry [offscreen-control]: button("Rifiutate") — Rifiutate
    ✗ geometry [outside-container]: [data-slot="button"]("Risolvi") — Risolvi
    ✗ geometry [outside-container]: [data-testid="delete-btn"] — Elimina
    ✗ geometry [bottomsheet-overflow]: [data-slot="button"]("Risolvi") — Risolvi
    ✗ geometry [bottomsheet-overflow]: [data-testid="delete-btn"] — Elimina
  AdminReportsManager/FullManagement × it × canonical-560
    ✗ geometry [outside-container]: [data-slot="button"]("Rifiuta") — Rifiuta
    ✗ geometry [outside-container]: [data-slot="button"]("Risolvi") — Risolvi
    ✗ geometry [outside-container]: [data-testid="delete-btn"] — Elimina
    ✗ geometry [bottomsheet-overflow]: [data-slot="button"]("Rifiuta") — Rifiuta
    ✗ geometry [bottomsheet-overflow]: [data-slot="button"]("Risolvi") — Risolvi
    ✗ geometry [bottomsheet-overflow]: [data-testid="delete-btn"] — Elimina
  AdminReportsManager/FullManagement × it × canonical-680
    ✗ geometry [element-overlap]: button("Rifiutate") ↔ [data-slot="dialog-close"]("Chiudi") — "Rifiutate" ↔ "Chiudi"
  AdminReportsManager/FullManagement × it × desktop-1024
    ✗ geometry [outside-container]: [data-testid="delete-btn"] — Elimina
  AdminReportsManager/TerminalReopen × sq × mobile-320
    ✗ geometry [offscreen-control]: button("Të gjitha1") — Të gjitha1
    ✗ geometry [offscreen-control]: button("Në pritje") — Në pritje
    ✗ geometry [offscreen-control]: button("Në shqyrtim") — Në shqyrtim
    ✗ geometry [offscreen-control]: button("Refuzuar") — Refuzuar
  AdminReportsManager/TerminalReopen × sq × mobile-375
    ✗ geometry [offscreen-control]: button("Zgjidhur1") — Zgjidhur1
    ✗ geometry [offscreen-control]: button("Refuzuar") — Refuzuar
  AdminReportsManager/TerminalReopen × sq × mobile-390
    ✗ geometry [offscreen-control]: button("Zgjidhur1") — Zgjidhur1
    ✗ geometry [offscreen-control]: button("Refuzuar") — Refuzuar
  AdminReportsManager/TerminalReopen × sq × mobile-480
    ✗ geometry [offscreen-control]: button("Zgjidhur1") — Zgjidhur1
    ✗ geometry [offscreen-control]: button("Refuzuar") — Refuzuar
  AdminReportsManager/TerminalReopen × sq × canonical-560
    ✗ geometry [offscreen-control]: button("Refuzuar") — Refuzuar
  AdminReportsManager/TerminalReopen × en × mobile-320
    ✗ geometry [offscreen-control]: button("Resolved1") — Resolved1
    ✗ geometry [offscreen-control]: button("Dismissed") — Dismissed
  AdminReportsManager/TerminalReopen × en × mobile-375
    ✗ geometry [offscreen-control]: button("Resolved1") — Resolved1
    ✗ geometry [offscreen-control]: button("Dismissed") — Dismissed
  AdminReportsManager/TerminalReopen × en × mobile-390
    ✗ geometry [offscreen-control]: button("Resolved1") — Resolved1
    ✗ geometry [offscreen-control]: button("Dismissed") — Dismissed
  AdminReportsManager/TerminalReopen × en × mobile-480
    ✗ geometry [offscreen-control]: button("Dismissed") — Dismissed
  AdminReportsManager/TerminalReopen × uk × mobile-320
    ✗ geometry [text-clipped]: #base-ui-_r_c_ — Вирішено▼
    ✗ geometry [text-clipped]: [data-slot="button"]("Застосувати") — Застосувати
    ✗ geometry [text-clipped]: [data-testid="reopen-btn"] — Повторно відкрити
    ✗ geometry [text-clipped]: [data-testid="delete-btn"] — Видалити
    ✗ geometry [offscreen-control]: button("Всі1") — Всі1
    ✗ geometry [offscreen-control]: button("Очікують") — Очікують
    ✗ geometry [offscreen-control]: button("На розгляді") — На розгляді
    ✗ geometry [offscreen-control]: button("Відхилено") — Відхилено
  AdminReportsManager/TerminalReopen × uk × mobile-375
    ✗ geometry [offscreen-control]: button("Вирішено1") — Вирішено1
    ✗ geometry [offscreen-control]: button("Відхилено") — Відхилено
  AdminReportsManager/TerminalReopen × uk × mobile-390
    ✗ geometry [offscreen-control]: button("Вирішено1") — Вирішено1
    ✗ geometry [offscreen-control]: button("Відхилено") — Відхилено
  AdminReportsManager/TerminalReopen × uk × mobile-480
    ✗ geometry [offscreen-control]: button("Відхилено") — Відхилено
  AdminReportsManager/TerminalReopen × uk × canonical-560
    ✗ geometry [offscreen-control]: button("Відхилено") — Відхилено
  AdminReportsManager/TerminalReopen × it × mobile-320
    ✗ geometry [offscreen-control]: button("Tutte1") — Tutte1
    ✗ geometry [offscreen-control]: button("In attesa") — In attesa
    ✗ geometry [offscreen-control]: button("Rifiutate") — Rifiutate
  AdminReportsManager/TerminalReopen × it × mobile-375
    ✗ geometry [offscreen-control]: button("Risolte1") — Risolte1
    ✗ geometry [offscreen-control]: button("Rifiutate") — Rifiutate
  AdminReportsManager/TerminalReopen × it × mobile-390
    ✗ geometry [offscreen-control]: button("Risolte1") — Risolte1
    ✗ geometry [offscreen-control]: button("Rifiutate") — Rifiutate
  AdminReportsManager/TerminalReopen × it × mobile-480
    ✗ geometry [offscreen-control]: button("Rifiutate") — Rifiutate
  AdminReportsManager/DeleteConfirm × sq × mobile-320
    ✗ geometry [offscreen-control]: button("Në shqyrtim") — Në shqyrtim
    ✗ geometry [offscreen-control]: button("Zgjidhur") — Zgjidhur
    ✗ geometry [offscreen-control]: button("Refuzuar") — Refuzuar
    ✗ geometry [outside-container]: [data-testid="delete-btn"] — Fshi
    ✗ geometry [bottomsheet-overflow]: [data-testid="delete-btn"] — Fshi
  AdminReportsManager/DeleteConfirm × sq × mobile-375
    ✗ geometry [offscreen-control]: button("Në shqyrtim") — Në shqyrtim
    ✗ geometry [offscreen-control]: button("Zgjidhur") — Zgjidhur
    ✗ geometry [offscreen-control]: button("Refuzuar") — Refuzuar
    ✗ geometry [outside-container]: [data-testid="delete-btn"] — Fshi
    ✗ geometry [bottomsheet-overflow]: [data-testid="delete-btn"] — Fshi
  AdminReportsManager/DeleteConfirm × sq × mobile-390
    ✗ geometry [offscreen-control]: button("Zgjidhur") — Zgjidhur
    ✗ geometry [offscreen-control]: button("Refuzuar") — Refuzuar
    ✗ geometry [outside-container]: [data-testid="delete-btn"] — Fshi
    ✗ geometry [bottomsheet-overflow]: [data-testid="delete-btn"] — Fshi
  AdminReportsManager/DeleteConfirm × sq × mobile-480
    ✗ geometry [offscreen-control]: button("Zgjidhur") — Zgjidhur
    ✗ geometry [offscreen-control]: button("Refuzuar") — Refuzuar
  AdminReportsManager/DeleteConfirm × sq × canonical-560
    ✗ geometry [offscreen-control]: button("Refuzuar") — Refuzuar
    ✗ geometry [outside-container]: [data-testid="delete-btn"] — Fshi
    ✗ geometry [bottomsheet-overflow]: [data-testid="delete-btn"] — Fshi
  AdminReportsManager/DeleteConfirm × en × mobile-320
    ✗ geometry [offscreen-control]: button("Resolved") — Resolved
    ✗ geometry [offscreen-control]: button("Dismissed") — Dismissed
    ✗ geometry [outside-container]: [data-testid="delete-btn"] — Delete
    ✗ geometry [bottomsheet-overflow]: [data-testid="delete-btn"] — Delete
  AdminReportsManager/DeleteConfirm × en × mobile-375
    ✗ geometry [offscreen-control]: button("Resolved") — Resolved
    ✗ geometry [offscreen-control]: button("Dismissed") — Dismissed
    ✗ geometry [outside-container]: [data-testid="delete-btn"] — Delete
    ✗ geometry [bottomsheet-overflow]: [data-testid="delete-btn"] — Delete
  AdminReportsManager/DeleteConfirm × en × mobile-390
    ✗ geometry [offscreen-control]: button("Resolved") — Resolved
    ✗ geometry [offscreen-control]: button("Dismissed") — Dismissed
    ✗ geometry [outside-container]: [data-testid="delete-btn"] — Delete
    ✗ geometry [bottomsheet-overflow]: [data-testid="delete-btn"] — Delete
  AdminReportsManager/DeleteConfirm × en × mobile-480
    ✗ geometry [offscreen-control]: button("Dismissed") — Dismissed
  AdminReportsManager/DeleteConfirm × en × canonical-560
    ✗ geometry [outside-container]: [data-testid="delete-btn"] — Delete
    ✗ geometry [bottomsheet-overflow]: [data-testid="delete-btn"] — Delete
  AdminReportsManager/DeleteConfirm × uk × mobile-320
    ✗ geometry [text-clipped]: [data-slot="button"]("Взяти на розгляд") — Взяти на розгляд
    ✗ geometry [text-clipped]: [data-slot="button"]("Відхилити") — Відхилити
    ✗ geometry [text-clipped]: [data-slot="button"]("Вирішити") — Вирішити
    ✗ geometry [text-clipped]: [data-testid="delete-btn"] — Видалити
    ✗ geometry [offscreen-control]: button("На розгляді") — На розгляді
    ✗ geometry [offscreen-control]: button("Вирішено") — Вирішено
    ✗ geometry [offscreen-control]: button("Відхилено") — Відхилено
    ✗ geometry [bottomsheet-overflow]: [data-testid="delete-btn"] — Видалити
  AdminReportsManager/DeleteConfirm × uk × mobile-375
    ✗ geometry [offscreen-control]: button("Вирішено") — Вирішено
    ✗ geometry [offscreen-control]: button("Відхилено") — Відхилено
    ✗ geometry [outside-container]: [data-testid="delete-btn"] — Видалити
    ✗ geometry [bottomsheet-overflow]: [data-testid="delete-btn"] — Видалити
  AdminReportsManager/DeleteConfirm × uk × mobile-390
    ✗ geometry [offscreen-control]: button("Вирішено") — Вирішено
    ✗ geometry [offscreen-control]: button("Відхилено") — Відхилено
    ✗ geometry [outside-container]: [data-testid="delete-btn"] — Видалити
    ✗ geometry [bottomsheet-overflow]: [data-testid="delete-btn"] — Видалити
  AdminReportsManager/DeleteConfirm × uk × mobile-480
    ✗ geometry [offscreen-control]: button("Відхилено") — Відхилено
  AdminReportsManager/DeleteConfirm × uk × canonical-560
    ✗ geometry [offscreen-control]: button("Відхилено") — Відхилено
    ✗ geometry [outside-container]: [data-testid="delete-btn"] — Видалити
    ✗ geometry [bottomsheet-overflow]: [data-testid="delete-btn"] — Видалити
  AdminReportsManager/DeleteConfirm × it × mobile-320
    ✗ geometry [offscreen-control]: button("In revisione") — In revisione
    ✗ geometry [offscreen-control]: button("Risolte") — Risolte
    ✗ geometry [offscreen-control]: button("Rifiutate") — Rifiutate
    ✗ geometry [outside-container]: [data-testid="delete-btn"] — Elimina
    ✗ geometry [bottomsheet-overflow]: [data-testid="delete-btn"] — Elimina
  AdminReportsManager/DeleteConfirm × it × mobile-375
    ✗ geometry [offscreen-control]: button("Risolte") — Risolte
    ✗ geometry [offscreen-control]: button("Rifiutate") — Rifiutate
    ✗ geometry [outside-container]: [data-testid="delete-btn"] — Elimina
    ✗ geometry [bottomsheet-overflow]: [data-testid="delete-btn"] — Elimina
  AdminReportsManager/DeleteConfirm × it × mobile-390
    ✗ geometry [offscreen-control]: button("Risolte") — Risolte
    ✗ geometry [offscreen-control]: button("Rifiutate") — Rifiutate
    ✗ geometry [outside-container]: [data-testid="delete-btn"] — Elimina
    ✗ geometry [bottomsheet-overflow]: [data-testid="delete-btn"] — Elimina
  AdminReportsManager/DeleteConfirm × it × mobile-480
    ✗ geometry [offscreen-control]: button("Rifiutate") — Rifiutate
  AdminReportsManager/DeleteConfirm × it × canonical-560
    ✗ geometry [outside-container]: [data-testid="delete-btn"] — Elimina
    ✗ geometry [bottomsheet-overflow]: [data-testid="delete-btn"] — Elimina
  Planted/ClippedButtonText × sq × mobile-320
    ✗ geometry [text-clipped]: [data-testid="planted-clipped-btn"] — Btn-467: very long label that definitely gets clipped beyond
  Planted/ClippedButtonText × sq × mobile-375
    ✗ geometry [text-clipped]: [data-testid="planted-clipped-btn"] — Btn-467: very long label that definitely gets clipped beyond
  Planted/ClippedButtonText × sq × mobile-390
    ✗ geometry [text-clipped]: [data-testid="planted-clipped-btn"] — Btn-467: very long label that definitely gets clipped beyond
  Planted/ClippedButtonText × sq × mobile-480
    ✗ geometry [text-clipped]: [data-testid="planted-clipped-btn"] — Btn-467: very long label that definitely gets clipped beyond
  Planted/ClippedButtonText × sq × canonical-560
    ✗ geometry [text-clipped]: [data-testid="planted-clipped-btn"] — Btn-467: very long label that definitely gets clipped beyond
  Planted/ClippedButtonText × sq × canonical-680
    ✗ geometry [text-clipped]: [data-testid="planted-clipped-btn"] — Btn-467: very long label that definitely gets clipped beyond
  Planted/ClippedButtonText × sq × tablet-768
    ✗ geometry [text-clipped]: [data-testid="planted-clipped-btn"] — Btn-467: very long label that definitely gets clipped beyond
  Planted/ClippedButtonText × sq × canonical-810
    ✗ geometry [text-clipped]: [data-testid="planted-clipped-btn"] — Btn-467: very long label that definitely gets clipped beyond
  Planted/ClippedButtonText × sq × canonical-960
    ✗ geometry [text-clipped]: [data-testid="planted-clipped-btn"] — Btn-467: very long label that definitely gets clipped beyond
  Planted/ClippedButtonText × sq × desktop-1024
    ✗ geometry [text-clipped]: [data-testid="planted-clipped-btn"] — Btn-467: very long label that definitely gets clipped beyond
  Planted/ClippedButtonText × sq × canonical-1200
    ✗ geometry [text-clipped]: [data-testid="planted-clipped-btn"] — Btn-467: very long label that definitely gets clipped beyond
  Planted/ClippedButtonText × sq × desktop-1440
    ✗ geometry [text-clipped]: [data-testid="planted-clipped-btn"] — Btn-467: very long label that definitely gets clipped beyond
  Planted/ClippedButtonText × sq × huge-1920
    ✗ geometry [text-clipped]: [data-testid="planted-clipped-btn"] — Btn-467: very long label that definitely gets clipped beyond
  Planted/ClippedButtonText × sq × huge-2560
    ✗ geometry [text-clipped]: [data-testid="planted-clipped-btn"] — Btn-467: very long label that definitely gets clipped beyond
  Planted/ClippedButtonText × en × mobile-320
    ✗ geometry [text-clipped]: [data-testid="planted-clipped-btn"] — Btn-467: very long label that definitely gets clipped beyond
  Planted/ClippedButtonText × en × mobile-375
    ✗ geometry [text-clipped]: [data-testid="planted-clipped-btn"] — Btn-467: very long label that definitely gets clipped beyond
  Planted/ClippedButtonText × en × mobile-390
    ✗ geometry [text-clipped]: [data-testid="planted-clipped-btn"] — Btn-467: very long label that definitely gets clipped beyond
  Planted/ClippedButtonText × en × mobile-480
    ✗ geometry [text-clipped]: [data-testid="planted-clipped-btn"] — Btn-467: very long label that definitely gets clipped beyond
  Planted/ClippedButtonText × en × canonical-560
    ✗ geometry [text-clipped]: [data-testid="planted-clipped-btn"] — Btn-467: very long label that definitely gets clipped beyond
  Planted/ClippedButtonText × en × canonical-680
    ✗ geometry [text-clipped]: [data-testid="planted-clipped-btn"] — Btn-467: very long label that definitely gets clipped beyond
  Planted/ClippedButtonText × en × tablet-768
    ✗ geometry [text-clipped]: [data-testid="planted-clipped-btn"] — Btn-467: very long label that definitely gets clipped beyond
  Planted/ClippedButtonText × en × canonical-810
    ✗ geometry [text-clipped]: [data-testid="planted-clipped-btn"] — Btn-467: very long label that definitely gets clipped beyond
  Planted/ClippedButtonText × en × canonical-960
    ✗ geometry [text-clipped]: [data-testid="planted-clipped-btn"] — Btn-467: very long label that definitely gets clipped beyond
  Planted/ClippedButtonText × en × desktop-1024
    ✗ geometry [text-clipped]: [data-testid="planted-clipped-btn"] — Btn-467: very long label that definitely gets clipped beyond
  Planted/ClippedButtonText × en × canonical-1200
    ✗ geometry [text-clipped]: [data-testid="planted-clipped-btn"] — Btn-467: very long label that definitely gets clipped beyond
  Planted/ClippedButtonText × en × desktop-1440
    ✗ geometry [text-clipped]: [data-testid="planted-clipped-btn"] — Btn-467: very long label that definitely gets clipped beyond
  Planted/ClippedButtonText × en × huge-1920
    ✗ geometry [text-clipped]: [data-testid="planted-clipped-btn"] — Btn-467: very long label that definitely gets clipped beyond
  Planted/ClippedButtonText × en × huge-2560
    ✗ geometry [text-clipped]: [data-testid="planted-clipped-btn"] — Btn-467: very long label that definitely gets clipped beyond
  Planted/ClippedButtonText × uk × mobile-320
    ✗ geometry [text-clipped]: [data-testid="planted-clipped-btn"] — Btn-467: very long label that definitely gets clipped beyond
  Planted/ClippedButtonText × uk × mobile-375
    ✗ geometry [text-clipped]: [data-testid="planted-clipped-btn"] — Btn-467: very long label that definitely gets clipped beyond
  Planted/ClippedButtonText × uk × mobile-390
    ✗ geometry [text-clipped]: [data-testid="planted-clipped-btn"] — Btn-467: very long label that definitely gets clipped beyond
  Planted/ClippedButtonText × uk × mobile-480
    ✗ geometry [text-clipped]: [data-testid="planted-clipped-btn"] — Btn-467: very long label that definitely gets clipped beyond
  Planted/ClippedButtonText × uk × canonical-560
    ✗ geometry [text-clipped]: [data-testid="planted-clipped-btn"] — Btn-467: very long label that definitely gets clipped beyond
  Planted/ClippedButtonText × uk × canonical-680
    ✗ geometry [text-clipped]: [data-testid="planted-clipped-btn"] — Btn-467: very long label that definitely gets clipped beyond
  Planted/ClippedButtonText × uk × tablet-768
    ✗ geometry [text-clipped]: [data-testid="planted-clipped-btn"] — Btn-467: very long label that definitely gets clipped beyond
  Planted/ClippedButtonText × uk × canonical-810
    ✗ geometry [text-clipped]: [data-testid="planted-clipped-btn"] — Btn-467: very long label that definitely gets clipped beyond
  Planted/ClippedButtonText × uk × canonical-960
    ✗ geometry [text-clipped]: [data-testid="planted-clipped-btn"] — Btn-467: very long label that definitely gets clipped beyond
  Planted/ClippedButtonText × uk × desktop-1024
    ✗ geometry [text-clipped]: [data-testid="planted-clipped-btn"] — Btn-467: very long label that definitely gets clipped beyond
  Planted/ClippedButtonText × uk × canonical-1200
    ✗ geometry [text-clipped]: [data-testid="planted-clipped-btn"] — Btn-467: very long label that definitely gets clipped beyond
  Planted/ClippedButtonText × uk × desktop-1440
    ✗ geometry [text-clipped]: [data-testid="planted-clipped-btn"] — Btn-467: very long label that definitely gets clipped beyond
  Planted/ClippedButtonText × uk × huge-1920
    ✗ geometry [text-clipped]: [data-testid="planted-clipped-btn"] — Btn-467: very long label that definitely gets clipped beyond
  Planted/ClippedButtonText × uk × huge-2560
    ✗ geometry [text-clipped]: [data-testid="planted-clipped-btn"] — Btn-467: very long label that definitely gets clipped beyond
  Planted/ClippedButtonText × it × mobile-320
    ✗ geometry [text-clipped]: [data-testid="planted-clipped-btn"] — Btn-467: very long label that definitely gets clipped beyond
  Planted/ClippedButtonText × it × mobile-375
    ✗ geometry [text-clipped]: [data-testid="planted-clipped-btn"] — Btn-467: very long label that definitely gets clipped beyond
  Planted/ClippedButtonText × it × mobile-390
    ✗ geometry [text-clipped]: [data-testid="planted-clipped-btn"] — Btn-467: very long label that definitely gets clipped beyond
  Planted/ClippedButtonText × it × mobile-480
    ✗ geometry [text-clipped]: [data-testid="planted-clipped-btn"] — Btn-467: very long label that definitely gets clipped beyond
  Planted/ClippedButtonText × it × canonical-560
    ✗ geometry [text-clipped]: [data-testid="planted-clipped-btn"] — Btn-467: very long label that definitely gets clipped beyond
  Planted/ClippedButtonText × it × canonical-680
    ✗ geometry [text-clipped]: [data-testid="planted-clipped-btn"] — Btn-467: very long label that definitely gets clipped beyond
  Planted/ClippedButtonText × it × tablet-768
    ✗ geometry [text-clipped]: [data-testid="planted-clipped-btn"] — Btn-467: very long label that definitely gets clipped beyond
  Planted/ClippedButtonText × it × canonical-810
    ✗ geometry [text-clipped]: [data-testid="planted-clipped-btn"] — Btn-467: very long label that definitely gets clipped beyond
  Planted/ClippedButtonText × it × canonical-960
    ✗ geometry [text-clipped]: [data-testid="planted-clipped-btn"] — Btn-467: very long label that definitely gets clipped beyond
  Planted/ClippedButtonText × it × desktop-1024
    ✗ geometry [text-clipped]: [data-testid="planted-clipped-btn"] — Btn-467: very long label that definitely gets clipped beyond
  Planted/ClippedButtonText × it × canonical-1200
    ✗ geometry [text-clipped]: [data-testid="planted-clipped-btn"] — Btn-467: very long label that definitely gets clipped beyond
  Planted/ClippedButtonText × it × desktop-1440
    ✗ geometry [text-clipped]: [data-testid="planted-clipped-btn"] — Btn-467: very long label that definitely gets clipped beyond
  Planted/ClippedButtonText × it × huge-1920
    ✗ geometry [text-clipped]: [data-testid="planted-clipped-btn"] — Btn-467: very long label that definitely gets clipped beyond
  Planted/ClippedButtonText × it × huge-2560
    ✗ geometry [text-clipped]: [data-testid="planted-clipped-btn"] — Btn-467: very long label that definitely gets clipped beyond
  Planted/OverlappingActions × sq × mobile-320
    ✗ geometry [element-overlap]: [data-testid="planted-overlap-a"] ↔ [data-testid="planted-overlap-b"] — "Btn-A #467" ↔ "Btn-B #467"
  Planted/OverlappingActions × sq × mobile-375
    ✗ geometry [element-overlap]: [data-testid="planted-overlap-a"] ↔ [data-testid="planted-overlap-b"] — "Btn-A #467" ↔ "Btn-B #467"
  Planted/OverlappingActions × sq × mobile-390
    ✗ geometry [element-overlap]: [data-testid="planted-overlap-a"] ↔ [data-testid="planted-overlap-b"] — "Btn-A #467" ↔ "Btn-B #467"
  Planted/OverlappingActions × sq × mobile-480
    ✗ geometry [element-overlap]: [data-testid="planted-overlap-a"] ↔ [data-testid="planted-overlap-b"] — "Btn-A #467" ↔ "Btn-B #467"
  Planted/OverlappingActions × sq × canonical-560
    ✗ geometry [element-overlap]: [data-testid="planted-overlap-a"] ↔ [data-testid="planted-overlap-b"] — "Btn-A #467" ↔ "Btn-B #467"
  Planted/OverlappingActions × sq × canonical-680
    ✗ geometry [element-overlap]: [data-testid="planted-overlap-a"] ↔ [data-testid="planted-overlap-b"] — "Btn-A #467" ↔ "Btn-B #467"
  Planted/OverlappingActions × sq × tablet-768
    ✗ geometry [element-overlap]: [data-testid="planted-overlap-a"] ↔ [data-testid="planted-overlap-b"] — "Btn-A #467" ↔ "Btn-B #467"
  Planted/OverlappingActions × sq × canonical-810
    ✗ geometry [element-overlap]: [data-testid="planted-overlap-a"] ↔ [data-testid="planted-overlap-b"] — "Btn-A #467" ↔ "Btn-B #467"
  Planted/OverlappingActions × sq × canonical-960
    ✗ geometry [element-overlap]: [data-testid="planted-overlap-a"] ↔ [data-testid="planted-overlap-b"] — "Btn-A #467" ↔ "Btn-B #467"
  Planted/OverlappingActions × sq × desktop-1024
    ✗ geometry [element-overlap]: [data-testid="planted-overlap-a"] ↔ [data-testid="planted-overlap-b"] — "Btn-A #467" ↔ "Btn-B #467"
  Planted/OverlappingActions × sq × canonical-1200
    ✗ geometry [element-overlap]: [data-testid="planted-overlap-a"] ↔ [data-testid="planted-overlap-b"] — "Btn-A #467" ↔ "Btn-B #467"
  Planted/OverlappingActions × sq × desktop-1440
    ✗ geometry [element-overlap]: [data-testid="planted-overlap-a"] ↔ [data-testid="planted-overlap-b"] — "Btn-A #467" ↔ "Btn-B #467"
  Planted/OverlappingActions × sq × huge-1920
    ✗ geometry [element-overlap]: [data-testid="planted-overlap-a"] ↔ [data-testid="planted-overlap-b"] — "Btn-A #467" ↔ "Btn-B #467"
  Planted/OverlappingActions × sq × huge-2560
    ✗ geometry [element-overlap]: [data-testid="planted-overlap-a"] ↔ [data-testid="planted-overlap-b"] — "Btn-A #467" ↔ "Btn-B #467"
  Planted/OverlappingActions × en × mobile-320
    ✗ geometry [element-overlap]: [data-testid="planted-overlap-a"] ↔ [data-testid="planted-overlap-b"] — "Btn-A #467" ↔ "Btn-B #467"
  Planted/OverlappingActions × en × mobile-375
    ✗ geometry [element-overlap]: [data-testid="planted-overlap-a"] ↔ [data-testid="planted-overlap-b"] — "Btn-A #467" ↔ "Btn-B #467"
  Planted/OverlappingActions × en × mobile-390
    ✗ geometry [element-overlap]: [data-testid="planted-overlap-a"] ↔ [data-testid="planted-overlap-b"] — "Btn-A #467" ↔ "Btn-B #467"
  Planted/OverlappingActions × en × mobile-480
    ✗ geometry [element-overlap]: [data-testid="planted-overlap-a"] ↔ [data-testid="planted-overlap-b"] — "Btn-A #467" ↔ "Btn-B #467"
  Planted/OverlappingActions × en × canonical-560
    ✗ geometry [element-overlap]: [data-testid="planted-overlap-a"] ↔ [data-testid="planted-overlap-b"] — "Btn-A #467" ↔ "Btn-B #467"
  Planted/OverlappingActions × en × canonical-680
    ✗ geometry [element-overlap]: [data-testid="planted-overlap-a"] ↔ [data-testid="planted-overlap-b"] — "Btn-A #467" ↔ "Btn-B #467"
  Planted/OverlappingActions × en × tablet-768
    ✗ geometry [element-overlap]: [data-testid="planted-overlap-a"] ↔ [data-testid="planted-overlap-b"] — "Btn-A #467" ↔ "Btn-B #467"
  Planted/OverlappingActions × en × canonical-810
    ✗ geometry [element-overlap]: [data-testid="planted-overlap-a"] ↔ [data-testid="planted-overlap-b"] — "Btn-A #467" ↔ "Btn-B #467"
  Planted/OverlappingActions × en × canonical-960
    ✗ geometry [element-overlap]: [data-testid="planted-overlap-a"] ↔ [data-testid="planted-overlap-b"] — "Btn-A #467" ↔ "Btn-B #467"
  Planted/OverlappingActions × en × desktop-1024
    ✗ geometry [element-overlap]: [data-testid="planted-overlap-a"] ↔ [data-testid="planted-overlap-b"] — "Btn-A #467" ↔ "Btn-B #467"
  Planted/OverlappingActions × en × canonical-1200
    ✗ geometry [element-overlap]: [data-testid="planted-overlap-a"] ↔ [data-testid="planted-overlap-b"] — "Btn-A #467" ↔ "Btn-B #467"
  Planted/OverlappingActions × en × desktop-1440
    ✗ geometry [element-overlap]: [data-testid="planted-overlap-a"] ↔ [data-testid="planted-overlap-b"] — "Btn-A #467" ↔ "Btn-B #467"
  Planted/OverlappingActions × en × huge-1920
    ✗ geometry [element-overlap]: [data-testid="planted-overlap-a"] ↔ [data-testid="planted-overlap-b"] — "Btn-A #467" ↔ "Btn-B #467"
  Planted/OverlappingActions × en × huge-2560
    ✗ geometry [element-overlap]: [data-testid="planted-overlap-a"] ↔ [data-testid="planted-overlap-b"] — "Btn-A #467" ↔ "Btn-B #467"
  Planted/OverlappingActions × uk × mobile-320
    ✗ geometry [element-overlap]: [data-testid="planted-overlap-a"] ↔ [data-testid="planted-overlap-b"] — "Btn-A #467" ↔ "Btn-B #467"
  Planted/OverlappingActions × uk × mobile-375
    ✗ geometry [element-overlap]: [data-testid="planted-overlap-a"] ↔ [data-testid="planted-overlap-b"] — "Btn-A #467" ↔ "Btn-B #467"
  Planted/OverlappingActions × uk × mobile-390
    ✗ geometry [element-overlap]: [data-testid="planted-overlap-a"] ↔ [data-testid="planted-overlap-b"] — "Btn-A #467" ↔ "Btn-B #467"
  Planted/OverlappingActions × uk × mobile-480
    ✗ geometry [element-overlap]: [data-testid="planted-overlap-a"] ↔ [data-testid="planted-overlap-b"] — "Btn-A #467" ↔ "Btn-B #467"
  Planted/OverlappingActions × uk × canonical-560
    ✗ geometry [element-overlap]: [data-testid="planted-overlap-a"] ↔ [data-testid="planted-overlap-b"] — "Btn-A #467" ↔ "Btn-B #467"
  Planted/OverlappingActions × uk × canonical-680
    ✗ geometry [element-overlap]: [data-testid="planted-overlap-a"] ↔ [data-testid="planted-overlap-b"] — "Btn-A #467" ↔ "Btn-B #467"
  Planted/OverlappingActions × uk × tablet-768
    ✗ geometry [element-overlap]: [data-testid="planted-overlap-a"] ↔ [data-testid="planted-overlap-b"] — "Btn-A #467" ↔ "Btn-B #467"
  Planted/OverlappingActions × uk × canonical-810
    ✗ geometry [element-overlap]: [data-testid="planted-overlap-a"] ↔ [data-testid="planted-overlap-b"] — "Btn-A #467" ↔ "Btn-B #467"
  Planted/OverlappingActions × uk × canonical-960
    ✗ geometry [element-overlap]: [data-testid="planted-overlap-a"] ↔ [data-testid="planted-overlap-b"] — "Btn-A #467" ↔ "Btn-B #467"
  Planted/OverlappingActions × uk × desktop-1024
    ✗ geometry [element-overlap]: [data-testid="planted-overlap-a"] ↔ [data-testid="planted-overlap-b"] — "Btn-A #467" ↔ "Btn-B #467"
  Planted/OverlappingActions × uk × canonical-1200
    ✗ geometry [element-overlap]: [data-testid="planted-overlap-a"] ↔ [data-testid="planted-overlap-b"] — "Btn-A #467" ↔ "Btn-B #467"
  Planted/OverlappingActions × uk × desktop-1440
    ✗ geometry [element-overlap]: [data-testid="planted-overlap-a"] ↔ [data-testid="planted-overlap-b"] — "Btn-A #467" ↔ "Btn-B #467"
  Planted/OverlappingActions × uk × huge-1920
    ✗ geometry [element-overlap]: [data-testid="planted-overlap-a"] ↔ [data-testid="planted-overlap-b"] — "Btn-A #467" ↔ "Btn-B #467"
  Planted/OverlappingActions × uk × huge-2560
    ✗ geometry [element-overlap]: [data-testid="planted-overlap-a"] ↔ [data-testid="planted-overlap-b"] — "Btn-A #467" ↔ "Btn-B #467"
  Planted/OverlappingActions × it × mobile-320
    ✗ geometry [element-overlap]: [data-testid="planted-overlap-a"] ↔ [data-testid="planted-overlap-b"] — "Btn-A #467" ↔ "Btn-B #467"
  Planted/OverlappingActions × it × mobile-375
    ✗ geometry [element-overlap]: [data-testid="planted-overlap-a"] ↔ [data-testid="planted-overlap-b"] — "Btn-A #467" ↔ "Btn-B #467"
  Planted/OverlappingActions × it × mobile-390
    ✗ geometry [element-overlap]: [data-testid="planted-overlap-a"] ↔ [data-testid="planted-overlap-b"] — "Btn-A #467" ↔ "Btn-B #467"
  Planted/OverlappingActions × it × mobile-480
    ✗ geometry [element-overlap]: [data-testid="planted-overlap-a"] ↔ [data-testid="planted-overlap-b"] — "Btn-A #467" ↔ "Btn-B #467"
  Planted/OverlappingActions × it × canonical-560
    ✗ geometry [element-overlap]: [data-testid="planted-overlap-a"] ↔ [data-testid="planted-overlap-b"] — "Btn-A #467" ↔ "Btn-B #467"
  Planted/OverlappingActions × it × canonical-680
    ✗ geometry [element-overlap]: [data-testid="planted-overlap-a"] ↔ [data-testid="planted-overlap-b"] — "Btn-A #467" ↔ "Btn-B #467"
  Planted/OverlappingActions × it × tablet-768
    ✗ geometry [element-overlap]: [data-testid="planted-overlap-a"] ↔ [data-testid="planted-overlap-b"] — "Btn-A #467" ↔ "Btn-B #467"
  Planted/OverlappingActions × it × canonical-810
    ✗ geometry [element-overlap]: [data-testid="planted-overlap-a"] ↔ [data-testid="planted-overlap-b"] — "Btn-A #467" ↔ "Btn-B #467"
  Planted/OverlappingActions × it × canonical-960
    ✗ geometry [element-overlap]: [data-testid="planted-overlap-a"] ↔ [data-testid="planted-overlap-b"] — "Btn-A #467" ↔ "Btn-B #467"
  Planted/OverlappingActions × it × desktop-1024
    ✗ geometry [element-overlap]: [data-testid="planted-overlap-a"] ↔ [data-testid="planted-overlap-b"] — "Btn-A #467" ↔ "Btn-B #467"
  Planted/OverlappingActions × it × canonical-1200
    ✗ geometry [element-overlap]: [data-testid="planted-overlap-a"] ↔ [data-testid="planted-overlap-b"] — "Btn-A #467" ↔ "Btn-B #467"
  Planted/OverlappingActions × it × desktop-1440
    ✗ geometry [element-overlap]: [data-testid="planted-overlap-a"] ↔ [data-testid="planted-overlap-b"] — "Btn-A #467" ↔ "Btn-B #467"
  Planted/OverlappingActions × it × huge-1920
    ✗ geometry [element-overlap]: [data-testid="planted-overlap-a"] ↔ [data-testid="planted-overlap-b"] — "Btn-A #467" ↔ "Btn-B #467"
  Planted/OverlappingActions × it × huge-2560
    ✗ geometry [element-overlap]: [data-testid="planted-overlap-a"] ↔ [data-testid="planted-overlap-b"] — "Btn-A #467" ↔ "Btn-B #467"
  Planted/OffViewportControl × sq × mobile-320
    ✗ geometry [offscreen-control]: [data-testid="planted-offscreen-btn"] — Off-screen #467
  Planted/OffViewportControl × sq × mobile-375
    ✗ geometry [offscreen-control]: [data-testid="planted-offscreen-btn"] — Off-screen #467
  Planted/OffViewportControl × sq × mobile-390
    ✗ geometry [offscreen-control]: [data-testid="planted-offscreen-btn"] — Off-screen #467
  Planted/OffViewportControl × sq × mobile-480
    ✗ geometry [offscreen-control]: [data-testid="planted-offscreen-btn"] — Off-screen #467
  Planted/OffViewportControl × sq × canonical-560
    ✗ geometry [offscreen-control]: [data-testid="planted-offscreen-btn"] — Off-screen #467
  Planted/OffViewportControl × sq × canonical-680
    ✗ geometry [offscreen-control]: [data-testid="planted-offscreen-btn"] — Off-screen #467
  Planted/OffViewportControl × sq × tablet-768
    ✗ geometry [offscreen-control]: [data-testid="planted-offscreen-btn"] — Off-screen #467
  Planted/OffViewportControl × sq × canonical-810
    ✗ geometry [offscreen-control]: [data-testid="planted-offscreen-btn"] — Off-screen #467
  Planted/OffViewportControl × sq × canonical-960
    ✗ geometry [offscreen-control]: [data-testid="planted-offscreen-btn"] — Off-screen #467
  Planted/OffViewportControl × sq × desktop-1024
    ✗ geometry [offscreen-control]: [data-testid="planted-offscreen-btn"] — Off-screen #467
  Planted/OffViewportControl × sq × canonical-1200
    ✗ geometry [offscreen-control]: [data-testid="planted-offscreen-btn"] — Off-screen #467
  Planted/OffViewportControl × sq × desktop-1440
    ✗ geometry [offscreen-control]: [data-testid="planted-offscreen-btn"] — Off-screen #467
  Planted/OffViewportControl × sq × huge-1920
    ✗ geometry [offscreen-control]: [data-testid="planted-offscreen-btn"] — Off-screen #467
  Planted/OffViewportControl × sq × huge-2560
    ✗ geometry [offscreen-control]: [data-testid="planted-offscreen-btn"] — Off-screen #467
  Planted/OffViewportControl × en × mobile-320
    ✗ geometry [offscreen-control]: [data-testid="planted-offscreen-btn"] — Off-screen #467
  Planted/OffViewportControl × en × mobile-375
    ✗ geometry [offscreen-control]: [data-testid="planted-offscreen-btn"] — Off-screen #467
  Planted/OffViewportControl × en × mobile-390
    ✗ geometry [offscreen-control]: [data-testid="planted-offscreen-btn"] — Off-screen #467
  Planted/OffViewportControl × en × mobile-480
    ✗ geometry [offscreen-control]: [data-testid="planted-offscreen-btn"] — Off-screen #467
  Planted/OffViewportControl × en × canonical-560
    ✗ geometry [offscreen-control]: [data-testid="planted-offscreen-btn"] — Off-screen #467
  Planted/OffViewportControl × en × canonical-680
    ✗ geometry [offscreen-control]: [data-testid="planted-offscreen-btn"] — Off-screen #467
  Planted/OffViewportControl × en × tablet-768
    ✗ geometry [offscreen-control]: [data-testid="planted-offscreen-btn"] — Off-screen #467
  Planted/OffViewportControl × en × canonical-810
    ✗ geometry [offscreen-control]: [data-testid="planted-offscreen-btn"] — Off-screen #467
  Planted/OffViewportControl × en × canonical-960
    ✗ geometry [offscreen-control]: [data-testid="planted-offscreen-btn"] — Off-screen #467
  Planted/OffViewportControl × en × desktop-1024
    ✗ geometry [offscreen-control]: [data-testid="planted-offscreen-btn"] — Off-screen #467
  Planted/OffViewportControl × en × canonical-1200
    ✗ geometry [offscreen-control]: [data-testid="planted-offscreen-btn"] — Off-screen #467
  Planted/OffViewportControl × en × desktop-1440
    ✗ geometry [offscreen-control]: [data-testid="planted-offscreen-btn"] — Off-screen #467
  Planted/OffViewportControl × en × huge-1920
    ✗ geometry [offscreen-control]: [data-testid="planted-offscreen-btn"] — Off-screen #467
  Planted/OffViewportControl × en × huge-2560
    ✗ geometry [offscreen-control]: [data-testid="planted-offscreen-btn"] — Off-screen #467
  Planted/OffViewportControl × uk × mobile-320
    ✗ geometry [offscreen-control]: [data-testid="planted-offscreen-btn"] — Off-screen #467
  Planted/OffViewportControl × uk × mobile-375
    ✗ geometry [offscreen-control]: [data-testid="planted-offscreen-btn"] — Off-screen #467
  Planted/OffViewportControl × uk × mobile-390
    ✗ geometry [offscreen-control]: [data-testid="planted-offscreen-btn"] — Off-screen #467
  Planted/OffViewportControl × uk × mobile-480
    ✗ geometry [offscreen-control]: [data-testid="planted-offscreen-btn"] — Off-screen #467
  Planted/OffViewportControl × uk × canonical-560
    ✗ geometry [offscreen-control]: [data-testid="planted-offscreen-btn"] — Off-screen #467
  Planted/OffViewportControl × uk × canonical-680
    ✗ geometry [offscreen-control]: [data-testid="planted-offscreen-btn"] — Off-screen #467
  Planted/OffViewportControl × uk × tablet-768
    ✗ geometry [offscreen-control]: [data-testid="planted-offscreen-btn"] — Off-screen #467
  Planted/OffViewportControl × uk × canonical-810
    ✗ geometry [offscreen-control]: [data-testid="planted-offscreen-btn"] — Off-screen #467
  Planted/OffViewportControl × uk × canonical-960
    ✗ geometry [offscreen-control]: [data-testid="planted-offscreen-btn"] — Off-screen #467
  Planted/OffViewportControl × uk × desktop-1024
    ✗ geometry [offscreen-control]: [data-testid="planted-offscreen-btn"] — Off-screen #467
  Planted/OffViewportControl × uk × canonical-1200
    ✗ geometry [offscreen-control]: [data-testid="planted-offscreen-btn"] — Off-screen #467
  Planted/OffViewportControl × uk × desktop-1440
    ✗ geometry [offscreen-control]: [data-testid="planted-offscreen-btn"] — Off-screen #467
  Planted/OffViewportControl × uk × huge-1920
    ✗ geometry [offscreen-control]: [data-testid="planted-offscreen-btn"] — Off-screen #467
  Planted/OffViewportControl × uk × huge-2560
    ✗ geometry [offscreen-control]: [data-testid="planted-offscreen-btn"] — Off-screen #467
  Planted/OffViewportControl × it × mobile-320
    ✗ geometry [offscreen-control]: [data-testid="planted-offscreen-btn"] — Off-screen #467
  Planted/OffViewportControl × it × mobile-375
    ✗ geometry [offscreen-control]: [data-testid="planted-offscreen-btn"] — Off-screen #467
  Planted/OffViewportControl × it × mobile-390
    ✗ geometry [offscreen-control]: [data-testid="planted-offscreen-btn"] — Off-screen #467
  Planted/OffViewportControl × it × mobile-480
    ✗ geometry [offscreen-control]: [data-testid="planted-offscreen-btn"] — Off-screen #467
  Planted/OffViewportControl × it × canonical-560
    ✗ geometry [offscreen-control]: [data-testid="planted-offscreen-btn"] — Off-screen #467
  Planted/OffViewportControl × it × canonical-680
    ✗ geometry [offscreen-control]: [data-testid="planted-offscreen-btn"] — Off-screen #467
  Planted/OffViewportControl × it × tablet-768
    ✗ geometry [offscreen-control]: [data-testid="planted-offscreen-btn"] — Off-screen #467
  Planted/OffViewportControl × it × canonical-810
    ✗ geometry [offscreen-control]: [data-testid="planted-offscreen-btn"] — Off-screen #467
  Planted/OffViewportControl × it × canonical-960
    ✗ geometry [offscreen-control]: [data-testid="planted-offscreen-btn"] — Off-screen #467
  Planted/OffViewportControl × it × desktop-1024
    ✗ geometry [offscreen-control]: [data-testid="planted-offscreen-btn"] — Off-screen #467
  Planted/OffViewportControl × it × canonical-1200
    ✗ geometry [offscreen-control]: [data-testid="planted-offscreen-btn"] — Off-screen #467
  Planted/OffViewportControl × it × desktop-1440
    ✗ geometry [offscreen-control]: [data-testid="planted-offscreen-btn"] — Off-screen #467
  Planted/OffViewportControl × it × huge-1920
    ✗ geometry [offscreen-control]: [data-testid="planted-offscreen-btn"] — Off-screen #467
  Planted/OffViewportControl × it × huge-2560
    ✗ geometry [offscreen-control]: [data-testid="planted-offscreen-btn"] — Off-screen #467
  Planted/ContainerClipped × sq × mobile-320
    ✗ geometry [text-clipped]: [data-testid="planted-container-btn"] — Wide-btn #467 inside narrow container
  Planted/ContainerClipped × sq × mobile-375
    ✗ geometry [text-clipped]: [data-testid="planted-container-btn"] — Wide-btn #467 inside narrow container
  Planted/ContainerClipped × sq × mobile-390
    ✗ geometry [text-clipped]: [data-testid="planted-container-btn"] — Wide-btn #467 inside narrow container
  Planted/ContainerClipped × sq × mobile-480
    ✗ geometry [text-clipped]: [data-testid="planted-container-btn"] — Wide-btn #467 inside narrow container
  Planted/ContainerClipped × sq × canonical-560
    ✗ geometry [text-clipped]: [data-testid="planted-container-btn"] — Wide-btn #467 inside narrow container
  Planted/ContainerClipped × sq × canonical-680
    ✗ geometry [text-clipped]: [data-testid="planted-container-btn"] — Wide-btn #467 inside narrow container
  Planted/ContainerClipped × sq × tablet-768
    ✗ geometry [text-clipped]: [data-testid="planted-container-btn"] — Wide-btn #467 inside narrow container
  Planted/ContainerClipped × sq × canonical-810
    ✗ geometry [text-clipped]: [data-testid="planted-container-btn"] — Wide-btn #467 inside narrow container
  Planted/ContainerClipped × sq × canonical-960
    ✗ geometry [text-clipped]: [data-testid="planted-container-btn"] — Wide-btn #467 inside narrow container
  Planted/ContainerClipped × sq × desktop-1024
    ✗ geometry [text-clipped]: [data-testid="planted-container-btn"] — Wide-btn #467 inside narrow container
  Planted/ContainerClipped × sq × canonical-1200
    ✗ geometry [text-clipped]: [data-testid="planted-container-btn"] — Wide-btn #467 inside narrow container
  Planted/ContainerClipped × sq × desktop-1440
    ✗ geometry [text-clipped]: [data-testid="planted-container-btn"] — Wide-btn #467 inside narrow container
  Planted/ContainerClipped × sq × huge-1920
    ✗ geometry [text-clipped]: [data-testid="planted-container-btn"] — Wide-btn #467 inside narrow container
  Planted/ContainerClipped × sq × huge-2560
    ✗ geometry [text-clipped]: [data-testid="planted-container-btn"] — Wide-btn #467 inside narrow container
  Planted/ContainerClipped × en × mobile-320
    ✗ geometry [text-clipped]: [data-testid="planted-container-btn"] — Wide-btn #467 inside narrow container
  Planted/ContainerClipped × en × mobile-375
    ✗ geometry [text-clipped]: [data-testid="planted-container-btn"] — Wide-btn #467 inside narrow container
  Planted/ContainerClipped × en × mobile-390
    ✗ geometry [text-clipped]: [data-testid="planted-container-btn"] — Wide-btn #467 inside narrow container
  Planted/ContainerClipped × en × mobile-480
    ✗ geometry [text-clipped]: [data-testid="planted-container-btn"] — Wide-btn #467 inside narrow container
  Planted/ContainerClipped × en × canonical-560
    ✗ geometry [text-clipped]: [data-testid="planted-container-btn"] — Wide-btn #467 inside narrow container
  Planted/ContainerClipped × en × canonical-680
    ✗ geometry [text-clipped]: [data-testid="planted-container-btn"] — Wide-btn #467 inside narrow container
  Planted/ContainerClipped × en × tablet-768
    ✗ geometry [text-clipped]: [data-testid="planted-container-btn"] — Wide-btn #467 inside narrow container
  Planted/ContainerClipped × en × canonical-810
    ✗ geometry [text-clipped]: [data-testid="planted-container-btn"] — Wide-btn #467 inside narrow container
  Planted/ContainerClipped × en × canonical-960
    ✗ geometry [text-clipped]: [data-testid="planted-container-btn"] — Wide-btn #467 inside narrow container
  Planted/ContainerClipped × en × desktop-1024
    ✗ geometry [text-clipped]: [data-testid="planted-container-btn"] — Wide-btn #467 inside narrow container
  Planted/ContainerClipped × en × canonical-1200
    ✗ geometry [text-clipped]: [data-testid="planted-container-btn"] — Wide-btn #467 inside narrow container
  Planted/ContainerClipped × en × desktop-1440
    ✗ geometry [text-clipped]: [data-testid="planted-container-btn"] — Wide-btn #467 inside narrow container
  Planted/ContainerClipped × en × huge-1920
    ✗ geometry [text-clipped]: [data-testid="planted-container-btn"] — Wide-btn #467 inside narrow container
  Planted/ContainerClipped × en × huge-2560
    ✗ geometry [text-clipped]: [data-testid="planted-container-btn"] — Wide-btn #467 inside narrow container
  Planted/ContainerClipped × uk × mobile-320
    ✗ geometry [text-clipped]: [data-testid="planted-container-btn"] — Wide-btn #467 inside narrow container
  Planted/ContainerClipped × uk × mobile-375
    ✗ geometry [text-clipped]: [data-testid="planted-container-btn"] — Wide-btn #467 inside narrow container
  Planted/ContainerClipped × uk × mobile-390
    ✗ geometry [text-clipped]: [data-testid="planted-container-btn"] — Wide-btn #467 inside narrow container
  Planted/ContainerClipped × uk × mobile-480
    ✗ geometry [text-clipped]: [data-testid="planted-container-btn"] — Wide-btn #467 inside narrow container
  Planted/ContainerClipped × uk × canonical-560
    ✗ geometry [text-clipped]: [data-testid="planted-container-btn"] — Wide-btn #467 inside narrow container
  Planted/ContainerClipped × uk × canonical-680
    ✗ geometry [text-clipped]: [data-testid="planted-container-btn"] — Wide-btn #467 inside narrow container
  Planted/ContainerClipped × uk × tablet-768
    ✗ geometry [text-clipped]: [data-testid="planted-container-btn"] — Wide-btn #467 inside narrow container
  Planted/ContainerClipped × uk × canonical-810
    ✗ geometry [text-clipped]: [data-testid="planted-container-btn"] — Wide-btn #467 inside narrow container
  Planted/ContainerClipped × uk × canonical-960
    ✗ geometry [text-clipped]: [data-testid="planted-container-btn"] — Wide-btn #467 inside narrow container
  Planted/ContainerClipped × uk × desktop-1024
    ✗ geometry [text-clipped]: [data-testid="planted-container-btn"] — Wide-btn #467 inside narrow container
  Planted/ContainerClipped × uk × canonical-1200
    ✗ geometry [text-clipped]: [data-testid="planted-container-btn"] — Wide-btn #467 inside narrow container
  Planted/ContainerClipped × uk × desktop-1440
    ✗ geometry [text-clipped]: [data-testid="planted-container-btn"] — Wide-btn #467 inside narrow container
  Planted/ContainerClipped × uk × huge-1920
    ✗ geometry [text-clipped]: [data-testid="planted-container-btn"] — Wide-btn #467 inside narrow container
  Planted/ContainerClipped × uk × huge-2560
    ✗ geometry [text-clipped]: [data-testid="planted-container-btn"] — Wide-btn #467 inside narrow container
  Planted/ContainerClipped × it × mobile-320
    ✗ geometry [text-clipped]: [data-testid="planted-container-btn"] — Wide-btn #467 inside narrow container
  Planted/ContainerClipped × it × mobile-375
    ✗ geometry [text-clipped]: [data-testid="planted-container-btn"] — Wide-btn #467 inside narrow container
  Planted/ContainerClipped × it × mobile-390
    ✗ geometry [text-clipped]: [data-testid="planted-container-btn"] — Wide-btn #467 inside narrow container
  Planted/ContainerClipped × it × mobile-480
    ✗ geometry [text-clipped]: [data-testid="planted-container-btn"] — Wide-btn #467 inside narrow container
  Planted/ContainerClipped × it × canonical-560
    ✗ geometry [text-clipped]: [data-testid="planted-container-btn"] — Wide-btn #467 inside narrow container
  Planted/ContainerClipped × it × canonical-680
    ✗ geometry [text-clipped]: [data-testid="planted-container-btn"] — Wide-btn #467 inside narrow container
  Planted/ContainerClipped × it × tablet-768
    ✗ geometry [text-clipped]: [data-testid="planted-container-btn"] — Wide-btn #467 inside narrow container
  Planted/ContainerClipped × it × canonical-810
    ✗ geometry [text-clipped]: [data-testid="planted-container-btn"] — Wide-btn #467 inside narrow container
  Planted/ContainerClipped × it × canonical-960
    ✗ geometry [text-clipped]: [data-testid="planted-container-btn"] — Wide-btn #467 inside narrow container
  Planted/ContainerClipped × it × desktop-1024
    ✗ geometry [text-clipped]: [data-testid="planted-container-btn"] — Wide-btn #467 inside narrow container
  Planted/ContainerClipped × it × canonical-1200
    ✗ geometry [text-clipped]: [data-testid="planted-container-btn"] — Wide-btn #467 inside narrow container
  Planted/ContainerClipped × it × desktop-1440
    ✗ geometry [text-clipped]: [data-testid="planted-container-btn"] — Wide-btn #467 inside narrow container
  Planted/ContainerClipped × it × huge-1920
    ✗ geometry [text-clipped]: [data-testid="planted-container-btn"] — Wide-btn #467 inside narrow container
  Planted/ContainerClipped × it × huge-2560
    ✗ geometry [text-clipped]: [data-testid="planted-container-btn"] — Wide-btn #467 inside narrow container
  Planted/ContainerEscape × sq × mobile-320
    ✗ geometry [outside-container]: [data-testid="planted-escape-btn"] — #467
  Planted/ContainerEscape × sq × mobile-375
    ✗ geometry [outside-container]: [data-testid="planted-escape-btn"] — #467
  Planted/ContainerEscape × sq × mobile-390
    ✗ geometry [outside-container]: [data-testid="planted-escape-btn"] — #467
  Planted/ContainerEscape × sq × mobile-480
    ✗ geometry [outside-container]: [data-testid="planted-escape-btn"] — #467
  Planted/ContainerEscape × sq × canonical-560
    ✗ geometry [outside-container]: [data-testid="planted-escape-btn"] — #467
  Planted/ContainerEscape × sq × canonical-680
    ✗ geometry [outside-container]: [data-testid="planted-escape-btn"] — #467
  Planted/ContainerEscape × sq × tablet-768
    ✗ geometry [outside-container]: [data-testid="planted-escape-btn"] — #467
  Planted/ContainerEscape × sq × canonical-810
    ✗ geometry [outside-container]: [data-testid="planted-escape-btn"] — #467
  Planted/ContainerEscape × sq × canonical-960
    ✗ geometry [outside-container]: [data-testid="planted-escape-btn"] — #467
  Planted/ContainerEscape × sq × desktop-1024
    ✗ geometry [outside-container]: [data-testid="planted-escape-btn"] — #467
  Planted/ContainerEscape × sq × canonical-1200
    ✗ geometry [outside-container]: [data-testid="planted-escape-btn"] — #467
  Planted/ContainerEscape × sq × desktop-1440
    ✗ geometry [outside-container]: [data-testid="planted-escape-btn"] — #467
  Planted/ContainerEscape × sq × huge-1920
    ✗ geometry [outside-container]: [data-testid="planted-escape-btn"] — #467
  Planted/ContainerEscape × sq × huge-2560
    ✗ geometry [outside-container]: [data-testid="planted-escape-btn"] — #467
  Planted/ContainerEscape × en × mobile-320
    ✗ geometry [outside-container]: [data-testid="planted-escape-btn"] — #467
  Planted/ContainerEscape × en × mobile-375
    ✗ geometry [outside-container]: [data-testid="planted-escape-btn"] — #467
  Planted/ContainerEscape × en × mobile-390
    ✗ geometry [outside-container]: [data-testid="planted-escape-btn"] — #467
  Planted/ContainerEscape × en × mobile-480
    ✗ geometry [outside-container]: [data-testid="planted-escape-btn"] — #467
  Planted/ContainerEscape × en × canonical-560
    ✗ geometry [outside-container]: [data-testid="planted-escape-btn"] — #467
  Planted/ContainerEscape × en × canonical-680
    ✗ geometry [outside-container]: [data-testid="planted-escape-btn"] — #467
  Planted/ContainerEscape × en × tablet-768
    ✗ geometry [outside-container]: [data-testid="planted-escape-btn"] — #467
  Planted/ContainerEscape × en × canonical-810
    ✗ geometry [outside-container]: [data-testid="planted-escape-btn"] — #467
  Planted/ContainerEscape × en × canonical-960
    ✗ geometry [outside-container]: [data-testid="planted-escape-btn"] — #467
  Planted/ContainerEscape × en × desktop-1024
    ✗ geometry [outside-container]: [data-testid="planted-escape-btn"] — #467
  Planted/ContainerEscape × en × canonical-1200
    ✗ geometry [outside-container]: [data-testid="planted-escape-btn"] — #467
  Planted/ContainerEscape × en × desktop-1440
    ✗ geometry [outside-container]: [data-testid="planted-escape-btn"] — #467
  Planted/ContainerEscape × en × huge-1920
    ✗ geometry [outside-container]: [data-testid="planted-escape-btn"] — #467
  Planted/ContainerEscape × en × huge-2560
    ✗ geometry [outside-container]: [data-testid="planted-escape-btn"] — #467
  Planted/ContainerEscape × uk × mobile-320
    ✗ geometry [outside-container]: [data-testid="planted-escape-btn"] — #467
  Planted/ContainerEscape × uk × mobile-375
    ✗ geometry [outside-container]: [data-testid="planted-escape-btn"] — #467
  Planted/ContainerEscape × uk × mobile-390
    ✗ geometry [outside-container]: [data-testid="planted-escape-btn"] — #467
  Planted/ContainerEscape × uk × mobile-480
    ✗ geometry [outside-container]: [data-testid="planted-escape-btn"] — #467
  Planted/ContainerEscape × uk × canonical-560
    ✗ geometry [outside-container]: [data-testid="planted-escape-btn"] — #467
  Planted/ContainerEscape × uk × canonical-680
    ✗ geometry [outside-container]: [data-testid="planted-escape-btn"] — #467
  Planted/ContainerEscape × uk × tablet-768
    ✗ geometry [outside-container]: [data-testid="planted-escape-btn"] — #467
  Planted/ContainerEscape × uk × canonical-810
    ✗ geometry [outside-container]: [data-testid="planted-escape-btn"] — #467
  Planted/ContainerEscape × uk × canonical-960
    ✗ geometry [outside-container]: [data-testid="planted-escape-btn"] — #467
  Planted/ContainerEscape × uk × desktop-1024
    ✗ geometry [outside-container]: [data-testid="planted-escape-btn"] — #467
  Planted/ContainerEscape × uk × canonical-1200
    ✗ geometry [outside-container]: [data-testid="planted-escape-btn"] — #467
  Planted/ContainerEscape × uk × desktop-1440
    ✗ geometry [outside-container]: [data-testid="planted-escape-btn"] — #467
  Planted/ContainerEscape × uk × huge-1920
    ✗ geometry [outside-container]: [data-testid="planted-escape-btn"] — #467
  Planted/ContainerEscape × uk × huge-2560
    ✗ geometry [outside-container]: [data-testid="planted-escape-btn"] — #467
  Planted/ContainerEscape × it × mobile-320
    ✗ geometry [outside-container]: [data-testid="planted-escape-btn"] — #467
  Planted/ContainerEscape × it × mobile-375
    ✗ geometry [outside-container]: [data-testid="planted-escape-btn"] — #467
  Planted/ContainerEscape × it × mobile-390
    ✗ geometry [outside-container]: [data-testid="planted-escape-btn"] — #467
  Planted/ContainerEscape × it × mobile-480
    ✗ geometry [outside-container]: [data-testid="planted-escape-btn"] — #467
  Planted/ContainerEscape × it × canonical-560
    ✗ geometry [outside-container]: [data-testid="planted-escape-btn"] — #467
  Planted/ContainerEscape × it × canonical-680
    ✗ geometry [outside-container]: [data-testid="planted-escape-btn"] — #467
  Planted/ContainerEscape × it × tablet-768
    ✗ geometry [outside-container]: [data-testid="planted-escape-btn"] — #467
  Planted/ContainerEscape × it × canonical-810
    ✗ geometry [outside-container]: [data-testid="planted-escape-btn"] — #467
  Planted/ContainerEscape × it × canonical-960
    ✗ geometry [outside-container]: [data-testid="planted-escape-btn"] — #467
  Planted/ContainerEscape × it × desktop-1024
    ✗ geometry [outside-container]: [data-testid="planted-escape-btn"] — #467
  Planted/ContainerEscape × it × canonical-1200
    ✗ geometry [outside-container]: [data-testid="planted-escape-btn"] — #467
  Planted/ContainerEscape × it × desktop-1440
    ✗ geometry [outside-container]: [data-testid="planted-escape-btn"] — #467
  Planted/ContainerEscape × it × huge-1920
    ✗ geometry [outside-container]: [data-testid="planted-escape-btn"] — #467
  Planted/ContainerEscape × it × huge-2560
    ✗ geometry [outside-container]: [data-testid="planted-escape-btn"] — #467
  Planted/UnstyledFrame × sq × mobile-320 (after 2 retries)
    ✗ render failure [unstyled-render]
    ✗ horizontal overflow detected
    ✗ style [unstyled-render]: bodyMargin=8px, sheets=true, font="Open Sans", system-ui, -apple, ctrl=false
  Planted/UnstyledFrame × sq × mobile-375 (after 2 retries)
    ✗ render failure [unstyled-render]
    ✗ horizontal overflow detected
    ✗ style [unstyled-render]: bodyMargin=8px, sheets=true, font="Open Sans", system-ui, -apple, ctrl=false
  Planted/UnstyledFrame × sq × mobile-390 (after 2 retries)
    ✗ render failure [unstyled-render]
    ✗ horizontal overflow detected
    ✗ style [unstyled-render]: bodyMargin=8px, sheets=true, font="Open Sans", system-ui, -apple, ctrl=false
  Planted/UnstyledFrame × sq × mobile-480 (after 2 retries)
    ✗ render failure [unstyled-render]
    ✗ horizontal overflow detected
    ✗ style [unstyled-render]: bodyMargin=8px, sheets=true, font="Open Sans", system-ui, -apple, ctrl=false
  Planted/UnstyledFrame × sq × canonical-560 (after 2 retries)
    ✗ render failure [unstyled-render]
    ✗ horizontal overflow detected
    ✗ style [unstyled-render]: bodyMargin=8px, sheets=true, font="Open Sans", system-ui, -apple, ctrl=false
  Planted/UnstyledFrame × sq × canonical-680 (after 2 retries)
    ✗ render failure [unstyled-render]
    ✗ horizontal overflow detected
    ✗ style [unstyled-render]: bodyMargin=8px, sheets=true, font="Open Sans", system-ui, -apple, ctrl=false
  Planted/UnstyledFrame × sq × tablet-768 (after 2 retries)
    ✗ render failure [unstyled-render]
    ✗ horizontal overflow detected
    ✗ style [unstyled-render]: bodyMargin=8px, sheets=true, font="Open Sans", system-ui, -apple, ctrl=false
  Planted/UnstyledFrame × sq × canonical-810 (after 2 retries)
    ✗ render failure [unstyled-render]
    ✗ horizontal overflow detected
    ✗ style [unstyled-render]: bodyMargin=8px, sheets=true, font="Open Sans", system-ui, -apple, ctrl=false
  Planted/UnstyledFrame × sq × canonical-960 (after 2 retries)
    ✗ render failure [unstyled-render]
    ✗ horizontal overflow detected
    ✗ style [unstyled-render]: bodyMargin=8px, sheets=true, font="Open Sans", system-ui, -apple, ctrl=false
  Planted/UnstyledFrame × sq × desktop-1024 (after 2 retries)
    ✗ render failure [unstyled-render]
    ✗ horizontal overflow detected
    ✗ style [unstyled-render]: bodyMargin=8px, sheets=true, font="Open Sans", system-ui, -apple, ctrl=false
  Planted/UnstyledFrame × sq × canonical-1200 (after 2 retries)
    ✗ render failure [unstyled-render]
    ✗ horizontal overflow detected
    ✗ style [unstyled-render]: bodyMargin=8px, sheets=true, font="Open Sans", system-ui, -apple, ctrl=false
  Planted/UnstyledFrame × sq × desktop-1440 (after 2 retries)
    ✗ render failure [unstyled-render]
    ✗ horizontal overflow detected
    ✗ style [unstyled-render]: bodyMargin=8px, sheets=true, font="Open Sans", system-ui, -apple, ctrl=false
  Planted/UnstyledFrame × sq × huge-1920 (after 2 retries)
    ✗ render failure [unstyled-render]
    ✗ horizontal overflow detected
    ✗ style [unstyled-render]: bodyMargin=8px, sheets=true, font="Open Sans", system-ui, -apple, ctrl=false
  Planted/UnstyledFrame × sq × huge-2560 (after 2 retries)
    ✗ render failure [unstyled-render]
    ✗ horizontal overflow detected
    ✗ style [unstyled-render]: bodyMargin=8px, sheets=true, font="Open Sans", system-ui, -apple, ctrl=false
  Planted/UnstyledFrame × en × mobile-320 (after 2 retries)
    ✗ render failure [unstyled-render]
    ✗ horizontal overflow detected
    ✗ style [unstyled-render]: bodyMargin=8px, sheets=true, font="Open Sans", system-ui, -apple, ctrl=false
  Planted/UnstyledFrame × en × mobile-375 (after 2 retries)
    ✗ render failure [unstyled-render]
    ✗ horizontal overflow detected
    ✗ style [unstyled-render]: bodyMargin=8px, sheets=true, font="Open Sans", system-ui, -apple, ctrl=false
  Planted/UnstyledFrame × en × mobile-390 (after 2 retries)
    ✗ render failure [unstyled-render]
    ✗ horizontal overflow detected
    ✗ style [unstyled-render]: bodyMargin=8px, sheets=true, font="Open Sans", system-ui, -apple, ctrl=false
  Planted/UnstyledFrame × en × mobile-480 (after 2 retries)
    ✗ render failure [unstyled-render]
    ✗ horizontal overflow detected
    ✗ style [unstyled-render]: bodyMargin=8px, sheets=true, font="Open Sans", system-ui, -apple, ctrl=false
  Planted/UnstyledFrame × en × canonical-560 (after 2 retries)
    ✗ render failure [unstyled-render]
    ✗ horizontal overflow detected
    ✗ style [unstyled-render]: bodyMargin=8px, sheets=true, font="Open Sans", system-ui, -apple, ctrl=false
  Planted/UnstyledFrame × en × canonical-680 (after 2 retries)
    ✗ render failure [unstyled-render]
    ✗ horizontal overflow detected
    ✗ style [unstyled-render]: bodyMargin=8px, sheets=true, font="Open Sans", system-ui, -apple, ctrl=false
  Planted/UnstyledFrame × en × tablet-768 (after 2 retries)
    ✗ render failure [unstyled-render]
    ✗ horizontal overflow detected
    ✗ style [unstyled-render]: bodyMargin=8px, sheets=true, font="Open Sans", system-ui, -apple, ctrl=false
  Planted/UnstyledFrame × en × canonical-810 (after 2 retries)
    ✗ render failure [unstyled-render]
    ✗ horizontal overflow detected
    ✗ style [unstyled-render]: bodyMargin=8px, sheets=true, font="Open Sans", system-ui, -apple, ctrl=false
  Planted/UnstyledFrame × en × canonical-960 (after 2 retries)
    ✗ render failure [unstyled-render]
    ✗ horizontal overflow detected
    ✗ style [unstyled-render]: bodyMargin=8px, sheets=true, font="Open Sans", system-ui, -apple, ctrl=false
  Planted/UnstyledFrame × en × desktop-1024 (after 2 retries)
    ✗ render failure [unstyled-render]
    ✗ horizontal overflow detected
    ✗ style [unstyled-render]: bodyMargin=8px, sheets=true, font="Open Sans", system-ui, -apple, ctrl=false
  Planted/UnstyledFrame × en × canonical-1200 (after 2 retries)
    ✗ render failure [unstyled-render]
    ✗ horizontal overflow detected
    ✗ style [unstyled-render]: bodyMargin=8px, sheets=true, font="Open Sans", system-ui, -apple, ctrl=false
  Planted/UnstyledFrame × en × desktop-1440 (after 2 retries)
    ✗ render failure [unstyled-render]
    ✗ horizontal overflow detected
    ✗ style [unstyled-render]: bodyMargin=8px, sheets=true, font="Open Sans", system-ui, -apple, ctrl=false
  Planted/UnstyledFrame × en × huge-1920 (after 2 retries)
    ✗ render failure [unstyled-render]
    ✗ horizontal overflow detected
    ✗ style [unstyled-render]: bodyMargin=8px, sheets=true, font="Open Sans", system-ui, -apple, ctrl=false
  Planted/UnstyledFrame × en × huge-2560 (after 2 retries)
    ✗ render failure [unstyled-render]
    ✗ horizontal overflow detected
    ✗ style [unstyled-render]: bodyMargin=8px, sheets=true, font="Open Sans", system-ui, -apple, ctrl=false
  Planted/UnstyledFrame × uk × mobile-320 (after 2 retries)
    ✗ render failure [unstyled-render]
    ✗ horizontal overflow detected
    ✗ style [unstyled-render]: bodyMargin=8px, sheets=true, font="Open Sans", system-ui, -apple, ctrl=false
  Planted/UnstyledFrame × uk × mobile-375 (after 2 retries)
    ✗ render failure [unstyled-render]
    ✗ horizontal overflow detected
    ✗ style [unstyled-render]: bodyMargin=8px, sheets=true, font="Open Sans", system-ui, -apple, ctrl=false
  Planted/UnstyledFrame × uk × mobile-390 (after 2 retries)
    ✗ render failure [unstyled-render]
    ✗ horizontal overflow detected
    ✗ style [unstyled-render]: bodyMargin=8px, sheets=true, font="Open Sans", system-ui, -apple, ctrl=false
  Planted/UnstyledFrame × uk × mobile-480 (after 2 retries)
    ✗ render failure [unstyled-render]
    ✗ horizontal overflow detected
    ✗ style [unstyled-render]: bodyMargin=8px, sheets=true, font="Open Sans", system-ui, -apple, ctrl=false
  Planted/UnstyledFrame × uk × canonical-560 (after 2 retries)
    ✗ render failure [unstyled-render]
    ✗ horizontal overflow detected
    ✗ style [unstyled-render]: bodyMargin=8px, sheets=true, font="Open Sans", system-ui, -apple, ctrl=false
  Planted/UnstyledFrame × uk × canonical-680 (after 2 retries)
    ✗ render failure [unstyled-render]
    ✗ horizontal overflow detected
    ✗ style [unstyled-render]: bodyMargin=8px, sheets=true, font="Open Sans", system-ui, -apple, ctrl=false
  Planted/UnstyledFrame × uk × tablet-768 (after 2 retries)
    ✗ render failure [unstyled-render]
    ✗ horizontal overflow detected
    ✗ style [unstyled-render]: bodyMargin=8px, sheets=true, font="Open Sans", system-ui, -apple, ctrl=false
  Planted/UnstyledFrame × uk × canonical-810 (after 2 retries)
    ✗ render failure [unstyled-render]
    ✗ horizontal overflow detected
    ✗ style [unstyled-render]: bodyMargin=8px, sheets=true, font="Open Sans", system-ui, -apple, ctrl=false
  Planted/UnstyledFrame × uk × canonical-960 (after 2 retries)
    ✗ render failure [unstyled-render]
    ✗ horizontal overflow detected
    ✗ style [unstyled-render]: bodyMargin=8px, sheets=true, font="Open Sans", system-ui, -apple, ctrl=false
  Planted/UnstyledFrame × uk × desktop-1024 (after 2 retries)
    ✗ render failure [unstyled-render]
    ✗ horizontal overflow detected
    ✗ style [unstyled-render]: bodyMargin=8px, sheets=true, font="Open Sans", system-ui, -apple, ctrl=false
  Planted/UnstyledFrame × uk × canonical-1200 (after 2 retries)
    ✗ render failure [unstyled-render]
    ✗ horizontal overflow detected
    ✗ style [unstyled-render]: bodyMargin=8px, sheets=true, font="Open Sans", system-ui, -apple, ctrl=false
  Planted/UnstyledFrame × uk × desktop-1440 (after 2 retries)
    ✗ render failure [unstyled-render]
    ✗ horizontal overflow detected
    ✗ style [unstyled-render]: bodyMargin=8px, sheets=true, font="Open Sans", system-ui, -apple, ctrl=false
  Planted/UnstyledFrame × uk × huge-1920 (after 2 retries)
    ✗ render failure [unstyled-render]
    ✗ horizontal overflow detected
    ✗ style [unstyled-render]: bodyMargin=8px, sheets=true, font="Open Sans", system-ui, -apple, ctrl=false
  Planted/UnstyledFrame × uk × huge-2560 (after 2 retries)
    ✗ render failure [unstyled-render]
    ✗ horizontal overflow detected
    ✗ style [unstyled-render]: bodyMargin=8px, sheets=true, font="Open Sans", system-ui, -apple, ctrl=false
  Planted/UnstyledFrame × it × mobile-320 (after 2 retries)
    ✗ render failure [unstyled-render]
    ✗ horizontal overflow detected
    ✗ style [unstyled-render]: bodyMargin=8px, sheets=true, font="Open Sans", system-ui, -apple, ctrl=false
  Planted/UnstyledFrame × it × mobile-375 (after 2 retries)
    ✗ render failure [unstyled-render]
    ✗ horizontal overflow detected
    ✗ style [unstyled-render]: bodyMargin=8px, sheets=true, font="Open Sans", system-ui, -apple, ctrl=false
  Planted/UnstyledFrame × it × mobile-390 (after 2 retries)
    ✗ render failure [unstyled-render]
    ✗ horizontal overflow detected
    ✗ style [unstyled-render]: bodyMargin=8px, sheets=true, font="Open Sans", system-ui, -apple, ctrl=false
  Planted/UnstyledFrame × it × mobile-480 (after 2 retries)
    ✗ render failure [unstyled-render]
    ✗ horizontal overflow detected
    ✗ style [unstyled-render]: bodyMargin=8px, sheets=true, font="Open Sans", system-ui, -apple, ctrl=false
  Planted/UnstyledFrame × it × canonical-560 (after 2 retries)
    ✗ render failure [unstyled-render]
    ✗ horizontal overflow detected
    ✗ style [unstyled-render]: bodyMargin=8px, sheets=true, font="Open Sans", system-ui, -apple, ctrl=false
  Planted/UnstyledFrame × it × canonical-680 (after 2 retries)
    ✗ render failure [unstyled-render]
    ✗ horizontal overflow detected
    ✗ style [unstyled-render]: bodyMargin=8px, sheets=true, font="Open Sans", system-ui, -apple, ctrl=false
  Planted/UnstyledFrame × it × tablet-768 (after 2 retries)
    ✗ render failure [unstyled-render]
    ✗ horizontal overflow detected
    ✗ style [unstyled-render]: bodyMargin=8px, sheets=true, font="Open Sans", system-ui, -apple, ctrl=false
  Planted/UnstyledFrame × it × canonical-810 (after 2 retries)
    ✗ render failure [unstyled-render]
    ✗ horizontal overflow detected
    ✗ style [unstyled-render]: bodyMargin=8px, sheets=true, font="Open Sans", system-ui, -apple, ctrl=false
  Planted/UnstyledFrame × it × canonical-960 (after 2 retries)
    ✗ render failure [unstyled-render]
    ✗ horizontal overflow detected
    ✗ style [unstyled-render]: bodyMargin=8px, sheets=true, font="Open Sans", system-ui, -apple, ctrl=false
  Planted/UnstyledFrame × it × desktop-1024 (after 2 retries)
    ✗ render failure [unstyled-render]
    ✗ horizontal overflow detected
    ✗ style [unstyled-render]: bodyMargin=8px, sheets=true, font="Open Sans", system-ui, -apple, ctrl=false
  Planted/UnstyledFrame × it × canonical-1200 (after 2 retries)
    ✗ render failure [unstyled-render]
    ✗ horizontal overflow detected
    ✗ style [unstyled-render]: bodyMargin=8px, sheets=true, font="Open Sans", system-ui, -apple, ctrl=false
  Planted/UnstyledFrame × it × desktop-1440 (after 2 retries)
    ✗ render failure [unstyled-render]
    ✗ horizontal overflow detected
    ✗ style [unstyled-render]: bodyMargin=8px, sheets=true, font="Open Sans", system-ui, -apple, ctrl=false
  Planted/UnstyledFrame × it × huge-1920 (after 2 retries)
    ✗ render failure [unstyled-render]
    ✗ horizontal overflow detected
    ✗ style [unstyled-render]: bodyMargin=8px, sheets=true, font="Open Sans", system-ui, -apple, ctrl=false
  Planted/UnstyledFrame × it × huge-2560 (after 2 retries)
    ✗ render failure [unstyled-render]
    ✗ horizontal overflow detected
    ✗ style [unstyled-render]: bodyMargin=8px, sheets=true, font="Open Sans", system-ui, -apple, ctrl=false
  Planted/ScrollVisibleOverlap × sq × mobile-320
    ✗ geometry [element-overlap]: [data-testid="planted-scroll-visible-a"] ↔ [data-testid="planted-scroll-visible-b"] — "Visible-A #569" ↔ "Visible-B #569"
  Planted/ScrollVisibleOverlap × sq × mobile-375
    ✗ geometry [element-overlap]: [data-testid="planted-scroll-visible-a"] ↔ [data-testid="planted-scroll-visible-b"] — "Visible-A #569" ↔ "Visible-B #569"
  Planted/ScrollVisibleOverlap × sq × mobile-390
    ✗ geometry [element-overlap]: [data-testid="planted-scroll-visible-a"] ↔ [data-testid="planted-scroll-visible-b"] — "Visible-A #569" ↔ "Visible-B #569"
  Planted/ScrollVisibleOverlap × sq × mobile-480
    ✗ geometry [element-overlap]: [data-testid="planted-scroll-visible-a"] ↔ [data-testid="planted-scroll-visible-b"] — "Visible-A #569" ↔ "Visible-B #569"
  Planted/ScrollVisibleOverlap × sq × canonical-560
    ✗ geometry [element-overlap]: [data-testid="planted-scroll-visible-a"] ↔ [data-testid="planted-scroll-visible-b"] — "Visible-A #569" ↔ "Visible-B #569"
  Planted/ScrollVisibleOverlap × sq × canonical-680
    ✗ geometry [element-overlap]: [data-testid="planted-scroll-visible-a"] ↔ [data-testid="planted-scroll-visible-b"] — "Visible-A #569" ↔ "Visible-B #569"
  Planted/ScrollVisibleOverlap × sq × tablet-768
    ✗ geometry [element-overlap]: [data-testid="planted-scroll-visible-a"] ↔ [data-testid="planted-scroll-visible-b"] — "Visible-A #569" ↔ "Visible-B #569"
  Planted/ScrollVisibleOverlap × sq × canonical-810
    ✗ geometry [element-overlap]: [data-testid="planted-scroll-visible-a"] ↔ [data-testid="planted-scroll-visible-b"] — "Visible-A #569" ↔ "Visible-B #569"
  Planted/ScrollVisibleOverlap × sq × canonical-960
    ✗ geometry [element-overlap]: [data-testid="planted-scroll-visible-a"] ↔ [data-testid="planted-scroll-visible-b"] — "Visible-A #569" ↔ "Visible-B #569"
  Planted/ScrollVisibleOverlap × sq × desktop-1024
    ✗ geometry [element-overlap]: [data-testid="planted-scroll-visible-a"] ↔ [data-testid="planted-scroll-visible-b"] — "Visible-A #569" ↔ "Visible-B #569"
  Planted/ScrollVisibleOverlap × sq × canonical-1200
    ✗ geometry [element-overlap]: [data-testid="planted-scroll-visible-a"] ↔ [data-testid="planted-scroll-visible-b"] — "Visible-A #569" ↔ "Visible-B #569"
  Planted/ScrollVisibleOverlap × sq × desktop-1440
    ✗ geometry [element-overlap]: [data-testid="planted-scroll-visible-a"] ↔ [data-testid="planted-scroll-visible-b"] — "Visible-A #569" ↔ "Visible-B #569"
  Planted/ScrollVisibleOverlap × sq × huge-1920
    ✗ geometry [element-overlap]: [data-testid="planted-scroll-visible-a"] ↔ [data-testid="planted-scroll-visible-b"] — "Visible-A #569" ↔ "Visible-B #569"
  Planted/ScrollVisibleOverlap × sq × huge-2560
    ✗ geometry [element-overlap]: [data-testid="planted-scroll-visible-a"] ↔ [data-testid="planted-scroll-visible-b"] — "Visible-A #569" ↔ "Visible-B #569"
  Planted/ScrollVisibleOverlap × en × mobile-320
    ✗ geometry [element-overlap]: [data-testid="planted-scroll-visible-a"] ↔ [data-testid="planted-scroll-visible-b"] — "Visible-A #569" ↔ "Visible-B #569"
  Planted/ScrollVisibleOverlap × en × mobile-375
    ✗ geometry [element-overlap]: [data-testid="planted-scroll-visible-a"] ↔ [data-testid="planted-scroll-visible-b"] — "Visible-A #569" ↔ "Visible-B #569"
  Planted/ScrollVisibleOverlap × en × mobile-390
    ✗ geometry [element-overlap]: [data-testid="planted-scroll-visible-a"] ↔ [data-testid="planted-scroll-visible-b"] — "Visible-A #569" ↔ "Visible-B #569"
  Planted/ScrollVisibleOverlap × en × mobile-480
    ✗ geometry [element-overlap]: [data-testid="planted-scroll-visible-a"] ↔ [data-testid="planted-scroll-visible-b"] — "Visible-A #569" ↔ "Visible-B #569"
  Planted/ScrollVisibleOverlap × en × canonical-560
    ✗ geometry [element-overlap]: [data-testid="planted-scroll-visible-a"] ↔ [data-testid="planted-scroll-visible-b"] — "Visible-A #569" ↔ "Visible-B #569"
  Planted/ScrollVisibleOverlap × en × canonical-680
    ✗ geometry [element-overlap]: [data-testid="planted-scroll-visible-a"] ↔ [data-testid="planted-scroll-visible-b"] — "Visible-A #569" ↔ "Visible-B #569"
  Planted/ScrollVisibleOverlap × en × tablet-768
    ✗ geometry [element-overlap]: [data-testid="planted-scroll-visible-a"] ↔ [data-testid="planted-scroll-visible-b"] — "Visible-A #569" ↔ "Visible-B #569"
  Planted/ScrollVisibleOverlap × en × canonical-810
    ✗ geometry [element-overlap]: [data-testid="planted-scroll-visible-a"] ↔ [data-testid="planted-scroll-visible-b"] — "Visible-A #569" ↔ "Visible-B #569"
  Planted/ScrollVisibleOverlap × en × canonical-960
    ✗ geometry [element-overlap]: [data-testid="planted-scroll-visible-a"] ↔ [data-testid="planted-scroll-visible-b"] — "Visible-A #569" ↔ "Visible-B #569"
  Planted/ScrollVisibleOverlap × en × desktop-1024
    ✗ geometry [element-overlap]: [data-testid="planted-scroll-visible-a"] ↔ [data-testid="planted-scroll-visible-b"] — "Visible-A #569" ↔ "Visible-B #569"
  Planted/ScrollVisibleOverlap × en × canonical-1200
    ✗ geometry [element-overlap]: [data-testid="planted-scroll-visible-a"] ↔ [data-testid="planted-scroll-visible-b"] — "Visible-A #569" ↔ "Visible-B #569"
  Planted/ScrollVisibleOverlap × en × desktop-1440
    ✗ geometry [element-overlap]: [data-testid="planted-scroll-visible-a"] ↔ [data-testid="planted-scroll-visible-b"] — "Visible-A #569" ↔ "Visible-B #569"
  Planted/ScrollVisibleOverlap × en × huge-1920
    ✗ geometry [element-overlap]: [data-testid="planted-scroll-visible-a"] ↔ [data-testid="planted-scroll-visible-b"] — "Visible-A #569" ↔ "Visible-B #569"
  Planted/ScrollVisibleOverlap × en × huge-2560
    ✗ geometry [element-overlap]: [data-testid="planted-scroll-visible-a"] ↔ [data-testid="planted-scroll-visible-b"] — "Visible-A #569" ↔ "Visible-B #569"
  Planted/ScrollVisibleOverlap × uk × mobile-320
    ✗ geometry [element-overlap]: [data-testid="planted-scroll-visible-a"] ↔ [data-testid="planted-scroll-visible-b"] — "Visible-A #569" ↔ "Visible-B #569"
  Planted/ScrollVisibleOverlap × uk × mobile-375
    ✗ geometry [element-overlap]: [data-testid="planted-scroll-visible-a"] ↔ [data-testid="planted-scroll-visible-b"] — "Visible-A #569" ↔ "Visible-B #569"
  Planted/ScrollVisibleOverlap × uk × mobile-390
    ✗ geometry [element-overlap]: [data-testid="planted-scroll-visible-a"] ↔ [data-testid="planted-scroll-visible-b"] — "Visible-A #569" ↔ "Visible-B #569"
  Planted/ScrollVisibleOverlap × uk × mobile-480
    ✗ geometry [element-overlap]: [data-testid="planted-scroll-visible-a"] ↔ [data-testid="planted-scroll-visible-b"] — "Visible-A #569" ↔ "Visible-B #569"
  Planted/ScrollVisibleOverlap × uk × canonical-560
    ✗ geometry [element-overlap]: [data-testid="planted-scroll-visible-a"] ↔ [data-testid="planted-scroll-visible-b"] — "Visible-A #569" ↔ "Visible-B #569"
  Planted/ScrollVisibleOverlap × uk × canonical-680
    ✗ geometry [element-overlap]: [data-testid="planted-scroll-visible-a"] ↔ [data-testid="planted-scroll-visible-b"] — "Visible-A #569" ↔ "Visible-B #569"
  Planted/ScrollVisibleOverlap × uk × tablet-768
    ✗ geometry [element-overlap]: [data-testid="planted-scroll-visible-a"] ↔ [data-testid="planted-scroll-visible-b"] — "Visible-A #569" ↔ "Visible-B #569"
  Planted/ScrollVisibleOverlap × uk × canonical-810
    ✗ geometry [element-overlap]: [data-testid="planted-scroll-visible-a"] ↔ [data-testid="planted-scroll-visible-b"] — "Visible-A #569" ↔ "Visible-B #569"
  Planted/ScrollVisibleOverlap × uk × canonical-960
    ✗ geometry [element-overlap]: [data-testid="planted-scroll-visible-a"] ↔ [data-testid="planted-scroll-visible-b"] — "Visible-A #569" ↔ "Visible-B #569"
  Planted/ScrollVisibleOverlap × uk × desktop-1024
    ✗ geometry [element-overlap]: [data-testid="planted-scroll-visible-a"] ↔ [data-testid="planted-scroll-visible-b"] — "Visible-A #569" ↔ "Visible-B #569"
  Planted/ScrollVisibleOverlap × uk × canonical-1200
    ✗ geometry [element-overlap]: [data-testid="planted-scroll-visible-a"] ↔ [data-testid="planted-scroll-visible-b"] — "Visible-A #569" ↔ "Visible-B #569"
  Planted/ScrollVisibleOverlap × uk × desktop-1440
    ✗ geometry [element-overlap]: [data-testid="planted-scroll-visible-a"] ↔ [data-testid="planted-scroll-visible-b"] — "Visible-A #569" ↔ "Visible-B #569"
  Planted/ScrollVisibleOverlap × uk × huge-1920
    ✗ geometry [element-overlap]: [data-testid="planted-scroll-visible-a"] ↔ [data-testid="planted-scroll-visible-b"] — "Visible-A #569" ↔ "Visible-B #569"
  Planted/ScrollVisibleOverlap × uk × huge-2560
    ✗ geometry [element-overlap]: [data-testid="planted-scroll-visible-a"] ↔ [data-testid="planted-scroll-visible-b"] — "Visible-A #569" ↔ "Visible-B #569"
  Planted/ScrollVisibleOverlap × it × mobile-320
    ✗ geometry [element-overlap]: [data-testid="planted-scroll-visible-a"] ↔ [data-testid="planted-scroll-visible-b"] — "Visible-A #569" ↔ "Visible-B #569"
  Planted/ScrollVisibleOverlap × it × mobile-375
    ✗ geometry [element-overlap]: [data-testid="planted-scroll-visible-a"] ↔ [data-testid="planted-scroll-visible-b"] — "Visible-A #569" ↔ "Visible-B #569"
  Planted/ScrollVisibleOverlap × it × mobile-390
    ✗ geometry [element-overlap]: [data-testid="planted-scroll-visible-a"] ↔ [data-testid="planted-scroll-visible-b"] — "Visible-A #569" ↔ "Visible-B #569"
  Planted/ScrollVisibleOverlap × it × mobile-480
    ✗ geometry [element-overlap]: [data-testid="planted-scroll-visible-a"] ↔ [data-testid="planted-scroll-visible-b"] — "Visible-A #569" ↔ "Visible-B #569"
  Planted/ScrollVisibleOverlap × it × canonical-560
    ✗ geometry [element-overlap]: [data-testid="planted-scroll-visible-a"] ↔ [data-testid="planted-scroll-visible-b"] — "Visible-A #569" ↔ "Visible-B #569"
  Planted/ScrollVisibleOverlap × it × canonical-680
    ✗ geometry [element-overlap]: [data-testid="planted-scroll-visible-a"] ↔ [data-testid="planted-scroll-visible-b"] — "Visible-A #569" ↔ "Visible-B #569"
  Planted/ScrollVisibleOverlap × it × tablet-768
    ✗ geometry [element-overlap]: [data-testid="planted-scroll-visible-a"] ↔ [data-testid="planted-scroll-visible-b"] — "Visible-A #569" ↔ "Visible-B #569"
  Planted/ScrollVisibleOverlap × it × canonical-810
    ✗ geometry [element-overlap]: [data-testid="planted-scroll-visible-a"] ↔ [data-testid="planted-scroll-visible-b"] — "Visible-A #569" ↔ "Visible-B #569"
  Planted/ScrollVisibleOverlap × it × canonical-960
    ✗ geometry [element-overlap]: [data-testid="planted-scroll-visible-a"] ↔ [data-testid="planted-scroll-visible-b"] — "Visible-A #569" ↔ "Visible-B #569"
  Planted/ScrollVisibleOverlap × it × desktop-1024
    ✗ geometry [element-overlap]: [data-testid="planted-scroll-visible-a"] ↔ [data-testid="planted-scroll-visible-b"] — "Visible-A #569" ↔ "Visible-B #569"
  Planted/ScrollVisibleOverlap × it × canonical-1200
    ✗ geometry [element-overlap]: [data-testid="planted-scroll-visible-a"] ↔ [data-testid="planted-scroll-visible-b"] — "Visible-A #569" ↔ "Visible-B #569"
  Planted/ScrollVisibleOverlap × it × desktop-1440
    ✗ geometry [element-overlap]: [data-testid="planted-scroll-visible-a"] ↔ [data-testid="planted-scroll-visible-b"] — "Visible-A #569" ↔ "Visible-B #569"
  Planted/ScrollVisibleOverlap × it × huge-1920
    ✗ geometry [element-overlap]: [data-testid="planted-scroll-visible-a"] ↔ [data-testid="planted-scroll-visible-b"] — "Visible-A #569" ↔ "Visible-B #569"
  Planted/ScrollVisibleOverlap × it × huge-2560
    ✗ geometry [element-overlap]: [data-testid="planted-scroll-visible-a"] ↔ [data-testid="planted-scroll-visible-b"] — "Visible-A #569" ↔ "Visible-B #569"
  Admin/AdminCurrenciesManager/Form Dialog Mobile Bottom Sheet × sq × mobile-320
    ✗ geometry [offscreen-control]: [data-slot="button"]("Anulo") — Anulo
    ✗ geometry [outside-container]: [data-slot="button"]("Anulo") — Anulo
  Admin/AdminCurrenciesManager/Form Dialog Mobile Bottom Sheet × sq × mobile-375
    ✗ geometry [offscreen-control]: [data-slot="button"]("Anulo") — Anulo
    ✗ geometry [outside-container]: [data-slot="button"]("Anulo") — Anulo
  Admin/AdminCurrenciesManager/Form Dialog Mobile Bottom Sheet × sq × mobile-390
    ✗ geometry [offscreen-control]: [data-slot="button"]("Anulo") — Anulo
    ✗ geometry [outside-container]: [data-slot="button"]("Anulo") — Anulo
  Admin/AdminCurrenciesManager/Form Dialog Mobile Bottom Sheet × en × mobile-320
    ✗ geometry [offscreen-control]: [data-slot="button"]("Cancel") — Cancel
    ✗ geometry [outside-container]: [data-slot="button"]("Cancel") — Cancel
  Admin/AdminCurrenciesManager/Form Dialog Mobile Bottom Sheet × en × mobile-375
    ✗ geometry [offscreen-control]: [data-slot="button"]("Cancel") — Cancel
    ✗ geometry [outside-container]: [data-slot="button"]("Cancel") — Cancel
  Admin/AdminCurrenciesManager/Form Dialog Mobile Bottom Sheet × en × mobile-390
    ✗ geometry [offscreen-control]: [data-slot="button"]("Cancel") — Cancel
    ✗ geometry [outside-container]: [data-slot="button"]("Cancel") — Cancel
  Admin/AdminCurrenciesManager/Form Dialog Mobile Bottom Sheet × uk × mobile-320
    ✗ geometry [offscreen-control]: [data-slot="button"]("Скасувати") — Скасувати
    ✗ geometry [outside-container]: [data-slot="button"]("Скасувати") — Скасувати
  Admin/AdminCurrenciesManager/Form Dialog Mobile Bottom Sheet × uk × mobile-375
    ✗ geometry [offscreen-control]: [data-slot="button"]("Скасувати") — Скасувати
    ✗ geometry [outside-container]: [data-slot="button"]("Скасувати") — Скасувати
  Admin/AdminCurrenciesManager/Form Dialog Mobile Bottom Sheet × uk × mobile-390
    ✗ geometry [offscreen-control]: [data-slot="button"]("Скасувати") — Скасувати
    ✗ geometry [outside-container]: [data-slot="button"]("Скасувати") — Скасувати
  Admin/AdminCurrenciesManager/Form Dialog Mobile Bottom Sheet × it × mobile-320
    ✗ geometry [offscreen-control]: [data-slot="button"]("Annulla") — Annulla
    ✗ geometry [outside-container]: [data-slot="button"]("Annulla") — Annulla
  Admin/AdminCurrenciesManager/Form Dialog Mobile Bottom Sheet × it × mobile-375
    ✗ geometry [offscreen-control]: [data-slot="button"]("Annulla") — Annulla
    ✗ geometry [outside-container]: [data-slot="button"]("Annulla") — Annulla
  Admin/AdminCurrenciesManager/Form Dialog Mobile Bottom Sheet × it × mobile-390
    ✗ geometry [offscreen-control]: [data-slot="button"]("Annulla") — Annulla
    ✗ geometry [outside-container]: [data-slot="button"]("Annulla") — Annulla
  Admin/AdminReportsManager/Locale Stress × sq × mobile-320
    ✗ geometry [offscreen-control]: button("Në shqyrtim") — Në shqyrtim
    ✗ geometry [offscreen-control]: button("Zgjidhur1") — Zgjidhur1
    ✗ geometry [offscreen-control]: button("Refuzuar") — Refuzuar
  Admin/AdminReportsManager/Locale Stress × sq × mobile-375
    ✗ geometry [offscreen-control]: button("Në shqyrtim") — Në shqyrtim
    ✗ geometry [offscreen-control]: button("Zgjidhur1") — Zgjidhur1
    ✗ geometry [offscreen-control]: button("Refuzuar") — Refuzuar
  Admin/AdminReportsManager/Locale Stress × sq × mobile-390
    ✗ geometry [offscreen-control]: button("Zgjidhur1") — Zgjidhur1
    ✗ geometry [offscreen-control]: button("Refuzuar") — Refuzuar
  Admin/AdminReportsManager/Locale Stress × en × mobile-320
    ✗ geometry [offscreen-control]: button("Resolved1") — Resolved1
    ✗ geometry [offscreen-control]: button("Dismissed") — Dismissed
  Admin/AdminReportsManager/Locale Stress × en × mobile-375
    ✗ geometry [offscreen-control]: button("Resolved1") — Resolved1
    ✗ geometry [offscreen-control]: button("Dismissed") — Dismissed
  Admin/AdminReportsManager/Locale Stress × en × mobile-390
    ✗ geometry [offscreen-control]: button("Resolved1") — Resolved1
    ✗ geometry [offscreen-control]: button("Dismissed") — Dismissed
  Admin/AdminReportsManager/Locale Stress × uk × mobile-320
    ✗ geometry [offscreen-control]: button("На розгляді") — На розгляді
    ✗ geometry [offscreen-control]: button("Вирішено1") — Вирішено1
    ✗ geometry [offscreen-control]: button("Відхилено") — Відхилено
  Admin/AdminReportsManager/Locale Stress × uk × mobile-375
    ✗ geometry [offscreen-control]: button("Вирішено1") — Вирішено1
    ✗ geometry [offscreen-control]: button("Відхилено") — Відхилено
  Admin/AdminReportsManager/Locale Stress × uk × mobile-390
    ✗ geometry [offscreen-control]: button("Вирішено1") — Вирішено1
    ✗ geometry [offscreen-control]: button("Відхилено") — Відхилено
  Admin/AdminReportsManager/Locale Stress × it × mobile-320
    ✗ geometry [offscreen-control]: button("In revisione") — In revisione
    ✗ geometry [offscreen-control]: button("Risolte1") — Risolte1
    ✗ geometry [offscreen-control]: button("Rifiutate") — Rifiutate
  Admin/AdminReportsManager/Locale Stress × it × mobile-375
    ✗ geometry [offscreen-control]: button("Risolte1") — Risolte1
    ✗ geometry [offscreen-control]: button("Rifiutate") — Rifiutate
  Admin/AdminReportsManager/Locale Stress × it × mobile-390
    ✗ geometry [offscreen-control]: button("Risolte1") — Risolte1
    ✗ geometry [offscreen-control]: button("Rifiutate") — Rifiutate
  Admin/AdminSidebar/Locale Stress × sq × mobile-320
    ✗ geometry [bottomsheet-overflow]: a("Footer") — Footer
    ✗ geometry [bottomsheet-overflow]: a("Cilësimet e faqes") — Cilësimet e faqes
    ✗ geometry [bottomsheet-overflow]: a("Lejet") — Lejet
  Admin/AdminSidebar/Locale Stress × sq × mobile-375
    ✗ geometry [bottomsheet-overflow]: a("Footer") — Footer
    ✗ geometry [bottomsheet-overflow]: a("Cilësimet e faqes") — Cilësimet e faqes
    ✗ geometry [bottomsheet-overflow]: a("Lejet") — Lejet
  Admin/AdminSidebar/Locale Stress × sq × mobile-390
    ✗ geometry [bottomsheet-overflow]: a("Footer") — Footer
    ✗ geometry [bottomsheet-overflow]: a("Cilësimet e faqes") — Cilësimet e faqes
    ✗ geometry [bottomsheet-overflow]: a("Lejet") — Lejet
  Admin/AdminSidebar/Locale Stress × en × mobile-320
    ✗ geometry [bottomsheet-overflow]: a("Footer") — Footer
    ✗ geometry [bottomsheet-overflow]: a("Site settings") — Site settings
    ✗ geometry [bottomsheet-overflow]: a("Permissions") — Permissions
  Admin/AdminSidebar/Locale Stress × en × mobile-375
    ✗ geometry [bottomsheet-overflow]: a("Footer") — Footer
    ✗ geometry [bottomsheet-overflow]: a("Site settings") — Site settings
    ✗ geometry [bottomsheet-overflow]: a("Permissions") — Permissions
  Admin/AdminSidebar/Locale Stress × en × mobile-390
    ✗ geometry [bottomsheet-overflow]: a("Footer") — Footer
    ✗ geometry [bottomsheet-overflow]: a("Site settings") — Site settings
    ✗ geometry [bottomsheet-overflow]: a("Permissions") — Permissions
  Admin/AdminSidebar/Locale Stress × uk × mobile-320
    ✗ geometry [bottomsheet-overflow]: a("Footer") — Footer
    ✗ geometry [bottomsheet-overflow]: a("Налаштування сайту") — Налаштування сайту
    ✗ geometry [bottomsheet-overflow]: a("Дозволи") — Дозволи
  Admin/AdminSidebar/Locale Stress × uk × mobile-375
    ✗ geometry [bottomsheet-overflow]: a("Footer") — Footer
    ✗ geometry [bottomsheet-overflow]: a("Налаштування сайту") — Налаштування сайту
    ✗ geometry [bottomsheet-overflow]: a("Дозволи") — Дозволи
  Admin/AdminSidebar/Locale Stress × uk × mobile-390
    ✗ geometry [bottomsheet-overflow]: a("Footer") — Footer
    ✗ geometry [bottomsheet-overflow]: a("Налаштування сайту") — Налаштування сайту
    ✗ geometry [bottomsheet-overflow]: a("Дозволи") — Дозволи
  Admin/AdminSidebar/Locale Stress × it × mobile-320
    ✗ geometry [bottomsheet-overflow]: a("Footer") — Footer
    ✗ geometry [bottomsheet-overflow]: a("Impostazioni sito") — Impostazioni sito
    ✗ geometry [bottomsheet-overflow]: a("Permessi") — Permessi
  Admin/AdminSidebar/Locale Stress × it × mobile-375
    ✗ geometry [bottomsheet-overflow]: a("Footer") — Footer
    ✗ geometry [bottomsheet-overflow]: a("Impostazioni sito") — Impostazioni sito
    ✗ geometry [bottomsheet-overflow]: a("Permessi") — Permessi
  Admin/AdminSidebar/Locale Stress × it × mobile-390
    ✗ geometry [bottomsheet-overflow]: a("Footer") — Footer
    ✗ geometry [bottomsheet-overflow]: a("Impostazioni sito") — Impostazioni sito
    ✗ geometry [bottomsheet-overflow]: a("Permessi") — Permessi
  Admin/AdminSupportManager/Empty State × en × mobile-390
    ✗ render failure [blank-canvas]: near-uniform (bg=100.0%, var=0.0)
    ✗ horizontal overflow detected
  Admin/AdminSupportManager/Locale Stress × sq × mobile-320
    ✗ geometry [text-clipped]: [role="button"]("Nuk mund të redaktoj njoftimin") — Nuk mund të redaktoj njoftimin pas publikimitI hapurMbështet
    ✗ geometry [text-clipped]: [role="button"]("Disputa pagese për depozitën e") — Disputa pagese për depozitën e qirasëI zgjidhurMbështetjeAnk
  Admin/AdminSupportManager/Locale Stress × sq × mobile-375
    ✗ geometry [text-clipped]: [role="button"]("Nuk mund të redaktoj njoftimin") — Nuk mund të redaktoj njoftimin pas publikimitI hapurMbështet
  Admin/AdminSupportManager/Locale Stress × sq × mobile-390
    ✗ geometry [text-clipped]: [role="button"]("Nuk mund të redaktoj njoftimin") — Nuk mund të redaktoj njoftimin pas publikimitI hapurMbështet
  Admin/AdminSupportManager/Locale Stress × en × mobile-320
    ✗ geometry [text-clipped]: [role="button"]("Nuk mund të redaktoj njoftimin") — Nuk mund të redaktoj njoftimin pas publikimitOpenSupportRepo
    ✗ geometry [text-clipped]: [role="button"]("Disputa pagese për depozitën e") — Disputa pagese për depozitën e qirasëResolvedSupportReporter
  Admin/AdminSupportManager/Locale Stress × en × mobile-375
    ✗ geometry [text-clipped]: [role="button"]("Nuk mund të redaktoj njoftimin") — Nuk mund të redaktoj njoftimin pas publikimitOpenSupportRepo
  Admin/AdminSupportManager/Locale Stress × en × mobile-390
    ✗ geometry [text-clipped]: [role="button"]("Nuk mund të redaktoj njoftimin") — Nuk mund të redaktoj njoftimin pas publikimitOpenSupportRepo
  Admin/AdminSupportManager/Locale Stress × uk × mobile-320
    ✗ geometry [text-clipped]: [role="button"]("Nuk mund të redaktoj njoftimin") — Nuk mund të redaktoj njoftimin pas publikimitВідкритийПідтри
    ✗ geometry [text-clipped]: [role="button"]("Disputa pagese për depozitën e") — Disputa pagese për depozitën e qirasëВирішенийПідтримкаСкарж
  Admin/AdminSupportManager/Locale Stress × uk × mobile-375
    ✗ geometry [text-clipped]: [role="button"]("Nuk mund të redaktoj njoftimin") — Nuk mund të redaktoj njoftimin pas publikimitВідкритийПідтри
  Admin/AdminSupportManager/Locale Stress × uk × mobile-390
    ✗ geometry [text-clipped]: [role="button"]("Nuk mund të redaktoj njoftimin") — Nuk mund të redaktoj njoftimin pas publikimitВідкритийПідтри
  Admin/AdminSupportManager/Locale Stress × it × mobile-320
    ✗ geometry [text-clipped]: [role="button"]("Nuk mund të redaktoj njoftimin") — Nuk mund të redaktoj njoftimin pas publikimitApertoSupportoS
    ✗ geometry [text-clipped]: [role="button"]("Disputa pagese për depozitën e") — Disputa pagese për depozitën e qirasëRisoltoSupportoSegnalan
  Admin/AdminSupportManager/Locale Stress × it × mobile-375
    ✗ geometry [text-clipped]: [role="button"]("Nuk mund të redaktoj njoftimin") — Nuk mund të redaktoj njoftimin pas publikimitApertoSupportoS
  Admin/AdminSupportManager/Locale Stress × it × mobile-390
    ✗ geometry [text-clipped]: [role="button"]("Nuk mund të redaktoj njoftimin") — Nuk mund të redaktoj njoftimin pas publikimitApertoSupportoS
  Shared/Combobox/Long Label Locale Stress × sq × mobile-320
    ✗ geometry [text-clipped]: button("Në procesim — duke u shqyrtuar") — Në procesim — duke u shqyrtuar nga ekipi i administrimit
  Shared/Combobox/Long Label Locale Stress × sq × mobile-375
    ✗ geometry [text-clipped]: button("Në procesim — duke u shqyrtuar") — Në procesim — duke u shqyrtuar nga ekipi i administrimit
  Shared/Combobox/Long Label Locale Stress × sq × mobile-390
    ✗ geometry [text-clipped]: button("Në procesim — duke u shqyrtuar") — Në procesim — duke u shqyrtuar nga ekipi i administrimit
  Shared/Combobox/Long Label Locale Stress × en × mobile-320
    ✗ geometry [text-clipped]: button("In progress — under administra") — In progress — under administrator review
  Shared/Combobox/Long Label Locale Stress × en × mobile-375
    ✗ geometry [text-clipped]: button("In progress — under administra") — In progress — under administrator review
  Shared/Combobox/Long Label Locale Stress × en × mobile-390
    ✗ geometry [text-clipped]: button("In progress — under administra") — In progress — under administrator review
  Shared/Combobox/Long Label Locale Stress × it × mobile-320
    ✗ geometry [text-clipped]: button("In lavorazione — in revisione ") — In lavorazione — in revisione dall’amministratore
  Shared/Combobox/Long Label Locale Stress × it × mobile-375
    ✗ geometry [text-clipped]: button("In lavorazione — in revisione ") — In lavorazione — in revisione dall’amministratore
  Shared/Combobox/Long Label Locale Stress × it × mobile-390
    ✗ geometry [text-clipped]: button("In lavorazione — in revisione ") — In lavorazione — in revisione dall’amministratore
  Primitives/PasswordInput/With Hint Idle × sq × mobile-320
    ✗ horizontal overflow detected
    ✗ geometry [offscreen-control]: #story-pass — (empty)
    ✗ geometry [offscreen-control]: button — Shfaq fjalëkalimin
    ✗ geometry [offscreen-control]: [data-slot="button"]("Cakto fjalëkalimin") — Cakto fjalëkalimin
  Primitives/PasswordInput/With Hint Idle × en × mobile-320
    ✗ horizontal overflow detected
    ✗ geometry [offscreen-control]: #story-pass — (empty)
    ✗ geometry [offscreen-control]: button — Show password
    ✗ geometry [offscreen-control]: [data-slot="button"]("Set password") — Set password
  Primitives/PasswordInput/With Hint Idle × uk × mobile-320
    ✗ horizontal overflow detected
    ✗ geometry [offscreen-control]: #story-pass — (empty)
    ✗ geometry [offscreen-control]: button — Показати пароль
    ✗ geometry [offscreen-control]: [data-slot="button"]("Встановити пароль") — Встановити пароль
  Primitives/PasswordInput/With Hint Idle × it × mobile-320
    ✗ horizontal overflow detected
    ✗ geometry [offscreen-control]: #story-pass — (empty)
    ✗ geometry [offscreen-control]: button — Mostra password
    ✗ geometry [offscreen-control]: [data-slot="button"]("Imposta password") — Imposta password
  Primitives/PasswordInput/With Hint All Rules Met × sq × mobile-320
    ✗ horizontal overflow detected
    ✗ geometry [offscreen-control]: #story-pass-ok — (empty)
    ✗ geometry [offscreen-control]: button — Shfaq fjalëkalimin
    ✗ geometry [offscreen-control]: [data-slot="button"]("Cakto fjalëkalimin") — Cakto fjalëkalimin
  Primitives/PasswordInput/With Hint All Rules Met × en × mobile-320
    ✗ horizontal overflow detected
    ✗ geometry [offscreen-control]: #story-pass-ok — (empty)
    ✗ geometry [offscreen-control]: button — Show password
    ✗ geometry [offscreen-control]: [data-slot="button"]("Set password") — Set password
  Primitives/PasswordInput/With Hint All Rules Met × uk × mobile-320
    ✗ horizontal overflow detected
    ✗ geometry [offscreen-control]: #story-pass-ok — (empty)
    ✗ geometry [offscreen-control]: button — Показати пароль
    ✗ geometry [offscreen-control]: [data-slot="button"]("Встановити пароль") — Встановити пароль
  Primitives/PasswordInput/With Hint All Rules Met × it × mobile-320
    ✗ horizontal overflow detected
    ✗ geometry [offscreen-control]: #story-pass-ok — (empty)
    ✗ geometry [offscreen-control]: button — Mostra password
    ✗ geometry [offscreen-control]: [data-slot="button"]("Imposta password") — Imposta password
  Primitives/Button/With Icon × sq × mobile-320
    ✗ render failure [loader-only]: spinner/loader still present at readiness timeout
    ✗ horizontal overflow detected
  Primitives/Button/With Icon × sq × mobile-375
    ✗ render failure [loader-only]: spinner/loader still present at readiness timeout
    ✗ horizontal overflow detected
  Primitives/Button/With Icon × sq × mobile-390
    ✗ render failure [loader-only]: spinner/loader still present at readiness timeout
    ✗ horizontal overflow detected
  Primitives/Button/With Icon × en × mobile-320
    ✗ render failure [loader-only]: spinner/loader still present at readiness timeout
    ✗ horizontal overflow detected
  Primitives/Button/With Icon × en × mobile-375
    ✗ render failure [loader-only]: spinner/loader still present at readiness timeout
    ✗ horizontal overflow detected
  Primitives/Button/With Icon × en × mobile-390
    ✗ render failure [loader-only]: spinner/loader still present at readiness timeout
    ✗ horizontal overflow detected
  Primitives/Button/With Icon × uk × mobile-320
    ✗ render failure [loader-only]: spinner/loader still present at readiness timeout
    ✗ horizontal overflow detected
  Primitives/Button/With Icon × uk × mobile-375
    ✗ render failure [loader-only]: spinner/loader still present at readiness timeout
    ✗ horizontal overflow detected
  Primitives/Button/With Icon × uk × mobile-390
    ✗ render failure [loader-only]: spinner/loader still present at readiness timeout
    ✗ horizontal overflow detected
  Primitives/Button/With Icon × it × mobile-320
    ✗ render failure [loader-only]: spinner/loader still present at readiness timeout
    ✗ horizontal overflow detected
  Primitives/Button/With Icon × it × mobile-375
    ✗ render failure [loader-only]: spinner/loader still present at readiness timeout
    ✗ horizontal overflow detected
  Primitives/Button/With Icon × it × mobile-390
    ✗ render failure [loader-only]: spinner/loader still present at readiness timeout
    ✗ horizontal overflow detected
  Primitives/Button/Control Row Rhythm Inline × en × mobile-320
    ✗ render failure [blank-canvas]: near-uniform (bg=100.0%, var=0.0)
    ✗ horizontal overflow detected
  Primitives/Dialog/Long Content × en × mobile-375
    ✗ render failure [blank-canvas]: near-uniform (bg=100.0%, var=0.0)
    ✗ horizontal overflow detected
  Primitives/Input/Locale Placeholders × sq × mobile-320
    ✗ horizontal overflow detected
    ✗ geometry [offscreen-control]: #base-ui-_r_1_ — (empty)
    ✗ geometry [offscreen-control]: #base-ui-_r_2_ — (empty)
    ✗ geometry [offscreen-control]: #base-ui-_r_3_ — (empty)
    ✗ geometry [offscreen-control]: #base-ui-_r_4_ — (empty)
  Primitives/Input/Locale Placeholders × en × mobile-320
    ✗ horizontal overflow detected
    ✗ geometry [offscreen-control]: #base-ui-_r_1_ — (empty)
    ✗ geometry [offscreen-control]: #base-ui-_r_2_ — (empty)
    ✗ geometry [offscreen-control]: #base-ui-_r_3_ — (empty)
    ✗ geometry [offscreen-control]: #base-ui-_r_4_ — (empty)
  Primitives/Input/Locale Placeholders × uk × mobile-320
    ✗ horizontal overflow detected
    ✗ geometry [offscreen-control]: #base-ui-_r_1_ — (empty)
    ✗ geometry [offscreen-control]: #base-ui-_r_2_ — (empty)
    ✗ geometry [offscreen-control]: #base-ui-_r_3_ — (empty)
    ✗ geometry [offscreen-control]: #base-ui-_r_4_ — (empty)
  Primitives/Input/Locale Placeholders × it × mobile-320
    ✗ horizontal overflow detected
    ✗ geometry [offscreen-control]: #base-ui-_r_1_ — (empty)
    ✗ geometry [offscreen-control]: #base-ui-_r_2_ — (empty)
    ✗ geometry [offscreen-control]: #base-ui-_r_3_ — (empty)
    ✗ geometry [offscreen-control]: #base-ui-_r_4_ — (empty)
  Primitives/Input/Phone Numeric Validation × sq × mobile-320
    ✗ horizontal overflow detected
    ✗ geometry [offscreen-control]: #base-ui-_r_1_ — (empty)
    ✗ geometry [offscreen-control]: #base-ui-_r_2_ — (empty)
  Primitives/Input/Phone Numeric Validation × en × mobile-320
    ✗ horizontal overflow detected
    ✗ geometry [offscreen-control]: #base-ui-_r_1_ — (empty)
    ✗ geometry [offscreen-control]: #base-ui-_r_2_ — (empty)
  Primitives/Input/Phone Numeric Validation × uk × mobile-320
    ✗ horizontal overflow detected
    ✗ geometry [offscreen-control]: #base-ui-_r_1_ — (empty)
    ✗ geometry [offscreen-control]: #base-ui-_r_2_ — (empty)
  Primitives/Input/Phone Numeric Validation × it × mobile-320
    ✗ horizontal overflow detected
    ✗ geometry [offscreen-control]: #base-ui-_r_1_ — (empty)
    ✗ geometry [offscreen-control]: #base-ui-_r_2_ — (empty)
  Primitives/Select/Long Label Locale Stress × sq × mobile-320
    ✗ geometry [text-clipped]: #base-ui-_r_1_ — Në procesim — duke u shqyrtuar nga ekipi i administrimit▼
  Primitives/Select/Long Label Locale Stress × sq × mobile-375
    ✗ geometry [text-clipped]: #base-ui-_r_1_ — Në procesim — duke u shqyrtuar nga ekipi i administrimit▼
  Primitives/Select/Long Label Locale Stress × sq × mobile-390
    ✗ geometry [text-clipped]: #base-ui-_r_1_ — Në procesim — duke u shqyrtuar nga ekipi i administrimit▼
  Primitives/Select/Long Label Locale Stress × en × mobile-320
    ✗ geometry [text-clipped]: #base-ui-_r_1_ — In progress — being reviewed by the administration team▼
  Primitives/Select/Long Label Locale Stress × en × mobile-375
    ✗ geometry [text-clipped]: #base-ui-_r_1_ — In progress — being reviewed by the administration team▼
  Primitives/Select/Long Label Locale Stress × en × mobile-390
    ✗ geometry [text-clipped]: #base-ui-_r_1_ — In progress — being reviewed by the administration team▼
  Primitives/Select/Long Label Locale Stress × uk × mobile-320
    ✗ geometry [text-clipped]: #base-ui-_r_1_ — В обробці — перевіряється командою адміністраторів▼
  Primitives/Select/Long Label Locale Stress × uk × mobile-375
    ✗ geometry [text-clipped]: #base-ui-_r_1_ — В обробці — перевіряється командою адміністраторів▼
  Primitives/Select/Long Label Locale Stress × uk × mobile-390
    ✗ geometry [text-clipped]: #base-ui-_r_1_ — В обробці — перевіряється командою адміністраторів▼
  Primitives/Select/Long Label Locale Stress × it × mobile-320
    ✗ geometry [text-clipped]: #base-ui-_r_1_ — In lavorazione — in revisione dal team di amministrazione▼
  Primitives/Select/Long Label Locale Stress × it × mobile-375
    ✗ geometry [text-clipped]: #base-ui-_r_1_ — In lavorazione — in revisione dal team di amministrazione▼
  Primitives/Select/Long Label Locale Stress × it × mobile-390
    ✗ geometry [text-clipped]: #base-ui-_r_1_ — In lavorazione — in revisione dal team di amministrazione▼
  Primitives/Skeleton/Listing Grid Skeleton × sq × mobile-320
    ✗ render failure [loader-only]: spinner/loader still present at readiness timeout
    ✗ horizontal overflow detected
  Primitives/Skeleton/Listing Grid Skeleton × sq × mobile-375
    ✗ render failure [loader-only]: spinner/loader still present at readiness timeout
    ✗ horizontal overflow detected
  Primitives/Skeleton/Listing Grid Skeleton × sq × mobile-390
    ✗ render failure [loader-only]: spinner/loader still present at readiness timeout
    ✗ horizontal overflow detected
  Primitives/Skeleton/Listing Grid Skeleton × en × mobile-320
    ✗ render failure [loader-only]: spinner/loader still present at readiness timeout
    ✗ horizontal overflow detected
  Primitives/Skeleton/Listing Grid Skeleton × en × mobile-375
    ✗ render failure [loader-only]: spinner/loader still present at readiness timeout
    ✗ horizontal overflow detected
  Primitives/Skeleton/Listing Grid Skeleton × en × mobile-390
    ✗ render failure [loader-only]: spinner/loader still present at readiness timeout
    ✗ horizontal overflow detected
  Primitives/Skeleton/Listing Grid Skeleton × uk × mobile-320
    ✗ render failure [loader-only]: spinner/loader still present at readiness timeout
    ✗ horizontal overflow detected
  Primitives/Skeleton/Listing Grid Skeleton × uk × mobile-375
    ✗ render failure [loader-only]: spinner/loader still present at readiness timeout
    ✗ horizontal overflow detected
  Primitives/Skeleton/Listing Grid Skeleton × uk × mobile-390
    ✗ render failure [loader-only]: spinner/loader still present at readiness timeout
    ✗ horizontal overflow detected
  Primitives/Skeleton/Listing Grid Skeleton × it × mobile-320
    ✗ render failure [loader-only]: spinner/loader still present at readiness timeout
    ✗ horizontal overflow detected
  Primitives/Skeleton/Listing Grid Skeleton × it × mobile-375
    ✗ render failure [loader-only]: spinner/loader still present at readiness timeout
    ✗ horizontal overflow detected
  Primitives/Skeleton/Listing Grid Skeleton × it × mobile-390
    ✗ render failure [loader-only]: spinner/loader still present at readiness timeout
    ✗ horizontal overflow detected
  Primitives/Skeleton/Admin Card Skeleton × sq × mobile-320
    ✗ render failure [loader-only]: spinner/loader still present at readiness timeout
    ✗ horizontal overflow detected
  Primitives/Skeleton/Admin Card Skeleton × sq × mobile-375
    ✗ render failure [loader-only]: spinner/loader still present at readiness timeout
    ✗ horizontal overflow detected
  Primitives/Skeleton/Admin Card Skeleton × sq × mobile-390
    ✗ render failure [loader-only]: spinner/loader still present at readiness timeout
    ✗ horizontal overflow detected
  Primitives/Skeleton/Admin Card Skeleton × en × mobile-320
    ✗ render failure [loader-only]: spinner/loader still present at readiness timeout
    ✗ horizontal overflow detected
  Primitives/Skeleton/Admin Card Skeleton × en × mobile-375
    ✗ render failure [loader-only]: spinner/loader still present at readiness timeout
    ✗ horizontal overflow detected
  Primitives/Skeleton/Admin Card Skeleton × en × mobile-390
    ✗ render failure [loader-only]: spinner/loader still present at readiness timeout
    ✗ horizontal overflow detected
  Primitives/Skeleton/Admin Card Skeleton × uk × mobile-320
    ✗ render failure [loader-only]: spinner/loader still present at readiness timeout
    ✗ horizontal overflow detected
  Primitives/Skeleton/Admin Card Skeleton × uk × mobile-375
    ✗ render failure [loader-only]: spinner/loader still present at readiness timeout
    ✗ horizontal overflow detected
  Primitives/Skeleton/Admin Card Skeleton × uk × mobile-390
    ✗ render failure [loader-only]: spinner/loader still present at readiness timeout
    ✗ horizontal overflow detected
  Primitives/Skeleton/Admin Card Skeleton × it × mobile-320
    ✗ render failure [loader-only]: spinner/loader still present at readiness timeout
    ✗ horizontal overflow detected
  Primitives/Skeleton/Admin Card Skeleton × it × mobile-375
    ✗ render failure [loader-only]: spinner/loader still present at readiness timeout
    ✗ horizontal overflow detected
  Primitives/Skeleton/Admin Card Skeleton × it × mobile-390
    ✗ render failure [loader-only]: spinner/loader still present at readiness timeout
    ✗ horizontal overflow detected
  Primitives/Tabs/With Long Locale Labels × sq × mobile-320
    ✗ geometry [offscreen-control]: #base-ui-_r_3_ — Profili
  Primitives/Tabs/With Long Locale Labels × uk × mobile-320
    ✗ geometry [offscreen-control]: #base-ui-_r_2_ — Збережені пошуки
    ✗ geometry [offscreen-control]: #base-ui-_r_3_ — Профіль
  Primitives/Tabs/With Long Locale Labels × uk × mobile-375
    ✗ geometry [offscreen-control]: #base-ui-_r_3_ — Профіль
  Primitives/Tabs/With Long Locale Labels × uk × mobile-390
    ✗ geometry [offscreen-control]: #base-ui-_r_3_ — Профіль
  Primitives/Tabs/With Long Locale Labels × it × mobile-320
    ✗ geometry [offscreen-control]: #base-ui-_r_3_ — Profilo
  Primitives/Tabs/Mobile Scroll × sq × mobile-320
    ✗ geometry [offscreen-control]: #base-ui-_r_4_ — Projekte
    ✗ geometry [offscreen-control]: #base-ui-_r_5_ — Arkivuara
    ✗ geometry [offscreen-control]: #base-ui-_r_8_ — Cilësitë e profilit
  Primitives/Tabs/Mobile Scroll × sq × mobile-375
    ✗ geometry [offscreen-control]: #base-ui-_r_5_ — Arkivuara
    ✗ geometry [offscreen-control]: #base-ui-_r_8_ — Cilësitë e profilit
  Primitives/Tabs/Mobile Scroll × sq × mobile-390
    ✗ geometry [offscreen-control]: #base-ui-_r_5_ — Arkivuara
    ✗ geometry [offscreen-control]: #base-ui-_r_8_ — Cilësitë e profilit
  Primitives/Tabs/Mobile Scroll × en × mobile-320
    ✗ geometry [offscreen-control]: #base-ui-_r_5_ — Archived
    ✗ geometry [offscreen-control]: #base-ui-_r_8_ — Profile settings
  Primitives/Tabs/Mobile Scroll × uk × mobile-320
    ✗ geometry [offscreen-control]: #base-ui-_r_4_ — Чернетки
    ✗ geometry [offscreen-control]: #base-ui-_r_5_ — Архів
    ✗ geometry [offscreen-control]: #base-ui-_r_7_ — Збережені пошуки
    ✗ geometry [offscreen-control]: #base-ui-_r_8_ — Налаштування профілю
  Primitives/Tabs/Mobile Scroll × uk × mobile-375
    ✗ geometry [offscreen-control]: #base-ui-_r_5_ — Архів
    ✗ geometry [offscreen-control]: #base-ui-_r_8_ — Налаштування профілю
  Primitives/Tabs/Mobile Scroll × uk × mobile-390
    ✗ geometry [offscreen-control]: #base-ui-_r_5_ — Архів
    ✗ geometry [offscreen-control]: #base-ui-_r_8_ — Налаштування профілю
  Primitives/Tabs/Mobile Scroll × it × mobile-320
    ✗ geometry [offscreen-control]: #base-ui-_r_5_ — Archiviate
    ✗ geometry [offscreen-control]: #base-ui-_r_8_ — Impostazioni profilo
  Primitives/Tabs/Mobile Scroll × it × mobile-375
    ✗ geometry [offscreen-control]: #base-ui-_r_8_ — Impostazioni profilo
  Primitives/Tabs/Mobile Scroll × it × mobile-390
    ✗ geometry [offscreen-control]: #base-ui-_r_8_ — Impostazioni profilo
  Notifications/NotificationItem/All Cases × sq × mobile-320
    ✗ horizontal overflow detected
    ✗ geometry [offscreen-control]: a("🔔Kërkim i ruajtur: Apartament") — 🔔Kërkim i ruajtur: Apartament 2+1 Tiranë, Qendër, deri 120,
    ✗ geometry [offscreen-control]: [role="button"]("🔔Kërkim i ruajtur: Apartament") — 🔔Kërkim i ruajtur: Apartament 2+1 Tiranë, Qendër, deri 120,
    ✗ geometry [offscreen-control]: a("💰Ndryshim çmimi: Vilë private") — 💰Ndryshim çmimi: Vilë private me oborr dhe pishinë, Durrës1
    ✗ geometry [offscreen-control]: [role="button"]("🎧Ankesë për llogarinë tuajAdm") — 🎧Ankesë për llogarinë tuajAdministratori ka hapur një ankes
    ✗ geometry [offscreen-control]: a("🔔Kërkim i ruajtur: Tokë / Tru") — 🔔Kërkim i ruajtur: Tokë / Truall Vlorë7 njoftime të reja pë
    ✗ geometry [offscreen-control]: [role="button"]("🔔Kërkim i ruajtur: Tokë / Tru") — 🔔Kërkim i ruajtur: Tokë / Truall Vlorë7 njoftime të reja pë
    ✗ geometry [offscreen-control]: a("🏠Statusi i listimit u ndryshu") — 🏠Statusi i listimit u ndryshuaNën shqyrtim → Aktivmë pak se
    ✗ geometry [outside-container]: a("🔔Kërkim i ruajtur: Tokë / Tru") — 🔔Kërkim i ruajtur: Tokë / Truall Vlorë7 njoftime të reja pë
    ✗ geometry [outside-container]: [role="button"]("🔔Kërkim i ruajtur: Tokë / Tru") — 🔔Kërkim i ruajtur: Tokë / Truall Vlorë7 njoftime të reja pë
    ✗ geometry [outside-container]: a("🏠Statusi i listimit u ndryshu") — 🏠Statusi i listimit u ndryshuaNën shqyrtim → Aktivmë pak se
  Notifications/NotificationItem/All Cases × sq × mobile-375
    ✗ geometry [outside-container]: a("🔔Kërkim i ruajtur: Tokë / Tru") — 🔔Kërkim i ruajtur: Tokë / Truall Vlorë7 njoftime të reja pë
    ✗ geometry [outside-container]: [role="button"]("🔔Kërkim i ruajtur: Tokë / Tru") — 🔔Kërkim i ruajtur: Tokë / Truall Vlorë7 njoftime të reja pë
    ✗ geometry [outside-container]: a("🏠Statusi i listimit u ndryshu") — 🏠Statusi i listimit u ndryshuaNën shqyrtim → Aktivmë pak se
  Notifications/NotificationItem/All Cases × sq × mobile-390
    ✗ geometry [outside-container]: a("🔔Kërkim i ruajtur: Tokë / Tru") — 🔔Kërkim i ruajtur: Tokë / Truall Vlorë7 njoftime të reja pë
    ✗ geometry [outside-container]: [role="button"]("🔔Kërkim i ruajtur: Tokë / Tru") — 🔔Kërkim i ruajtur: Tokë / Truall Vlorë7 njoftime të reja pë
    ✗ geometry [outside-container]: a("🏠Statusi i listimit u ndryshu") — 🏠Statusi i listimit u ndryshuaNën shqyrtim → Aktivmë pak se
  Notifications/NotificationItem/All Cases × en × mobile-320
    ✗ horizontal overflow detected
    ✗ geometry [offscreen-control]: a("🔔Saved search: Apartament 2+1") — 🔔Saved search: Apartament 2+1 Tiranë, Qendër, deri 120,000 
    ✗ geometry [offscreen-control]: [role="button"]("🔔Saved search: Apartament 2+1") — 🔔Saved search: Apartament 2+1 Tiranë, Qendër, deri 120,000 
    ✗ geometry [offscreen-control]: a("💰Price change: Vilë private m") — 💰Price change: Vilë private me oborr dhe pishinë, Durrës180
    ✗ geometry [offscreen-control]: [role="button"]("🎧A complaint about your accou") — 🎧A complaint about your accountAn administrator has opened 
    ✗ geometry [offscreen-control]: a("🔔Kërkim i ruajtur: Tokë / Tru") — 🔔Kërkim i ruajtur: Tokë / Truall Vlorë7 new listings match 
    ✗ geometry [offscreen-control]: [role="button"]("🔔Kërkim i ruajtur: Tokë / Tru") — 🔔Kërkim i ruajtur: Tokë / Truall Vlorë7 new listings match 
    ✗ geometry [offscreen-control]: a("🏠Statusi i listimit u ndryshu") — 🏠Statusi i listimit u ndryshuaUnder review → Activeless tha
    ✗ geometry [outside-container]: a("🔔Kërkim i ruajtur: Tokë / Tru") — 🔔Kërkim i ruajtur: Tokë / Truall Vlorë7 new listings match 
    ✗ geometry [outside-container]: [role="button"]("🔔Kërkim i ruajtur: Tokë / Tru") — 🔔Kërkim i ruajtur: Tokë / Truall Vlorë7 new listings match 
    ✗ geometry [outside-container]: a("🏠Statusi i listimit u ndryshu") — 🏠Statusi i listimit u ndryshuaUnder review → Activeless tha
  Notifications/NotificationItem/All Cases × en × mobile-375
    ✗ geometry [outside-container]: a("🔔Kërkim i ruajtur: Tokë / Tru") — 🔔Kërkim i ruajtur: Tokë / Truall Vlorë7 new listings match 
    ✗ geometry [outside-container]: [role="button"]("🔔Kërkim i ruajtur: Tokë / Tru") — 🔔Kërkim i ruajtur: Tokë / Truall Vlorë7 new listings match 
    ✗ geometry [outside-container]: a("🏠Statusi i listimit u ndryshu") — 🏠Statusi i listimit u ndryshuaUnder review → Activeless tha
  Notifications/NotificationItem/All Cases × en × mobile-390
    ✗ geometry [outside-container]: a("🔔Kërkim i ruajtur: Tokë / Tru") — 🔔Kërkim i ruajtur: Tokë / Truall Vlorë7 new listings match 
    ✗ geometry [outside-container]: [role="button"]("🔔Kërkim i ruajtur: Tokë / Tru") — 🔔Kërkim i ruajtur: Tokë / Truall Vlorë7 new listings match 
    ✗ geometry [outside-container]: a("🏠Statusi i listimit u ndryshu") — 🏠Statusi i listimit u ndryshuaUnder review → Activeless tha
  Notifications/NotificationItem/All Cases × uk × mobile-320
    ✗ horizontal overflow detected
    ✗ geometry [offscreen-control]: a("🔔Збережений пошук: Apartament") — 🔔Збережений пошук: Apartament 2+1 Tiranë, Qendër, deri 120,
    ✗ geometry [offscreen-control]: [role="button"]("🔔Збережений пошук: Apartament") — 🔔Збережений пошук: Apartament 2+1 Tiranë, Qendër, deri 120,
    ✗ geometry [offscreen-control]: a("💰Зміна ціни: Vilë private me ") — 💰Зміна ціни: Vilë private me oborr dhe pishinë, Durrës180 0
    ✗ geometry [offscreen-control]: [role="button"]("🎧Скарга на ваш акаунтАдмініст") — 🎧Скарга на ваш акаунтАдміністратор відкрив скаргу щодо вашо
    ✗ geometry [offscreen-control]: a("🔔Kërkim i ruajtur: Tokë / Tru") — 🔔Kërkim i ruajtur: Tokë / Truall Vlorë7 нових оголошень від
    ✗ geometry [offscreen-control]: [role="button"]("🔔Kërkim i ruajtur: Tokë / Tru") — 🔔Kërkim i ruajtur: Tokë / Truall Vlorë7 нових оголошень від
    ✗ geometry [offscreen-control]: a("🏠Statusi i listimit u ndryshu") — 🏠Statusi i listimit u ndryshuaНа модерації → Активнеменше х
    ✗ geometry [outside-container]: a("🔔Kërkim i ruajtur: Tokë / Tru") — 🔔Kërkim i ruajtur: Tokë / Truall Vlorë7 нових оголошень від
    ✗ geometry [outside-container]: [role="button"]("🔔Kërkim i ruajtur: Tokë / Tru") — 🔔Kërkim i ruajtur: Tokë / Truall Vlorë7 нових оголошень від
    ✗ geometry [outside-container]: a("🏠Statusi i listimit u ndryshu") — 🏠Statusi i listimit u ndryshuaНа модерації → Активнеменше х
  Notifications/NotificationItem/All Cases × uk × mobile-375
    ✗ geometry [outside-container]: a("🔔Kërkim i ruajtur: Tokë / Tru") — 🔔Kërkim i ruajtur: Tokë / Truall Vlorë7 нових оголошень від
    ✗ geometry [outside-container]: [role="button"]("🔔Kërkim i ruajtur: Tokë / Tru") — 🔔Kërkim i ruajtur: Tokë / Truall Vlorë7 нових оголошень від
    ✗ geometry [outside-container]: a("🏠Statusi i listimit u ndryshu") — 🏠Statusi i listimit u ndryshuaНа модерації → Активнеменше х
  Notifications/NotificationItem/All Cases × uk × mobile-390
    ✗ geometry [outside-container]: a("🔔Kërkim i ruajtur: Tokë / Tru") — 🔔Kërkim i ruajtur: Tokë / Truall Vlorë7 нових оголошень від
    ✗ geometry [outside-container]: [role="button"]("🔔Kërkim i ruajtur: Tokë / Tru") — 🔔Kërkim i ruajtur: Tokë / Truall Vlorë7 нових оголошень від
    ✗ geometry [outside-container]: a("🏠Statusi i listimit u ndryshu") — 🏠Statusi i listimit u ndryshuaНа модерації → Активнеменше х
  Notifications/NotificationItem/All Cases × it × mobile-320
    ✗ horizontal overflow detected
    ✗ geometry [offscreen-control]: a("🔔Ricerca salvata: Apartament ") — 🔔Ricerca salvata: Apartament 2+1 Tiranë, Qendër, deri 120,0
    ✗ geometry [offscreen-control]: [role="button"]("🔔Ricerca salvata: Apartament ") — 🔔Ricerca salvata: Apartament 2+1 Tiranë, Qendër, deri 120,0
    ✗ geometry [offscreen-control]: a("💰Variazione prezzo: Vilë priv") — 💰Variazione prezzo: Vilë private me oborr dhe pishinë, Durr
    ✗ geometry [offscreen-control]: [role="button"]("🎧Un reclamo sul tuo accountUn") — 🎧Un reclamo sul tuo accountUn amministratore ha aperto un r
    ✗ geometry [offscreen-control]: a("🔔Kërkim i ruajtur: Tokë / Tru") — 🔔Kërkim i ruajtur: Tokë / Truall Vlorë7 nuovi annunci corri
    ✗ geometry [offscreen-control]: [role="button"]("🔔Kërkim i ruajtur: Tokë / Tru") — 🔔Kërkim i ruajtur: Tokë / Truall Vlorë7 nuovi annunci corri
    ✗ geometry [offscreen-control]: a("🏠Statusi i listimit u ndryshu") — 🏠Statusi i listimit u ndryshuaIn revisione → Attivomeno di 
    ✗ geometry [outside-container]: a("🔔Kërkim i ruajtur: Tokë / Tru") — 🔔Kërkim i ruajtur: Tokë / Truall Vlorë7 nuovi annunci corri
    ✗ geometry [outside-container]: [role="button"]("🔔Kërkim i ruajtur: Tokë / Tru") — 🔔Kërkim i ruajtur: Tokë / Truall Vlorë7 nuovi annunci corri
    ✗ geometry [outside-container]: a("🏠Statusi i listimit u ndryshu") — 🏠Statusi i listimit u ndryshuaIn revisione → Attivomeno di 
  Notifications/NotificationItem/All Cases × it × mobile-375
    ✗ geometry [outside-container]: a("🔔Kërkim i ruajtur: Tokë / Tru") — 🔔Kërkim i ruajtur: Tokë / Truall Vlorë7 nuovi annunci corri
    ✗ geometry [outside-container]: [role="button"]("🔔Kërkim i ruajtur: Tokë / Tru") — 🔔Kërkim i ruajtur: Tokë / Truall Vlorë7 nuovi annunci corri
    ✗ geometry [outside-container]: a("🏠Statusi i listimit u ndryshu") — 🏠Statusi i listimit u ndryshuaIn revisione → Attivomeno di 
  Notifications/NotificationItem/All Cases × it × mobile-390
    ✗ geometry [outside-container]: a("🔔Kërkim i ruajtur: Tokë / Tru") — 🔔Kërkim i ruajtur: Tokë / Truall Vlorë7 nuovi annunci corri
    ✗ geometry [outside-container]: [role="button"]("🔔Kërkim i ruajtur: Tokë / Tru") — 🔔Kërkim i ruajtur: Tokë / Truall Vlorë7 nuovi annunci corri
    ✗ geometry [outside-container]: a("🏠Statusi i listimit u ndryshu") — 🏠Statusi i listimit u ndryshuaIn revisione → Attivomeno di 
  System/AdminLayout/Admin Table Wrapper × sq × mobile-320
    ✗ geometry [text-clipped]: [data-slot="button"]("Shto përdorues") — Shto përdorues
    ✗ geometry [text-clipped]: [data-slot="button"]("Ndrysho") — Ndrysho
    ✗ geometry [text-clipped]: [data-slot="button"]("Ndrysho") — Ndrysho
    ✗ geometry [text-clipped]: [data-slot="button"]("Ndrysho") — Ndrysho
    ✗ geometry [offscreen-control]: [data-slot="button"]("Shto përdorues") — Shto përdorues
    ✗ geometry [offscreen-control]: [data-slot="button"]("Ndrysho") — Ndrysho
    ✗ geometry [offscreen-control]: [data-slot="button"]("Ndrysho") — Ndrysho
    ✗ geometry [offscreen-control]: [data-slot="button"]("Ndrysho") — Ndrysho
  System/AdminLayout/Admin Table Wrapper × sq × mobile-375
    ✗ geometry [text-clipped]: [data-slot="button"]("Shto përdorues") — Shto përdorues
    ✗ geometry [text-clipped]: [data-slot="button"]("Ndrysho") — Ndrysho
    ✗ geometry [text-clipped]: [data-slot="button"]("Ndrysho") — Ndrysho
    ✗ geometry [text-clipped]: [data-slot="button"]("Ndrysho") — Ndrysho
    ✗ geometry [offscreen-control]: [data-slot="button"]("Shto përdorues") — Shto përdorues
    ✗ geometry [offscreen-control]: [data-slot="button"]("Ndrysho") — Ndrysho
    ✗ geometry [offscreen-control]: [data-slot="button"]("Ndrysho") — Ndrysho
    ✗ geometry [offscreen-control]: [data-slot="button"]("Ndrysho") — Ndrysho
  System/AdminLayout/Admin Table Wrapper × sq × mobile-390
    ✗ geometry [text-clipped]: [data-slot="button"]("Shto përdorues") — Shto përdorues
    ✗ geometry [text-clipped]: [data-slot="button"]("Ndrysho") — Ndrysho
    ✗ geometry [text-clipped]: [data-slot="button"]("Ndrysho") — Ndrysho
    ✗ geometry [text-clipped]: [data-slot="button"]("Ndrysho") — Ndrysho
    ✗ geometry [offscreen-control]: [data-slot="button"]("Shto përdorues") — Shto përdorues
  System/AdminLayout/Admin Table Wrapper × en × mobile-320
    ✗ geometry [text-clipped]: [data-slot="button"]("Add user") — Add user
    ✗ geometry [text-clipped]: [data-slot="button"]("Edit") — Edit
    ✗ geometry [text-clipped]: [data-slot="button"]("Edit") — Edit
    ✗ geometry [text-clipped]: [data-slot="button"]("Edit") — Edit
    ✗ geometry [offscreen-control]: [data-slot="button"]("Add user") — Add user
  System/AdminLayout/Admin Table Wrapper × en × mobile-375
    ✗ geometry [text-clipped]: [data-slot="button"]("Add user") — Add user
    ✗ geometry [text-clipped]: [data-slot="button"]("Edit") — Edit
    ✗ geometry [text-clipped]: [data-slot="button"]("Edit") — Edit
    ✗ geometry [text-clipped]: [data-slot="button"]("Edit") — Edit
    ✗ geometry [offscreen-control]: [data-slot="button"]("Add user") — Add user
  System/AdminLayout/Admin Table Wrapper × en × mobile-390
    ✗ geometry [text-clipped]: [data-slot="button"]("Add user") — Add user
    ✗ geometry [text-clipped]: [data-slot="button"]("Edit") — Edit
    ✗ geometry [text-clipped]: [data-slot="button"]("Edit") — Edit
    ✗ geometry [text-clipped]: [data-slot="button"]("Edit") — Edit
    ✗ geometry [offscreen-control]: [data-slot="button"]("Add user") — Add user
  System/AdminLayout/Admin Table Wrapper × uk × mobile-320
    ✗ geometry [text-clipped]: [data-slot="button"]("Додати користувача") — Додати користувача
    ✗ geometry [text-clipped]: [data-slot="button"]("Редагувати") — Редагувати
    ✗ geometry [text-clipped]: [data-slot="button"]("Редагувати") — Редагувати
    ✗ geometry [text-clipped]: [data-slot="button"]("Редагувати") — Редагувати
    ✗ geometry [offscreen-control]: [data-slot="button"]("Додати користувача") — Додати користувача
    ✗ geometry [offscreen-control]: [data-slot="button"]("Редагувати") — Редагувати
    ✗ geometry [offscreen-control]: [data-slot="button"]("Редагувати") — Редагувати
    ✗ geometry [offscreen-control]: [data-slot="button"]("Редагувати") — Редагувати
  System/AdminLayout/Admin Table Wrapper × uk × mobile-375
    ✗ geometry [text-clipped]: [data-slot="button"]("Додати користувача") — Додати користувача
    ✗ geometry [text-clipped]: [data-slot="button"]("Редагувати") — Редагувати
    ✗ geometry [text-clipped]: [data-slot="button"]("Редагувати") — Редагувати
    ✗ geometry [text-clipped]: [data-slot="button"]("Редагувати") — Редагувати
    ✗ geometry [offscreen-control]: [data-slot="button"]("Додати користувача") — Додати користувача
    ✗ geometry [offscreen-control]: [data-slot="button"]("Редагувати") — Редагувати
    ✗ geometry [offscreen-control]: [data-slot="button"]("Редагувати") — Редагувати
    ✗ geometry [offscreen-control]: [data-slot="button"]("Редагувати") — Редагувати
  System/AdminLayout/Admin Table Wrapper × uk × mobile-390
    ✗ geometry [text-clipped]: [data-slot="button"]("Додати користувача") — Додати користувача
    ✗ geometry [text-clipped]: [data-slot="button"]("Редагувати") — Редагувати
    ✗ geometry [text-clipped]: [data-slot="button"]("Редагувати") — Редагувати
    ✗ geometry [text-clipped]: [data-slot="button"]("Редагувати") — Редагувати
    ✗ geometry [offscreen-control]: [data-slot="button"]("Додати користувача") — Додати користувача
    ✗ geometry [offscreen-control]: [data-slot="button"]("Редагувати") — Редагувати
    ✗ geometry [offscreen-control]: [data-slot="button"]("Редагувати") — Редагувати
    ✗ geometry [offscreen-control]: [data-slot="button"]("Редагувати") — Редагувати
  System/AdminLayout/Admin Table Wrapper × it × mobile-320
    ✗ geometry [text-clipped]: [data-slot="button"]("Aggiungi utente") — Aggiungi utente
    ✗ geometry [text-clipped]: [data-slot="button"]("Modifica") — Modifica
    ✗ geometry [text-clipped]: [data-slot="button"]("Modifica") — Modifica
    ✗ geometry [text-clipped]: [data-slot="button"]("Modifica") — Modifica
    ✗ geometry [offscreen-control]: [data-slot="button"]("Aggiungi utente") — Aggiungi utente
    ✗ geometry [offscreen-control]: [data-slot="button"]("Modifica") — Modifica
    ✗ geometry [offscreen-control]: [data-slot="button"]("Modifica") — Modifica
    ✗ geometry [offscreen-control]: [data-slot="button"]("Modifica") — Modifica
  System/AdminLayout/Admin Table Wrapper × it × mobile-375
    ✗ geometry [text-clipped]: [data-slot="button"]("Aggiungi utente") — Aggiungi utente
    ✗ geometry [text-clipped]: [data-slot="button"]("Modifica") — Modifica
    ✗ geometry [text-clipped]: [data-slot="button"]("Modifica") — Modifica
    ✗ geometry [text-clipped]: [data-slot="button"]("Modifica") — Modifica
    ✗ geometry [offscreen-control]: [data-slot="button"]("Aggiungi utente") — Aggiungi utente
    ✗ geometry [offscreen-control]: [data-slot="button"]("Modifica") — Modifica
    ✗ geometry [offscreen-control]: [data-slot="button"]("Modifica") — Modifica
    ✗ geometry [offscreen-control]: [data-slot="button"]("Modifica") — Modifica
  System/AdminLayout/Admin Table Wrapper × it × mobile-390
    ✗ geometry [text-clipped]: [data-slot="button"]("Aggiungi utente") — Aggiungi utente
    ✗ geometry [text-clipped]: [data-slot="button"]("Modifica") — Modifica
    ✗ geometry [text-clipped]: [data-slot="button"]("Modifica") — Modifica
    ✗ geometry [text-clipped]: [data-slot="button"]("Modifica") — Modifica
    ✗ geometry [offscreen-control]: [data-slot="button"]("Aggiungi utente") — Aggiungi utente
    ✗ geometry [offscreen-control]: [data-slot="button"]("Modifica") — Modifica
    ✗ geometry [offscreen-control]: [data-slot="button"]("Modifica") — Modifica
    ✗ geometry [offscreen-control]: [data-slot="button"]("Modifica") — Modifica
  System/AdminLayout/Admin Loading State × sq × mobile-320
    ✗ render failure [loader-only]: spinner/loader still present at readiness timeout
    ✗ horizontal overflow detected
  System/AdminLayout/Admin Loading State × sq × mobile-375
    ✗ render failure [loader-only]: spinner/loader still present at readiness timeout
    ✗ horizontal overflow detected
  System/AdminLayout/Admin Loading State × sq × mobile-390
    ✗ render failure [loader-only]: spinner/loader still present at readiness timeout
    ✗ horizontal overflow detected
  System/AdminLayout/Admin Loading State × en × mobile-320
    ✗ render failure [loader-only]: spinner/loader still present at readiness timeout
    ✗ horizontal overflow detected
  System/AdminLayout/Admin Loading State × en × mobile-375
    ✗ render failure [loader-only]: spinner/loader still present at readiness timeout
    ✗ horizontal overflow detected
  System/AdminLayout/Admin Loading State × en × mobile-390
    ✗ render failure [loader-only]: spinner/loader still present at readiness timeout
    ✗ horizontal overflow detected
  System/AdminLayout/Admin Loading State × uk × mobile-320
    ✗ render failure [loader-only]: spinner/loader still present at readiness timeout
    ✗ horizontal overflow detected
  System/AdminLayout/Admin Loading State × uk × mobile-375
    ✗ render failure [loader-only]: spinner/loader still present at readiness timeout
    ✗ horizontal overflow detected
  System/AdminLayout/Admin Loading State × uk × mobile-390
    ✗ render failure [loader-only]: spinner/loader still present at readiness timeout
    ✗ horizontal overflow detected
  System/AdminLayout/Admin Loading State × it × mobile-320
    ✗ render failure [loader-only]: spinner/loader still present at readiness timeout
    ✗ horizontal overflow detected
  System/AdminLayout/Admin Loading State × it × mobile-375
    ✗ render failure [loader-only]: spinner/loader still present at readiness timeout
    ✗ horizontal overflow detected
  System/AdminLayout/Admin Loading State × it × mobile-390
    ✗ render failure [loader-only]: spinner/loader still present at readiness timeout
    ✗ horizontal overflow detected
  System/RecentlyViewedSection/Mobile Scroll × sq × mobile-320
    ✗ geometry [offscreen-control]: a("E re1Shitje · ApartamentVilë m") — E re1Shitje · ApartamentVilë me Kopsht në DurrësDurrës270 m²
    ✗ geometry [offscreen-control]: button — Shto te preferuarat
    ✗ geometry [offscreen-control]: button("#1001") — Kopjo ID-në e njoftimit
    ✗ geometry [offscreen-control]: a("E re1Shitje · ApartamentStudio") — E re1Shitje · ApartamentStudio në Lagjen SaukSauk180 m²80 00
    ✗ geometry [offscreen-control]: button — Shto te preferuarat
    ✗ geometry [offscreen-control]: button("#1002") — Kopjo ID-në e njoftimit
    ✗ geometry [offscreen-control]: a("E re1Shitje · ApartamentHapësi") — E re1Shitje · ApartamentHapësirë Zyre në KombinatKombinat290
    ✗ geometry [offscreen-control]: button — Shto te preferuarat
    ✗ geometry [offscreen-control]: button("#1003") — Kopjo ID-në e njoftimit
    ✗ geometry [offscreen-control]: a("E re1Shitje · ApartamentPentho") — E re1Shitje · ApartamentPenthouse në BllokuBlloku1100 m²110 
    ✗ geometry [offscreen-control]: button — Shto te preferuarat
    ✗ geometry [offscreen-control]: button("#1004") — Kopjo ID-në e njoftimit
    ✗ geometry [offscreen-control]: a("E re1Shitje · ApartamentShtëpi") — E re1Shitje · ApartamentShtëpi Plazhi në VlorëVlorë2110 m²12
    ✗ geometry [offscreen-control]: button — Shto te preferuarat
    ✗ geometry [offscreen-control]: button("#1005") — Kopjo ID-në e njoftimit
  System/RecentlyViewedSection/Mobile Scroll × sq × mobile-375
    ✗ geometry [offscreen-control]: a("E re1Shitje · ApartamentVilë m") — E re1Shitje · ApartamentVilë me Kopsht në DurrësDurrës270 m²
    ✗ geometry [offscreen-control]: button — Shto te preferuarat
    ✗ geometry [offscreen-control]: a("E re1Shitje · ApartamentStudio") — E re1Shitje · ApartamentStudio në Lagjen SaukSauk180 m²80 00
    ✗ geometry [offscreen-control]: button — Shto te preferuarat
    ✗ geometry [offscreen-control]: button("#1002") — Kopjo ID-në e njoftimit
    ✗ geometry [offscreen-control]: a("E re1Shitje · ApartamentHapësi") — E re1Shitje · ApartamentHapësirë Zyre në KombinatKombinat290
    ✗ geometry [offscreen-control]: button — Shto te preferuarat
    ✗ geometry [offscreen-control]: button("#1003") — Kopjo ID-në e njoftimit
    ✗ geometry [offscreen-control]: a("E re1Shitje · ApartamentPentho") — E re1Shitje · ApartamentPenthouse në BllokuBlloku1100 m²110 
    ✗ geometry [offscreen-control]: button — Shto te preferuarat
    ✗ geometry [offscreen-control]: button("#1004") — Kopjo ID-në e njoftimit
    ✗ geometry [offscreen-control]: a("E re1Shitje · ApartamentShtëpi") — E re1Shitje · ApartamentShtëpi Plazhi në VlorëVlorë2110 m²12
    ✗ geometry [offscreen-control]: button — Shto te preferuarat
    ✗ geometry [offscreen-control]: button("#1005") — Kopjo ID-në e njoftimit
  System/RecentlyViewedSection/Mobile Scroll × sq × mobile-390
    ✗ geometry [offscreen-control]: a("E re1Shitje · ApartamentVilë m") — E re1Shitje · ApartamentVilë me Kopsht në DurrësDurrës270 m²
    ✗ geometry [offscreen-control]: button — Shto te preferuarat
    ✗ geometry [offscreen-control]: a("E re1Shitje · ApartamentStudio") — E re1Shitje · ApartamentStudio në Lagjen SaukSauk180 m²80 00
    ✗ geometry [offscreen-control]: button — Shto te preferuarat
    ✗ geometry [offscreen-control]: button("#1002") — Kopjo ID-në e njoftimit
    ✗ geometry [offscreen-control]: a("E re1Shitje · ApartamentHapësi") — E re1Shitje · ApartamentHapësirë Zyre në KombinatKombinat290
    ✗ geometry [offscreen-control]: button — Shto te preferuarat
    ✗ geometry [offscreen-control]: button("#1003") — Kopjo ID-në e njoftimit
    ✗ geometry [offscreen-control]: a("E re1Shitje · ApartamentPentho") — E re1Shitje · ApartamentPenthouse në BllokuBlloku1100 m²110 
    ✗ geometry [offscreen-control]: button — Shto te preferuarat
    ✗ geometry [offscreen-control]: button("#1004") — Kopjo ID-në e njoftimit
    ✗ geometry [offscreen-control]: a("E re1Shitje · ApartamentShtëpi") — E re1Shitje · ApartamentShtëpi Plazhi në VlorëVlorë2110 m²12
    ✗ geometry [offscreen-control]: button — Shto te preferuarat
    ✗ geometry [offscreen-control]: button("#1005") — Kopjo ID-në e njoftimit
  System/RecentlyViewedSection/Mobile Scroll × en × mobile-320
    ✗ geometry [offscreen-control]: a("New1For sale · ApartmentVilla ") — New1For sale · ApartmentVilla with Garden in DurrësDurrës270
    ✗ geometry [offscreen-control]: button — Add to favorites
    ✗ geometry [offscreen-control]: button("#1001") — Copy listing ID
    ✗ geometry [offscreen-control]: a("New1For sale · ApartmentStudio") — New1For sale · ApartmentStudio Flat in SaukSauk180 m²80,000 
    ✗ geometry [offscreen-control]: button — Add to favorites
    ✗ geometry [offscreen-control]: button("#1002") — Copy listing ID
    ✗ geometry [offscreen-control]: a("New1For sale · ApartmentOffice") — New1For sale · ApartmentOffice Space in KombinatKombinat290 
    ✗ geometry [offscreen-control]: button — Add to favorites
    ✗ geometry [offscreen-control]: button("#1003") — Copy listing ID
    ✗ geometry [offscreen-control]: a("New1For sale · ApartmentPentho") — New1For sale · ApartmentPenthouse in BllokuBlloku1100 m²110,
    ✗ geometry [offscreen-control]: button — Add to favorites
    ✗ geometry [offscreen-control]: button("#1004") — Copy listing ID
    ✗ geometry [offscreen-control]: a("New1For sale · ApartmentBeach ") — New1For sale · ApartmentBeach House in VlorëVlorë2110 m²125,
    ✗ geometry [offscreen-control]: button — Add to favorites
    ✗ geometry [offscreen-control]: button("#1005") — Copy listing ID
  System/RecentlyViewedSection/Mobile Scroll × en × mobile-375
    ✗ geometry [offscreen-control]: a("New1For sale · ApartmentVilla ") — New1For sale · ApartmentVilla with Garden in DurrësDurrës270
    ✗ geometry [offscreen-control]: button — Add to favorites
    ✗ geometry [offscreen-control]: a("New1For sale · ApartmentStudio") — New1For sale · ApartmentStudio Flat in SaukSauk180 m²80,000 
    ✗ geometry [offscreen-control]: button — Add to favorites
    ✗ geometry [offscreen-control]: button("#1002") — Copy listing ID
    ✗ geometry [offscreen-control]: a("New1For sale · ApartmentOffice") — New1For sale · ApartmentOffice Space in KombinatKombinat290 
    ✗ geometry [offscreen-control]: button — Add to favorites
    ✗ geometry [offscreen-control]: button("#1003") — Copy listing ID
    ✗ geometry [offscreen-control]: a("New1For sale · ApartmentPentho") — New1For sale · ApartmentPenthouse in BllokuBlloku1100 m²110,
    ✗ geometry [offscreen-control]: button — Add to favorites
    ✗ geometry [offscreen-control]: button("#1004") — Copy listing ID
    ✗ geometry [offscreen-control]: a("New1For sale · ApartmentBeach ") — New1For sale · ApartmentBeach House in VlorëVlorë2110 m²125,
    ✗ geometry [offscreen-control]: button — Add to favorites
    ✗ geometry [offscreen-control]: button("#1005") — Copy listing ID
  System/RecentlyViewedSection/Mobile Scroll × en × mobile-390
    ✗ geometry [offscreen-control]: a("New1For sale · ApartmentVilla ") — New1For sale · ApartmentVilla with Garden in DurrësDurrës270
    ✗ geometry [offscreen-control]: button — Add to favorites
    ✗ geometry [offscreen-control]: a("New1For sale · ApartmentStudio") — New1For sale · ApartmentStudio Flat in SaukSauk180 m²80,000 
    ✗ geometry [offscreen-control]: button — Add to favorites
    ✗ geometry [offscreen-control]: button("#1002") — Copy listing ID
    ✗ geometry [offscreen-control]: a("New1For sale · ApartmentOffice") — New1For sale · ApartmentOffice Space in KombinatKombinat290 
    ✗ geometry [offscreen-control]: button — Add to favorites
    ✗ geometry [offscreen-control]: button("#1003") — Copy listing ID
    ✗ geometry [offscreen-control]: a("New1For sale · ApartmentPentho") — New1For sale · ApartmentPenthouse in BllokuBlloku1100 m²110,
    ✗ geometry [offscreen-control]: button — Add to favorites
    ✗ geometry [offscreen-control]: button("#1004") — Copy listing ID
    ✗ geometry [offscreen-control]: a("New1For sale · ApartmentBeach ") — New1For sale · ApartmentBeach House in VlorëVlorë2110 m²125,
    ✗ geometry [offscreen-control]: button — Add to favorites
    ✗ geometry [offscreen-control]: button("#1005") — Copy listing ID
  System/RecentlyViewedSection/Mobile Scroll × uk × mobile-320
    ✗ geometry [offscreen-control]: a("Нове1Продаж · КвартираВілла з ") — Нове1Продаж · КвартираВілла з садом у ДурресіDurrës270 m²65 
    ✗ geometry [offscreen-control]: button — Додати в обрані
    ✗ geometry [offscreen-control]: a("Нове1Продаж · КвартираСтудія в") — Нове1Продаж · КвартираСтудія в районі СаукSauk180 m²80 000 E
    ✗ geometry [offscreen-control]: button — Додати в обрані
    ✗ geometry [offscreen-control]: button("#1002") — Скопіювати ID оголошення
    ✗ geometry [offscreen-control]: a("Нове1Продаж · КвартираОфісне п") — Нове1Продаж · КвартираОфісне приміщення в КомбінатіKombinat2
    ✗ geometry [offscreen-control]: button — Додати в обрані
    ✗ geometry [offscreen-control]: button("#1003") — Скопіювати ID оголошення
    ✗ geometry [offscreen-control]: a("Нове1Продаж · КвартираПентхаус") — Нове1Продаж · КвартираПентхаус у БлокуBlloku1100 m²110 000 E
    ✗ geometry [offscreen-control]: button — Додати в обрані
    ✗ geometry [offscreen-control]: button("#1004") — Скопіювати ID оголошення
    ✗ geometry [offscreen-control]: a("Нове1Продаж · КвартираПляжний ") — Нове1Продаж · КвартираПляжний будинок у ВльоріVlorë2110 m²12
    ✗ geometry [offscreen-control]: button — Додати в обрані
    ✗ geometry [offscreen-control]: button("#1005") — Скопіювати ID оголошення
  System/RecentlyViewedSection/Mobile Scroll × uk × mobile-375
    ✗ geometry [offscreen-control]: a("Нове1Продаж · КвартираВілла з ") — Нове1Продаж · КвартираВілла з садом у ДурресіDurrës270 m²65 
    ✗ geometry [offscreen-control]: button — Додати в обрані
    ✗ geometry [offscreen-control]: a("Нове1Продаж · КвартираСтудія в") — Нове1Продаж · КвартираСтудія в районі СаукSauk180 m²80 000 E
    ✗ geometry [offscreen-control]: button — Додати в обрані
    ✗ geometry [offscreen-control]: button("#1002") — Скопіювати ID оголошення
    ✗ geometry [offscreen-control]: a("Нове1Продаж · КвартираОфісне п") — Нове1Продаж · КвартираОфісне приміщення в КомбінатіKombinat2
    ✗ geometry [offscreen-control]: button — Додати в обрані
    ✗ geometry [offscreen-control]: button("#1003") — Скопіювати ID оголошення
    ✗ geometry [offscreen-control]: a("Нове1Продаж · КвартираПентхаус") — Нове1Продаж · КвартираПентхаус у БлокуBlloku1100 m²110 000 E
    ✗ geometry [offscreen-control]: button — Додати в обрані
    ✗ geometry [offscreen-control]: button("#1004") — Скопіювати ID оголошення
    ✗ geometry [offscreen-control]: a("Нове1Продаж · КвартираПляжний ") — Нове1Продаж · КвартираПляжний будинок у ВльоріVlorë2110 m²12
    ✗ geometry [offscreen-control]: button — Додати в обрані
    ✗ geometry [offscreen-control]: button("#1005") — Скопіювати ID оголошення
  System/RecentlyViewedSection/Mobile Scroll × uk × mobile-390
    ✗ geometry [offscreen-control]: a("Нове1Продаж · КвартираВілла з ") — Нове1Продаж · КвартираВілла з садом у ДурресіDurrës270 m²65 
    ✗ geometry [offscreen-control]: button — Додати в обрані
    ✗ geometry [offscreen-control]: a("Нове1Продаж · КвартираСтудія в") — Нове1Продаж · КвартираСтудія в районі СаукSauk180 m²80 000 E
    ✗ geometry [offscreen-control]: button — Додати в обрані
    ✗ geometry [offscreen-control]: button("#1002") — Скопіювати ID оголошення
    ✗ geometry [offscreen-control]: a("Нове1Продаж · КвартираОфісне п") — Нове1Продаж · КвартираОфісне приміщення в КомбінатіKombinat2
    ✗ geometry [offscreen-control]: button — Додати в обрані
    ✗ geometry [offscreen-control]: button("#1003") — Скопіювати ID оголошення
    ✗ geometry [offscreen-control]: a("Нове1Продаж · КвартираПентхаус") — Нове1Продаж · КвартираПентхаус у БлокуBlloku1100 m²110 000 E
    ✗ geometry [offscreen-control]: button — Додати в обрані
    ✗ geometry [offscreen-control]: button("#1004") — Скопіювати ID оголошення
    ✗ geometry [offscreen-control]: a("Нове1Продаж · КвартираПляжний ") — Нове1Продаж · КвартираПляжний будинок у ВльоріVlorë2110 m²12
    ✗ geometry [offscreen-control]: button — Додати в обрані
    ✗ geometry [offscreen-control]: button("#1005") — Скопіювати ID оголошення
  System/RecentlyViewedSection/Mobile Scroll × it × mobile-320
    ✗ geometry [offscreen-control]: a("Nuovo1In vendita · Appartament") — Nuovo1In vendita · AppartamentoVilla con Giardino a DurazzoD
    ✗ geometry [offscreen-control]: button — Aggiungi ai preferiti
    ✗ geometry [offscreen-control]: button("#1001") — Copia ID annuncio
    ✗ geometry [offscreen-control]: a("Nuovo1In vendita · Appartament") — Nuovo1In vendita · AppartamentoMonolocale nel Quartiere Sauk
    ✗ geometry [offscreen-control]: button — Aggiungi ai preferiti
    ✗ geometry [offscreen-control]: button("#1002") — Copia ID annuncio
    ✗ geometry [offscreen-control]: a("Nuovo1In vendita · Appartament") — Nuovo1In vendita · AppartamentoUfficio nel KombinatKombinat2
    ✗ geometry [offscreen-control]: button — Aggiungi ai preferiti
    ✗ geometry [offscreen-control]: button("#1003") — Copia ID annuncio
    ✗ geometry [offscreen-control]: a("Nuovo1In vendita · Appartament") — Nuovo1In vendita · AppartamentoAttico nel BllokuBlloku1100 m
    ✗ geometry [offscreen-control]: button — Aggiungi ai preferiti
    ✗ geometry [offscreen-control]: button("#1004") — Copia ID annuncio
    ✗ geometry [offscreen-control]: a("Nuovo1In vendita · Appartament") — Nuovo1In vendita · AppartamentoCasa al Mare a ValonaVlorë211
    ✗ geometry [offscreen-control]: button — Aggiungi ai preferiti
    ✗ geometry [offscreen-control]: button("#1005") — Copia ID annuncio
  System/RecentlyViewedSection/Mobile Scroll × it × mobile-375
    ✗ geometry [offscreen-control]: a("Nuovo1In vendita · Appartament") — Nuovo1In vendita · AppartamentoVilla con Giardino a DurazzoD
    ✗ geometry [offscreen-control]: button — Aggiungi ai preferiti
    ✗ geometry [offscreen-control]: a("Nuovo1In vendita · Appartament") — Nuovo1In vendita · AppartamentoMonolocale nel Quartiere Sauk
    ✗ geometry [offscreen-control]: button — Aggiungi ai preferiti
    ✗ geometry [offscreen-control]: button("#1002") — Copia ID annuncio
    ✗ geometry [offscreen-control]: a("Nuovo1In vendita · Appartament") — Nuovo1In vendita · AppartamentoUfficio nel KombinatKombinat2
    ✗ geometry [offscreen-control]: button — Aggiungi ai preferiti
    ✗ geometry [offscreen-control]: button("#1003") — Copia ID annuncio
    ✗ geometry [offscreen-control]: a("Nuovo1In vendita · Appartament") — Nuovo1In vendita · AppartamentoAttico nel BllokuBlloku1100 m
    ✗ geometry [offscreen-control]: button — Aggiungi ai preferiti
    ✗ geometry [offscreen-control]: button("#1004") — Copia ID annuncio
    ✗ geometry [offscreen-control]: a("Nuovo1In vendita · Appartament") — Nuovo1In vendita · AppartamentoCasa al Mare a ValonaVlorë211
    ✗ geometry [offscreen-control]: button — Aggiungi ai preferiti
    ✗ geometry [offscreen-control]: button("#1005") — Copia ID annuncio
  System/RecentlyViewedSection/Mobile Scroll × it × mobile-390
    ✗ geometry [offscreen-control]: a("Nuovo1In vendita · Appartament") — Nuovo1In vendita · AppartamentoVilla con Giardino a DurazzoD
    ✗ geometry [offscreen-control]: button — Aggiungi ai preferiti
    ✗ geometry [offscreen-control]: a("Nuovo1In vendita · Appartament") — Nuovo1In vendita · AppartamentoMonolocale nel Quartiere Sauk
    ✗ geometry [offscreen-control]: button — Aggiungi ai preferiti
    ✗ geometry [offscreen-control]: button("#1002") — Copia ID annuncio
    ✗ geometry [offscreen-control]: a("Nuovo1In vendita · Appartament") — Nuovo1In vendita · AppartamentoUfficio nel KombinatKombinat2
    ✗ geometry [offscreen-control]: button — Aggiungi ai preferiti
    ✗ geometry [offscreen-control]: button("#1003") — Copia ID annuncio
    ✗ geometry [offscreen-control]: a("Nuovo1In vendita · Appartament") — Nuovo1In vendita · AppartamentoAttico nel BllokuBlloku1100 m
    ✗ geometry [offscreen-control]: button — Aggiungi ai preferiti
    ✗ geometry [offscreen-control]: button("#1004") — Copia ID annuncio
    ✗ geometry [offscreen-control]: a("Nuovo1In vendita · Appartament") — Nuovo1In vendita · AppartamentoCasa al Mare a ValonaVlorë211
    ✗ geometry [offscreen-control]: button — Aggiungi ai preferiti
    ✗ geometry [offscreen-control]: button("#1005") — Copia ID annuncio
  System/RecentlyViewedSection/Locale Stress × sq × mobile-320
    ✗ geometry [offscreen-control]: a("E re1Shitje · ApartamentVilë m") — E re1Shitje · ApartamentVilë me Kopsht në DurrësDurrës270 m²
    ✗ geometry [offscreen-control]: button — Shto te preferuarat
    ✗ geometry [offscreen-control]: button("#1001") — Kopjo ID-në e njoftimit
    ✗ geometry [offscreen-control]: a("E re1Shitje · ApartamentStudio") — E re1Shitje · ApartamentStudio në Lagjen SaukSauk180 m²80 00
    ✗ geometry [offscreen-control]: button — Shto te preferuarat
    ✗ geometry [offscreen-control]: button("#1002") — Kopjo ID-në e njoftimit
    ✗ geometry [offscreen-control]: a("E re1Shitje · ApartamentHapësi") — E re1Shitje · ApartamentHapësirë Zyre në KombinatKombinat290
    ✗ geometry [offscreen-control]: button — Shto te preferuarat
    ✗ geometry [offscreen-control]: button("#1003") — Kopjo ID-në e njoftimit
  System/RecentlyViewedSection/Locale Stress × sq × mobile-375
    ✗ geometry [offscreen-control]: a("E re1Shitje · ApartamentVilë m") — E re1Shitje · ApartamentVilë me Kopsht në DurrësDurrës270 m²
    ✗ geometry [offscreen-control]: button — Shto te preferuarat
    ✗ geometry [offscreen-control]: a("E re1Shitje · ApartamentStudio") — E re1Shitje · ApartamentStudio në Lagjen SaukSauk180 m²80 00
    ✗ geometry [offscreen-control]: button — Shto te preferuarat
    ✗ geometry [offscreen-control]: button("#1002") — Kopjo ID-në e njoftimit
    ✗ geometry [offscreen-control]: a("E re1Shitje · ApartamentHapësi") — E re1Shitje · ApartamentHapësirë Zyre në KombinatKombinat290
    ✗ geometry [offscreen-control]: button — Shto te preferuarat
    ✗ geometry [offscreen-control]: button("#1003") — Kopjo ID-në e njoftimit
  System/RecentlyViewedSection/Locale Stress × sq × mobile-390
    ✗ geometry [offscreen-control]: a("E re1Shitje · ApartamentVilë m") — E re1Shitje · ApartamentVilë me Kopsht në DurrësDurrës270 m²
    ✗ geometry [offscreen-control]: button — Shto te preferuarat
    ✗ geometry [offscreen-control]: a("E re1Shitje · ApartamentStudio") — E re1Shitje · ApartamentStudio në Lagjen SaukSauk180 m²80 00
    ✗ geometry [offscreen-control]: button — Shto te preferuarat
    ✗ geometry [offscreen-control]: button("#1002") — Kopjo ID-në e njoftimit
    ✗ geometry [offscreen-control]: a("E re1Shitje · ApartamentHapësi") — E re1Shitje · ApartamentHapësirë Zyre në KombinatKombinat290
    ✗ geometry [offscreen-control]: button — Shto te preferuarat
    ✗ geometry [offscreen-control]: button("#1003") — Kopjo ID-në e njoftimit
  System/RecentlyViewedSection/Locale Stress × en × mobile-320
    ✗ geometry [offscreen-control]: a("New1For sale · ApartmentVilla ") — New1For sale · ApartmentVilla with Garden in DurrësDurrës270
    ✗ geometry [offscreen-control]: button — Add to favorites
    ✗ geometry [offscreen-control]: button("#1001") — Copy listing ID
    ✗ geometry [offscreen-control]: a("New1For sale · ApartmentStudio") — New1For sale · ApartmentStudio Flat in SaukSauk180 m²80,000 
    ✗ geometry [offscreen-control]: button — Add to favorites
    ✗ geometry [offscreen-control]: button("#1002") — Copy listing ID
    ✗ geometry [offscreen-control]: a("New1For sale · ApartmentOffice") — New1For sale · ApartmentOffice Space in KombinatKombinat290 
    ✗ geometry [offscreen-control]: button — Add to favorites
    ✗ geometry [offscreen-control]: button("#1003") — Copy listing ID
  System/RecentlyViewedSection/Locale Stress × en × mobile-375
    ✗ geometry [offscreen-control]: a("New1For sale · ApartmentVilla ") — New1For sale · ApartmentVilla with Garden in DurrësDurrës270
    ✗ geometry [offscreen-control]: button — Add to favorites
    ✗ geometry [offscreen-control]: a("New1For sale · ApartmentStudio") — New1For sale · ApartmentStudio Flat in SaukSauk180 m²80,000 
    ✗ geometry [offscreen-control]: button — Add to favorites
    ✗ geometry [offscreen-control]: button("#1002") — Copy listing ID
    ✗ geometry [offscreen-control]: a("New1For sale · ApartmentOffice") — New1For sale · ApartmentOffice Space in KombinatKombinat290 
    ✗ geometry [offscreen-control]: button — Add to favorites
    ✗ geometry [offscreen-control]: button("#1003") — Copy listing ID
  System/RecentlyViewedSection/Locale Stress × en × mobile-390
    ✗ geometry [offscreen-control]: a("New1For sale · ApartmentVilla ") — New1For sale · ApartmentVilla with Garden in DurrësDurrës270
    ✗ geometry [offscreen-control]: button — Add to favorites
    ✗ geometry [offscreen-control]: a("New1For sale · ApartmentStudio") — New1For sale · ApartmentStudio Flat in SaukSauk180 m²80,000 
    ✗ geometry [offscreen-control]: button — Add to favorites
    ✗ geometry [offscreen-control]: button("#1002") — Copy listing ID
    ✗ geometry [offscreen-control]: a("New1For sale · ApartmentOffice") — New1For sale · ApartmentOffice Space in KombinatKombinat290 
    ✗ geometry [offscreen-control]: button — Add to favorites
    ✗ geometry [offscreen-control]: button("#1003") — Copy listing ID
  System/RecentlyViewedSection/Locale Stress × uk × mobile-320
    ✗ geometry [offscreen-control]: a("Нове1Продаж · КвартираВілла з ") — Нове1Продаж · КвартираВілла з садом у ДурресіDurrës270 m²65 
    ✗ geometry [offscreen-control]: button — Додати в обрані
    ✗ geometry [offscreen-control]: a("Нове1Продаж · КвартираСтудія в") — Нове1Продаж · КвартираСтудія в районі СаукSauk180 m²80 000 E
    ✗ geometry [offscreen-control]: button — Додати в обрані
    ✗ geometry [offscreen-control]: button("#1002") — Скопіювати ID оголошення
    ✗ geometry [offscreen-control]: a("Нове1Продаж · КвартираОфісне п") — Нове1Продаж · КвартираОфісне приміщення в КомбінатіKombinat2
    ✗ geometry [offscreen-control]: button — Додати в обрані
    ✗ geometry [offscreen-control]: button("#1003") — Скопіювати ID оголошення
  System/RecentlyViewedSection/Locale Stress × uk × mobile-375
    ✗ geometry [offscreen-control]: a("Нове1Продаж · КвартираВілла з ") — Нове1Продаж · КвартираВілла з садом у ДурресіDurrës270 m²65 
    ✗ geometry [offscreen-control]: button — Додати в обрані
    ✗ geometry [offscreen-control]: a("Нове1Продаж · КвартираСтудія в") — Нове1Продаж · КвартираСтудія в районі СаукSauk180 m²80 000 E
    ✗ geometry [offscreen-control]: button — Додати в обрані
    ✗ geometry [offscreen-control]: button("#1002") — Скопіювати ID оголошення
    ✗ geometry [offscreen-control]: a("Нове1Продаж · КвартираОфісне п") — Нове1Продаж · КвартираОфісне приміщення в КомбінатіKombinat2
    ✗ geometry [offscreen-control]: button — Додати в обрані
    ✗ geometry [offscreen-control]: button("#1003") — Скопіювати ID оголошення
  System/RecentlyViewedSection/Locale Stress × uk × mobile-390
    ✗ geometry [offscreen-control]: a("Нове1Продаж · КвартираВілла з ") — Нове1Продаж · КвартираВілла з садом у ДурресіDurrës270 m²65 
    ✗ geometry [offscreen-control]: button — Додати в обрані
    ✗ geometry [offscreen-control]: a("Нове1Продаж · КвартираСтудія в") — Нове1Продаж · КвартираСтудія в районі СаукSauk180 m²80 000 E
    ✗ geometry [offscreen-control]: button — Додати в обрані
    ✗ geometry [offscreen-control]: button("#1002") — Скопіювати ID оголошення
    ✗ geometry [offscreen-control]: a("Нове1Продаж · КвартираОфісне п") — Нове1Продаж · КвартираОфісне приміщення в КомбінатіKombinat2
    ✗ geometry [offscreen-control]: button — Додати в обрані
    ✗ geometry [offscreen-control]: button("#1003") — Скопіювати ID оголошення
  System/RecentlyViewedSection/Locale Stress × it × mobile-320
    ✗ geometry [offscreen-control]: a("Nuovo1In vendita · Appartament") — Nuovo1In vendita · AppartamentoVilla con Giardino a DurazzoD
    ✗ geometry [offscreen-control]: button — Aggiungi ai preferiti
    ✗ geometry [offscreen-control]: button("#1001") — Copia ID annuncio
    ✗ geometry [offscreen-control]: a("Nuovo1In vendita · Appartament") — Nuovo1In vendita · AppartamentoMonolocale nel Quartiere Sauk
    ✗ geometry [offscreen-control]: button — Aggiungi ai preferiti
    ✗ geometry [offscreen-control]: button("#1002") — Copia ID annuncio
    ✗ geometry [offscreen-control]: a("Nuovo1In vendita · Appartament") — Nuovo1In vendita · AppartamentoUfficio nel KombinatKombinat2
    ✗ geometry [offscreen-control]: button — Aggiungi ai preferiti
    ✗ geometry [offscreen-control]: button("#1003") — Copia ID annuncio
  System/RecentlyViewedSection/Locale Stress × it × mobile-375
    ✗ geometry [offscreen-control]: a("Nuovo1In vendita · Appartament") — Nuovo1In vendita · AppartamentoVilla con Giardino a DurazzoD
    ✗ geometry [offscreen-control]: button — Aggiungi ai preferiti
    ✗ geometry [offscreen-control]: a("Nuovo1In vendita · Appartament") — Nuovo1In vendita · AppartamentoMonolocale nel Quartiere Sauk
    ✗ geometry [offscreen-control]: button — Aggiungi ai preferiti
    ✗ geometry [offscreen-control]: button("#1002") — Copia ID annuncio
    ✗ geometry [offscreen-control]: a("Nuovo1In vendita · Appartament") — Nuovo1In vendita · AppartamentoUfficio nel KombinatKombinat2
    ✗ geometry [offscreen-control]: button — Aggiungi ai preferiti
    ✗ geometry [offscreen-control]: button("#1003") — Copia ID annuncio
  System/RecentlyViewedSection/Locale Stress × it × mobile-390
    ✗ geometry [offscreen-control]: a("Nuovo1In vendita · Appartament") — Nuovo1In vendita · AppartamentoVilla con Giardino a DurazzoD
    ✗ geometry [offscreen-control]: button — Aggiungi ai preferiti
    ✗ geometry [offscreen-control]: a("Nuovo1In vendita · Appartament") — Nuovo1In vendita · AppartamentoMonolocale nel Quartiere Sauk
    ✗ geometry [offscreen-control]: button — Aggiungi ai preferiti
    ✗ geometry [offscreen-control]: button("#1002") — Copia ID annuncio
    ✗ geometry [offscreen-control]: a("Nuovo1In vendita · Appartament") — Nuovo1In vendita · AppartamentoUfficio nel KombinatKombinat2
    ✗ geometry [offscreen-control]: button — Aggiungi ai preferiti
    ✗ geometry [offscreen-control]: button("#1003") — Copia ID annuncio

⚠️  202 cells have ambiguous findings (needs-owner-decision):
  Mantine/Primitives/Combobox/Default × sq × mobile-390
    ? [ambiguous-overlap]: #mantine-ow59myxcx ↔ button("Prona me qira afatgjatë pranë ") — background page content behind an opened overlay's backdrop
  Mantine/Primitives/Combobox/Default × en × mobile-390
    ? [ambiguous-overlap]: #mantine-2x77uwykb ↔ button("Long-term rental properties ne") — background page content behind an opened overlay's backdrop
  Mantine/Primitives/Combobox/Default × uk × mobile-390
    ? [ambiguous-overlap]: #mantine-wq761r4uy ↔ button("Довгострокова оренда нерухомос") — background page content behind an opened overlay's backdrop
  Mantine/Primitives/Combobox/Default × it × mobile-390
    ? [ambiguous-overlap]: #mantine-1yprid1ob ↔ button("Immobili in affitto a lungo te") — background page content behind an opened overlay's backdrop
  Mantine/Primitives/PopularLocationsView/Long City Name × sq × mobile-320
    ? [text-clipped-ellipsis]: a("Rrogozhinë-Peqin-Kavajë Bashki") — intentional ellipsis with accessible name or content link
  Mantine/Primitives/PopularLocationsView/Long City Name × sq × mobile-375
    ? [text-clipped-ellipsis]: a("Rrogozhinë-Peqin-Kavajë Bashki") — intentional ellipsis with accessible name or content link
  Mantine/Primitives/PopularLocationsView/Long City Name × sq × mobile-390
    ? [text-clipped-ellipsis]: a("Rrogozhinë-Peqin-Kavajë Bashki") — intentional ellipsis with accessible name or content link
  Mantine/Primitives/PopularLocationsView/Long City Name × sq × desktop-1024
    ? [text-clipped-ellipsis]: a("Rrogozhinë-Peqin-Kavajë Bashki") — intentional ellipsis with accessible name or content link
  Mantine/Primitives/PopularLocationsView/Long City Name × en × mobile-320
    ? [text-clipped-ellipsis]: a("Rrogozhinë-Peqin-Kavajë Bashki") — intentional ellipsis with accessible name or content link
  Mantine/Primitives/PopularLocationsView/Long City Name × en × mobile-375
    ? [text-clipped-ellipsis]: a("Rrogozhinë-Peqin-Kavajë Bashki") — intentional ellipsis with accessible name or content link
  Mantine/Primitives/PopularLocationsView/Long City Name × en × mobile-390
    ? [text-clipped-ellipsis]: a("Rrogozhinë-Peqin-Kavajë Bashki") — intentional ellipsis with accessible name or content link
  Mantine/Primitives/PopularLocationsView/Long City Name × en × desktop-1024
    ? [text-clipped-ellipsis]: a("Rrogozhinë-Peqin-Kavajë Bashki") — intentional ellipsis with accessible name or content link
  Mantine/Primitives/PopularLocationsView/Long City Name × uk × mobile-320
    ? [text-clipped-ellipsis]: a("Rrogozhinë-Peqin-Kavajë Bashki") — intentional ellipsis with accessible name or content link
  Mantine/Primitives/PopularLocationsView/Long City Name × uk × mobile-375
    ? [text-clipped-ellipsis]: a("Rrogozhinë-Peqin-Kavajë Bashki") — intentional ellipsis with accessible name or content link
  Mantine/Primitives/PopularLocationsView/Long City Name × uk × mobile-390
    ? [text-clipped-ellipsis]: a("Rrogozhinë-Peqin-Kavajë Bashki") — intentional ellipsis with accessible name or content link
  Mantine/Primitives/PopularLocationsView/Long City Name × uk × desktop-1024
    ? [text-clipped-ellipsis]: a("Rrogozhinë-Peqin-Kavajë Bashki") — intentional ellipsis with accessible name or content link
  Mantine/Primitives/PopularLocationsView/Long City Name × it × mobile-320
    ? [text-clipped-ellipsis]: a("Rrogozhinë-Peqin-Kavajë Bashki") — intentional ellipsis with accessible name or content link
  Mantine/Primitives/PopularLocationsView/Long City Name × it × mobile-375
    ? [text-clipped-ellipsis]: a("Rrogozhinë-Peqin-Kavajë Bashki") — intentional ellipsis with accessible name or content link
  Mantine/Primitives/PopularLocationsView/Long City Name × it × mobile-390
    ? [text-clipped-ellipsis]: a("Rrogozhinë-Peqin-Kavajë Bashki") — intentional ellipsis with accessible name or content link
  Mantine/Primitives/PopularLocationsView/Long City Name × it × desktop-1024
    ? [text-clipped-ellipsis]: a("Rrogozhinë-Peqin-Kavajë Bashki") — intentional ellipsis with accessible name or content link
  Mantine/Primitives/Tabs/Default × sq × mobile-320
    ? [ambiguous-offscreen]: #mantine-g9v2d3rmo-tab-activity — element reachable by horizontal scrolling (carousel/scroll-tabs)
  Mantine/Primitives/Tabs/Default × it × mobile-320
    ? [ambiguous-offscreen]: #mantine-05qnwng4a-tab-activity — element reachable by horizontal scrolling (carousel/scroll-tabs)
  AdminUsersTable/Default × sq × canonical-680
    ? [ambiguous-offscreen]: [data-testid="revoke-btn"] — element reachable by horizontal scrolling (carousel/scroll-tabs)
    ? [ambiguous-offscreen]: [data-testid="user-detail-link"] — element reachable by horizontal scrolling (carousel/scroll-tabs)
    ? [ambiguous-offscreen]: [data-testid="verify-btn"] — element reachable by horizontal scrolling (carousel/scroll-tabs)
    ? [ambiguous-offscreen]: [data-testid="user-detail-link"] — element reachable by horizontal scrolling (carousel/scroll-tabs)
    ? [ambiguous-offscreen]: [data-testid="verify-btn"] — element reachable by horizontal scrolling (carousel/scroll-tabs)
    ? [ambiguous-offscreen]: [data-testid="user-detail-link"] — element reachable by horizontal scrolling (carousel/scroll-tabs)
    ? [ambiguous-offscreen]: [data-testid="verify-btn"] — element reachable by horizontal scrolling (carousel/scroll-tabs)
    ? [ambiguous-offscreen]: [data-testid="user-detail-link"] — element reachable by horizontal scrolling (carousel/scroll-tabs)
  AdminUsersTable/Default × sq × tablet-768
    ? [ambiguous-offscreen]: [data-testid="revoke-btn"] — element reachable by horizontal scrolling (carousel/scroll-tabs)
    ? [ambiguous-offscreen]: [data-testid="user-detail-link"] — element reachable by horizontal scrolling (carousel/scroll-tabs)
    ? [ambiguous-offscreen]: [data-testid="verify-btn"] — element reachable by horizontal scrolling (carousel/scroll-tabs)
    ? [ambiguous-offscreen]: [data-testid="user-detail-link"] — element reachable by horizontal scrolling (carousel/scroll-tabs)
    ? [ambiguous-offscreen]: [data-testid="verify-btn"] — element reachable by horizontal scrolling (carousel/scroll-tabs)
    ? [ambiguous-offscreen]: [data-testid="user-detail-link"] — element reachable by horizontal scrolling (carousel/scroll-tabs)
    ? [ambiguous-offscreen]: [data-testid="verify-btn"] — element reachable by horizontal scrolling (carousel/scroll-tabs)
    ? [ambiguous-offscreen]: [data-testid="user-detail-link"] — element reachable by horizontal scrolling (carousel/scroll-tabs)
  AdminUsersTable/Default × sq × canonical-810
    ? [ambiguous-offscreen]: [data-testid="user-detail-link"] — element reachable by horizontal scrolling (carousel/scroll-tabs)
    ? [ambiguous-offscreen]: [data-testid="user-detail-link"] — element reachable by horizontal scrolling (carousel/scroll-tabs)
    ? [ambiguous-offscreen]: [data-testid="user-detail-link"] — element reachable by horizontal scrolling (carousel/scroll-tabs)
    ? [ambiguous-offscreen]: [data-testid="user-detail-link"] — element reachable by horizontal scrolling (carousel/scroll-tabs)
  AdminUsersTable/Default × en × canonical-680
    ? [ambiguous-offscreen]: [data-testid="revoke-btn"] — element reachable by horizontal scrolling (carousel/scroll-tabs)
    ? [ambiguous-offscreen]: [data-testid="user-detail-link"] — element reachable by horizontal scrolling (carousel/scroll-tabs)
    ? [ambiguous-offscreen]: [data-testid="verify-btn"] — element reachable by horizontal scrolling (carousel/scroll-tabs)
    ? [ambiguous-offscreen]: [data-testid="user-detail-link"] — element reachable by horizontal scrolling (carousel/scroll-tabs)
    ? [ambiguous-offscreen]: [data-testid="verify-btn"] — element reachable by horizontal scrolling (carousel/scroll-tabs)
    ? [ambiguous-offscreen]: [data-testid="user-detail-link"] — element reachable by horizontal scrolling (carousel/scroll-tabs)
    ? [ambiguous-offscreen]: [data-testid="verify-btn"] — element reachable by horizontal scrolling (carousel/scroll-tabs)
    ? [ambiguous-offscreen]: [data-testid="user-detail-link"] — element reachable by horizontal scrolling (carousel/scroll-tabs)
  AdminUsersTable/Default × en × tablet-768
    ? [ambiguous-offscreen]: [data-testid="revoke-btn"] — element reachable by horizontal scrolling (carousel/scroll-tabs)
    ? [ambiguous-offscreen]: [data-testid="user-detail-link"] — element reachable by horizontal scrolling (carousel/scroll-tabs)
    ? [ambiguous-offscreen]: [data-testid="verify-btn"] — element reachable by horizontal scrolling (carousel/scroll-tabs)
    ? [ambiguous-offscreen]: [data-testid="user-detail-link"] — element reachable by horizontal scrolling (carousel/scroll-tabs)
    ? [ambiguous-offscreen]: [data-testid="verify-btn"] — element reachable by horizontal scrolling (carousel/scroll-tabs)
    ? [ambiguous-offscreen]: [data-testid="user-detail-link"] — element reachable by horizontal scrolling (carousel/scroll-tabs)
    ? [ambiguous-offscreen]: [data-testid="verify-btn"] — element reachable by horizontal scrolling (carousel/scroll-tabs)
    ? [ambiguous-offscreen]: [data-testid="user-detail-link"] — element reachable by horizontal scrolling (carousel/scroll-tabs)
  AdminUsersTable/Default × en × canonical-810
    ? [ambiguous-offscreen]: [data-testid="user-detail-link"] — element reachable by horizontal scrolling (carousel/scroll-tabs)
    ? [ambiguous-offscreen]: [data-testid="user-detail-link"] — element reachable by horizontal scrolling (carousel/scroll-tabs)
    ? [ambiguous-offscreen]: [data-testid="user-detail-link"] — element reachable by horizontal scrolling (carousel/scroll-tabs)
    ? [ambiguous-offscreen]: [data-testid="user-detail-link"] — element reachable by horizontal scrolling (carousel/scroll-tabs)
  AdminUsersTable/Default × uk × canonical-680
    ? [ambiguous-offscreen]: [data-testid="revoke-btn"] — element reachable by horizontal scrolling (carousel/scroll-tabs)
    ? [ambiguous-offscreen]: [data-testid="user-detail-link"] — element reachable by horizontal scrolling (carousel/scroll-tabs)
    ? [ambiguous-offscreen]: [data-testid="verify-btn"] — element reachable by horizontal scrolling (carousel/scroll-tabs)
    ? [ambiguous-offscreen]: [data-testid="user-detail-link"] — element reachable by horizontal scrolling (carousel/scroll-tabs)
    ? [ambiguous-offscreen]: [data-testid="verify-btn"] — element reachable by horizontal scrolling (carousel/scroll-tabs)
    ? [ambiguous-offscreen]: [data-testid="user-detail-link"] — element reachable by horizontal scrolling (carousel/scroll-tabs)
    ? [ambiguous-offscreen]: [data-testid="verify-btn"] — element reachable by horizontal scrolling (carousel/scroll-tabs)
    ? [ambiguous-offscreen]: [data-testid="user-detail-link"] — element reachable by horizontal scrolling (carousel/scroll-tabs)
  AdminUsersTable/Default × uk × tablet-768
    ? [ambiguous-offscreen]: [data-testid="revoke-btn"] — element reachable by horizontal scrolling (carousel/scroll-tabs)
    ? [ambiguous-offscreen]: [data-testid="user-detail-link"] — element reachable by horizontal scrolling (carousel/scroll-tabs)
    ? [ambiguous-offscreen]: [data-testid="verify-btn"] — element reachable by horizontal scrolling (carousel/scroll-tabs)
    ? [ambiguous-offscreen]: [data-testid="user-detail-link"] — element reachable by horizontal scrolling (carousel/scroll-tabs)
    ? [ambiguous-offscreen]: [data-testid="verify-btn"] — element reachable by horizontal scrolling (carousel/scroll-tabs)
    ? [ambiguous-offscreen]: [data-testid="user-detail-link"] — element reachable by horizontal scrolling (carousel/scroll-tabs)
    ? [ambiguous-offscreen]: [data-testid="verify-btn"] — element reachable by horizontal scrolling (carousel/scroll-tabs)
    ? [ambiguous-offscreen]: [data-testid="user-detail-link"] — element reachable by horizontal scrolling (carousel/scroll-tabs)
  AdminUsersTable/Default × uk × canonical-810
    ? [ambiguous-offscreen]: [data-testid="user-detail-link"] — element reachable by horizontal scrolling (carousel/scroll-tabs)
    ? [ambiguous-offscreen]: [data-testid="user-detail-link"] — element reachable by horizontal scrolling (carousel/scroll-tabs)
    ? [ambiguous-offscreen]: [data-testid="user-detail-link"] — element reachable by horizontal scrolling (carousel/scroll-tabs)
    ? [ambiguous-offscreen]: [data-testid="user-detail-link"] — element reachable by horizontal scrolling (carousel/scroll-tabs)
  AdminUsersTable/Default × it × canonical-680
    ? [ambiguous-offscreen]: [data-testid="revoke-btn"] — element reachable by horizontal scrolling (carousel/scroll-tabs)
    ? [ambiguous-offscreen]: [data-testid="user-detail-link"] — element reachable by horizontal scrolling (carousel/scroll-tabs)
    ? [ambiguous-offscreen]: [data-testid="verify-btn"] — element reachable by horizontal scrolling (carousel/scroll-tabs)
    ? [ambiguous-offscreen]: [data-testid="user-detail-link"] — element reachable by horizontal scrolling (carousel/scroll-tabs)
    ? [ambiguous-offscreen]: [data-testid="verify-btn"] — element reachable by horizontal scrolling (carousel/scroll-tabs)
    ? [ambiguous-offscreen]: [data-testid="user-detail-link"] — element reachable by horizontal scrolling (carousel/scroll-tabs)
    ? [ambiguous-offscreen]: [data-testid="verify-btn"] — element reachable by horizontal scrolling (carousel/scroll-tabs)
    ? [ambiguous-offscreen]: [data-testid="user-detail-link"] — element reachable by horizontal scrolling (carousel/scroll-tabs)
  AdminUsersTable/Default × it × tablet-768
    ? [ambiguous-offscreen]: [data-testid="revoke-btn"] — element reachable by horizontal scrolling (carousel/scroll-tabs)
    ? [ambiguous-offscreen]: [data-testid="user-detail-link"] — element reachable by horizontal scrolling (carousel/scroll-tabs)
    ? [ambiguous-offscreen]: [data-testid="verify-btn"] — element reachable by horizontal scrolling (carousel/scroll-tabs)
    ? [ambiguous-offscreen]: [data-testid="user-detail-link"] — element reachable by horizontal scrolling (carousel/scroll-tabs)
    ? [ambiguous-offscreen]: [data-testid="verify-btn"] — element reachable by horizontal scrolling (carousel/scroll-tabs)
    ? [ambiguous-offscreen]: [data-testid="user-detail-link"] — element reachable by horizontal scrolling (carousel/scroll-tabs)
    ? [ambiguous-offscreen]: [data-testid="verify-btn"] — element reachable by horizontal scrolling (carousel/scroll-tabs)
    ? [ambiguous-offscreen]: [data-testid="user-detail-link"] — element reachable by horizontal scrolling (carousel/scroll-tabs)
  AdminUsersTable/Default × it × canonical-810
    ? [ambiguous-offscreen]: [data-testid="user-detail-link"] — element reachable by horizontal scrolling (carousel/scroll-tabs)
    ? [ambiguous-offscreen]: [data-testid="user-detail-link"] — element reachable by horizontal scrolling (carousel/scroll-tabs)
    ? [ambiguous-offscreen]: [data-testid="user-detail-link"] — element reachable by horizontal scrolling (carousel/scroll-tabs)
    ? [ambiguous-offscreen]: [data-testid="user-detail-link"] — element reachable by horizontal scrolling (carousel/scroll-tabs)
  Planted/AmbiguousOverlap × sq × mobile-320
    ? [ambiguous-overlap]: [data-testid="planted-ambiguous-trigger"] ↔ [data-testid="planted-ambiguous-popup"] — library-internal or position:absolute/fixed over own trigger/anchor
  Planted/AmbiguousOverlap × sq × mobile-375
    ? [ambiguous-overlap]: [data-testid="planted-ambiguous-trigger"] ↔ [data-testid="planted-ambiguous-popup"] — library-internal or position:absolute/fixed over own trigger/anchor
  Planted/AmbiguousOverlap × sq × mobile-390
    ? [ambiguous-overlap]: [data-testid="planted-ambiguous-trigger"] ↔ [data-testid="planted-ambiguous-popup"] — library-internal or position:absolute/fixed over own trigger/anchor
  Planted/AmbiguousOverlap × sq × mobile-480
    ? [ambiguous-overlap]: [data-testid="planted-ambiguous-trigger"] ↔ [data-testid="planted-ambiguous-popup"] — library-internal or position:absolute/fixed over own trigger/anchor
  Planted/AmbiguousOverlap × sq × canonical-560
    ? [ambiguous-overlap]: [data-testid="planted-ambiguous-trigger"] ↔ [data-testid="planted-ambiguous-popup"] — library-internal or position:absolute/fixed over own trigger/anchor
  Planted/AmbiguousOverlap × sq × canonical-680
    ? [ambiguous-overlap]: [data-testid="planted-ambiguous-trigger"] ↔ [data-testid="planted-ambiguous-popup"] — library-internal or position:absolute/fixed over own trigger/anchor
  Planted/AmbiguousOverlap × sq × tablet-768
    ? [ambiguous-overlap]: [data-testid="planted-ambiguous-trigger"] ↔ [data-testid="planted-ambiguous-popup"] — library-internal or position:absolute/fixed over own trigger/anchor
  Planted/AmbiguousOverlap × sq × canonical-810
    ? [ambiguous-overlap]: [data-testid="planted-ambiguous-trigger"] ↔ [data-testid="planted-ambiguous-popup"] — library-internal or position:absolute/fixed over own trigger/anchor
  Planted/AmbiguousOverlap × sq × canonical-960
    ? [ambiguous-overlap]: [data-testid="planted-ambiguous-trigger"] ↔ [data-testid="planted-ambiguous-popup"] — library-internal or position:absolute/fixed over own trigger/anchor
  Planted/AmbiguousOverlap × sq × desktop-1024
    ? [ambiguous-overlap]: [data-testid="planted-ambiguous-trigger"] ↔ [data-testid="planted-ambiguous-popup"] — library-internal or position:absolute/fixed over own trigger/anchor
  Planted/AmbiguousOverlap × sq × canonical-1200
    ? [ambiguous-overlap]: [data-testid="planted-ambiguous-trigger"] ↔ [data-testid="planted-ambiguous-popup"] — library-internal or position:absolute/fixed over own trigger/anchor
  Planted/AmbiguousOverlap × sq × desktop-1440
    ? [ambiguous-overlap]: [data-testid="planted-ambiguous-trigger"] ↔ [data-testid="planted-ambiguous-popup"] — library-internal or position:absolute/fixed over own trigger/anchor
  Planted/AmbiguousOverlap × sq × huge-1920
    ? [ambiguous-overlap]: [data-testid="planted-ambiguous-trigger"] ↔ [data-testid="planted-ambiguous-popup"] — library-internal or position:absolute/fixed over own trigger/anchor
  Planted/AmbiguousOverlap × sq × huge-2560
    ? [ambiguous-overlap]: [data-testid="planted-ambiguous-trigger"] ↔ [data-testid="planted-ambiguous-popup"] — library-internal or position:absolute/fixed over own trigger/anchor
  Planted/AmbiguousOverlap × en × mobile-320
    ? [ambiguous-overlap]: [data-testid="planted-ambiguous-trigger"] ↔ [data-testid="planted-ambiguous-popup"] — library-internal or position:absolute/fixed over own trigger/anchor
  Planted/AmbiguousOverlap × en × mobile-375
    ? [ambiguous-overlap]: [data-testid="planted-ambiguous-trigger"] ↔ [data-testid="planted-ambiguous-popup"] — library-internal or position:absolute/fixed over own trigger/anchor
  Planted/AmbiguousOverlap × en × mobile-390
    ? [ambiguous-overlap]: [data-testid="planted-ambiguous-trigger"] ↔ [data-testid="planted-ambiguous-popup"] — library-internal or position:absolute/fixed over own trigger/anchor
  Planted/AmbiguousOverlap × en × mobile-480
    ? [ambiguous-overlap]: [data-testid="planted-ambiguous-trigger"] ↔ [data-testid="planted-ambiguous-popup"] — library-internal or position:absolute/fixed over own trigger/anchor
  Planted/AmbiguousOverlap × en × canonical-560
    ? [ambiguous-overlap]: [data-testid="planted-ambiguous-trigger"] ↔ [data-testid="planted-ambiguous-popup"] — library-internal or position:absolute/fixed over own trigger/anchor
  Planted/AmbiguousOverlap × en × canonical-680
    ? [ambiguous-overlap]: [data-testid="planted-ambiguous-trigger"] ↔ [data-testid="planted-ambiguous-popup"] — library-internal or position:absolute/fixed over own trigger/anchor
  Planted/AmbiguousOverlap × en × tablet-768
    ? [ambiguous-overlap]: [data-testid="planted-ambiguous-trigger"] ↔ [data-testid="planted-ambiguous-popup"] — library-internal or position:absolute/fixed over own trigger/anchor
  Planted/AmbiguousOverlap × en × canonical-810
    ? [ambiguous-overlap]: [data-testid="planted-ambiguous-trigger"] ↔ [data-testid="planted-ambiguous-popup"] — library-internal or position:absolute/fixed over own trigger/anchor
  Planted/AmbiguousOverlap × en × canonical-960
    ? [ambiguous-overlap]: [data-testid="planted-ambiguous-trigger"] ↔ [data-testid="planted-ambiguous-popup"] — library-internal or position:absolute/fixed over own trigger/anchor
  Planted/AmbiguousOverlap × en × desktop-1024
    ? [ambiguous-overlap]: [data-testid="planted-ambiguous-trigger"] ↔ [data-testid="planted-ambiguous-popup"] — library-internal or position:absolute/fixed over own trigger/anchor
  Planted/AmbiguousOverlap × en × canonical-1200
    ? [ambiguous-overlap]: [data-testid="planted-ambiguous-trigger"] ↔ [data-testid="planted-ambiguous-popup"] — library-internal or position:absolute/fixed over own trigger/anchor
  Planted/AmbiguousOverlap × en × desktop-1440
    ? [ambiguous-overlap]: [data-testid="planted-ambiguous-trigger"] ↔ [data-testid="planted-ambiguous-popup"] — library-internal or position:absolute/fixed over own trigger/anchor
  Planted/AmbiguousOverlap × en × huge-1920
    ? [ambiguous-overlap]: [data-testid="planted-ambiguous-trigger"] ↔ [data-testid="planted-ambiguous-popup"] — library-internal or position:absolute/fixed over own trigger/anchor
  Planted/AmbiguousOverlap × en × huge-2560
    ? [ambiguous-overlap]: [data-testid="planted-ambiguous-trigger"] ↔ [data-testid="planted-ambiguous-popup"] — library-internal or position:absolute/fixed over own trigger/anchor
  Planted/AmbiguousOverlap × uk × mobile-320
    ? [ambiguous-overlap]: [data-testid="planted-ambiguous-trigger"] ↔ [data-testid="planted-ambiguous-popup"] — library-internal or position:absolute/fixed over own trigger/anchor
  Planted/AmbiguousOverlap × uk × mobile-375
    ? [ambiguous-overlap]: [data-testid="planted-ambiguous-trigger"] ↔ [data-testid="planted-ambiguous-popup"] — library-internal or position:absolute/fixed over own trigger/anchor
  Planted/AmbiguousOverlap × uk × mobile-390
    ? [ambiguous-overlap]: [data-testid="planted-ambiguous-trigger"] ↔ [data-testid="planted-ambiguous-popup"] — library-internal or position:absolute/fixed over own trigger/anchor
  Planted/AmbiguousOverlap × uk × mobile-480
    ? [ambiguous-overlap]: [data-testid="planted-ambiguous-trigger"] ↔ [data-testid="planted-ambiguous-popup"] — library-internal or position:absolute/fixed over own trigger/anchor
  Planted/AmbiguousOverlap × uk × canonical-560
    ? [ambiguous-overlap]: [data-testid="planted-ambiguous-trigger"] ↔ [data-testid="planted-ambiguous-popup"] — library-internal or position:absolute/fixed over own trigger/anchor
  Planted/AmbiguousOverlap × uk × canonical-680
    ? [ambiguous-overlap]: [data-testid="planted-ambiguous-trigger"] ↔ [data-testid="planted-ambiguous-popup"] — library-internal or position:absolute/fixed over own trigger/anchor
  Planted/AmbiguousOverlap × uk × tablet-768
    ? [ambiguous-overlap]: [data-testid="planted-ambiguous-trigger"] ↔ [data-testid="planted-ambiguous-popup"] — library-internal or position:absolute/fixed over own trigger/anchor
  Planted/AmbiguousOverlap × uk × canonical-810
    ? [ambiguous-overlap]: [data-testid="planted-ambiguous-trigger"] ↔ [data-testid="planted-ambiguous-popup"] — library-internal or position:absolute/fixed over own trigger/anchor
  Planted/AmbiguousOverlap × uk × canonical-960
    ? [ambiguous-overlap]: [data-testid="planted-ambiguous-trigger"] ↔ [data-testid="planted-ambiguous-popup"] — library-internal or position:absolute/fixed over own trigger/anchor
  Planted/AmbiguousOverlap × uk × desktop-1024
    ? [ambiguous-overlap]: [data-testid="planted-ambiguous-trigger"] ↔ [data-testid="planted-ambiguous-popup"] — library-internal or position:absolute/fixed over own trigger/anchor
  Planted/AmbiguousOverlap × uk × canonical-1200
    ? [ambiguous-overlap]: [data-testid="planted-ambiguous-trigger"] ↔ [data-testid="planted-ambiguous-popup"] — library-internal or position:absolute/fixed over own trigger/anchor
  Planted/AmbiguousOverlap × uk × desktop-1440
    ? [ambiguous-overlap]: [data-testid="planted-ambiguous-trigger"] ↔ [data-testid="planted-ambiguous-popup"] — library-internal or position:absolute/fixed over own trigger/anchor
  Planted/AmbiguousOverlap × uk × huge-1920
    ? [ambiguous-overlap]: [data-testid="planted-ambiguous-trigger"] ↔ [data-testid="planted-ambiguous-popup"] — library-internal or position:absolute/fixed over own trigger/anchor
  Planted/AmbiguousOverlap × uk × huge-2560
    ? [ambiguous-overlap]: [data-testid="planted-ambiguous-trigger"] ↔ [data-testid="planted-ambiguous-popup"] — library-internal or position:absolute/fixed over own trigger/anchor
  Planted/AmbiguousOverlap × it × mobile-320
    ? [ambiguous-overlap]: [data-testid="planted-ambiguous-trigger"] ↔ [data-testid="planted-ambiguous-popup"] — library-internal or position:absolute/fixed over own trigger/anchor
  Planted/AmbiguousOverlap × it × mobile-375
    ? [ambiguous-overlap]: [data-testid="planted-ambiguous-trigger"] ↔ [data-testid="planted-ambiguous-popup"] — library-internal or position:absolute/fixed over own trigger/anchor
  Planted/AmbiguousOverlap × it × mobile-390
    ? [ambiguous-overlap]: [data-testid="planted-ambiguous-trigger"] ↔ [data-testid="planted-ambiguous-popup"] — library-internal or position:absolute/fixed over own trigger/anchor
  Planted/AmbiguousOverlap × it × mobile-480
    ? [ambiguous-overlap]: [data-testid="planted-ambiguous-trigger"] ↔ [data-testid="planted-ambiguous-popup"] — library-internal or position:absolute/fixed over own trigger/anchor
  Planted/AmbiguousOverlap × it × canonical-560
    ? [ambiguous-overlap]: [data-testid="planted-ambiguous-trigger"] ↔ [data-testid="planted-ambiguous-popup"] — library-internal or position:absolute/fixed over own trigger/anchor
  Planted/AmbiguousOverlap × it × canonical-680
    ? [ambiguous-overlap]: [data-testid="planted-ambiguous-trigger"] ↔ [data-testid="planted-ambiguous-popup"] — library-internal or position:absolute/fixed over own trigger/anchor
  Planted/AmbiguousOverlap × it × tablet-768
    ? [ambiguous-overlap]: [data-testid="planted-ambiguous-trigger"] ↔ [data-testid="planted-ambiguous-popup"] — library-internal or position:absolute/fixed over own trigger/anchor
  Planted/AmbiguousOverlap × it × canonical-810
    ? [ambiguous-overlap]: [data-testid="planted-ambiguous-trigger"] ↔ [data-testid="planted-ambiguous-popup"] — library-internal or position:absolute/fixed over own trigger/anchor
  Planted/AmbiguousOverlap × it × canonical-960
    ? [ambiguous-overlap]: [data-testid="planted-ambiguous-trigger"] ↔ [data-testid="planted-ambiguous-popup"] — library-internal or position:absolute/fixed over own trigger/anchor
  Planted/AmbiguousOverlap × it × desktop-1024
    ? [ambiguous-overlap]: [data-testid="planted-ambiguous-trigger"] ↔ [data-testid="planted-ambiguous-popup"] — library-internal or position:absolute/fixed over own trigger/anchor
  Planted/AmbiguousOverlap × it × canonical-1200
    ? [ambiguous-overlap]: [data-testid="planted-ambiguous-trigger"] ↔ [data-testid="planted-ambiguous-popup"] — library-internal or position:absolute/fixed over own trigger/anchor
  Planted/AmbiguousOverlap × it × desktop-1440
    ? [ambiguous-overlap]: [data-testid="planted-ambiguous-trigger"] ↔ [data-testid="planted-ambiguous-popup"] — library-internal or position:absolute/fixed over own trigger/anchor
  Planted/AmbiguousOverlap × it × huge-1920
    ? [ambiguous-overlap]: [data-testid="planted-ambiguous-trigger"] ↔ [data-testid="planted-ambiguous-popup"] — library-internal or position:absolute/fixed over own trigger/anchor
  Planted/AmbiguousOverlap × it × huge-2560
    ? [ambiguous-overlap]: [data-testid="planted-ambiguous-trigger"] ↔ [data-testid="planted-ambiguous-popup"] — library-internal or position:absolute/fixed over own trigger/anchor
  Planted/IntentionalEllipsis × sq × mobile-320
    ? [text-clipped-ellipsis]: [data-testid="planted-ellipsis-link"] — intentional ellipsis with accessible name or content link
  Planted/IntentionalEllipsis × sq × mobile-375
    ? [text-clipped-ellipsis]: [data-testid="planted-ellipsis-link"] — intentional ellipsis with accessible name or content link
  Planted/IntentionalEllipsis × sq × mobile-390
    ? [text-clipped-ellipsis]: [data-testid="planted-ellipsis-link"] — intentional ellipsis with accessible name or content link
  Planted/IntentionalEllipsis × sq × mobile-480
    ? [text-clipped-ellipsis]: [data-testid="planted-ellipsis-link"] — intentional ellipsis with accessible name or content link
  Planted/IntentionalEllipsis × sq × canonical-560
    ? [text-clipped-ellipsis]: [data-testid="planted-ellipsis-link"] — intentional ellipsis with accessible name or content link
  Planted/IntentionalEllipsis × sq × canonical-680
    ? [text-clipped-ellipsis]: [data-testid="planted-ellipsis-link"] — intentional ellipsis with accessible name or content link
  Planted/IntentionalEllipsis × sq × tablet-768
    ? [text-clipped-ellipsis]: [data-testid="planted-ellipsis-link"] — intentional ellipsis with accessible name or content link
  Planted/IntentionalEllipsis × sq × canonical-810
    ? [text-clipped-ellipsis]: [data-testid="planted-ellipsis-link"] — intentional ellipsis with accessible name or content link
  Planted/IntentionalEllipsis × sq × canonical-960
    ? [text-clipped-ellipsis]: [data-testid="planted-ellipsis-link"] — intentional ellipsis with accessible name or content link
  Planted/IntentionalEllipsis × sq × desktop-1024
    ? [text-clipped-ellipsis]: [data-testid="planted-ellipsis-link"] — intentional ellipsis with accessible name or content link
  Planted/IntentionalEllipsis × sq × canonical-1200
    ? [text-clipped-ellipsis]: [data-testid="planted-ellipsis-link"] — intentional ellipsis with accessible name or content link
  Planted/IntentionalEllipsis × sq × desktop-1440
    ? [text-clipped-ellipsis]: [data-testid="planted-ellipsis-link"] — intentional ellipsis with accessible name or content link
  Planted/IntentionalEllipsis × sq × huge-1920
    ? [text-clipped-ellipsis]: [data-testid="planted-ellipsis-link"] — intentional ellipsis with accessible name or content link
  Planted/IntentionalEllipsis × sq × huge-2560
    ? [text-clipped-ellipsis]: [data-testid="planted-ellipsis-link"] — intentional ellipsis with accessible name or content link
  Planted/IntentionalEllipsis × en × mobile-320
    ? [text-clipped-ellipsis]: [data-testid="planted-ellipsis-link"] — intentional ellipsis with accessible name or content link
  Planted/IntentionalEllipsis × en × mobile-375
    ? [text-clipped-ellipsis]: [data-testid="planted-ellipsis-link"] — intentional ellipsis with accessible name or content link
  Planted/IntentionalEllipsis × en × mobile-390
    ? [text-clipped-ellipsis]: [data-testid="planted-ellipsis-link"] — intentional ellipsis with accessible name or content link
  Planted/IntentionalEllipsis × en × mobile-480
    ? [text-clipped-ellipsis]: [data-testid="planted-ellipsis-link"] — intentional ellipsis with accessible name or content link
  Planted/IntentionalEllipsis × en × canonical-560
    ? [text-clipped-ellipsis]: [data-testid="planted-ellipsis-link"] — intentional ellipsis with accessible name or content link
  Planted/IntentionalEllipsis × en × canonical-680
    ? [text-clipped-ellipsis]: [data-testid="planted-ellipsis-link"] — intentional ellipsis with accessible name or content link
  Planted/IntentionalEllipsis × en × tablet-768
    ? [text-clipped-ellipsis]: [data-testid="planted-ellipsis-link"] — intentional ellipsis with accessible name or content link
  Planted/IntentionalEllipsis × en × canonical-810
    ? [text-clipped-ellipsis]: [data-testid="planted-ellipsis-link"] — intentional ellipsis with accessible name or content link
  Planted/IntentionalEllipsis × en × canonical-960
    ? [text-clipped-ellipsis]: [data-testid="planted-ellipsis-link"] — intentional ellipsis with accessible name or content link
  Planted/IntentionalEllipsis × en × desktop-1024
    ? [text-clipped-ellipsis]: [data-testid="planted-ellipsis-link"] — intentional ellipsis with accessible name or content link
  Planted/IntentionalEllipsis × en × canonical-1200
    ? [text-clipped-ellipsis]: [data-testid="planted-ellipsis-link"] — intentional ellipsis with accessible name or content link
  Planted/IntentionalEllipsis × en × desktop-1440
    ? [text-clipped-ellipsis]: [data-testid="planted-ellipsis-link"] — intentional ellipsis with accessible name or content link
  Planted/IntentionalEllipsis × en × huge-1920
    ? [text-clipped-ellipsis]: [data-testid="planted-ellipsis-link"] — intentional ellipsis with accessible name or content link
  Planted/IntentionalEllipsis × en × huge-2560
    ? [text-clipped-ellipsis]: [data-testid="planted-ellipsis-link"] — intentional ellipsis with accessible name or content link
  Planted/IntentionalEllipsis × uk × mobile-320
    ? [text-clipped-ellipsis]: [data-testid="planted-ellipsis-link"] — intentional ellipsis with accessible name or content link
  Planted/IntentionalEllipsis × uk × mobile-375
    ? [text-clipped-ellipsis]: [data-testid="planted-ellipsis-link"] — intentional ellipsis with accessible name or content link
  Planted/IntentionalEllipsis × uk × mobile-390
    ? [text-clipped-ellipsis]: [data-testid="planted-ellipsis-link"] — intentional ellipsis with accessible name or content link
  Planted/IntentionalEllipsis × uk × mobile-480
    ? [text-clipped-ellipsis]: [data-testid="planted-ellipsis-link"] — intentional ellipsis with accessible name or content link
  Planted/IntentionalEllipsis × uk × canonical-560
    ? [text-clipped-ellipsis]: [data-testid="planted-ellipsis-link"] — intentional ellipsis with accessible name or content link
  Planted/IntentionalEllipsis × uk × canonical-680
    ? [text-clipped-ellipsis]: [data-testid="planted-ellipsis-link"] — intentional ellipsis with accessible name or content link
  Planted/IntentionalEllipsis × uk × tablet-768
    ? [text-clipped-ellipsis]: [data-testid="planted-ellipsis-link"] — intentional ellipsis with accessible name or content link
  Planted/IntentionalEllipsis × uk × canonical-810
    ? [text-clipped-ellipsis]: [data-testid="planted-ellipsis-link"] — intentional ellipsis with accessible name or content link
  Planted/IntentionalEllipsis × uk × canonical-960
    ? [text-clipped-ellipsis]: [data-testid="planted-ellipsis-link"] — intentional ellipsis with accessible name or content link
  Planted/IntentionalEllipsis × uk × desktop-1024
    ? [text-clipped-ellipsis]: [data-testid="planted-ellipsis-link"] — intentional ellipsis with accessible name or content link
  Planted/IntentionalEllipsis × uk × canonical-1200
    ? [text-clipped-ellipsis]: [data-testid="planted-ellipsis-link"] — intentional ellipsis with accessible name or content link
  Planted/IntentionalEllipsis × uk × desktop-1440
    ? [text-clipped-ellipsis]: [data-testid="planted-ellipsis-link"] — intentional ellipsis with accessible name or content link
  Planted/IntentionalEllipsis × uk × huge-1920
    ? [text-clipped-ellipsis]: [data-testid="planted-ellipsis-link"] — intentional ellipsis with accessible name or content link
  Planted/IntentionalEllipsis × uk × huge-2560
    ? [text-clipped-ellipsis]: [data-testid="planted-ellipsis-link"] — intentional ellipsis with accessible name or content link
  Planted/IntentionalEllipsis × it × mobile-320
    ? [text-clipped-ellipsis]: [data-testid="planted-ellipsis-link"] — intentional ellipsis with accessible name or content link
  Planted/IntentionalEllipsis × it × mobile-375
    ? [text-clipped-ellipsis]: [data-testid="planted-ellipsis-link"] — intentional ellipsis with accessible name or content link
  Planted/IntentionalEllipsis × it × mobile-390
    ? [text-clipped-ellipsis]: [data-testid="planted-ellipsis-link"] — intentional ellipsis with accessible name or content link
  Planted/IntentionalEllipsis × it × mobile-480
    ? [text-clipped-ellipsis]: [data-testid="planted-ellipsis-link"] — intentional ellipsis with accessible name or content link
  Planted/IntentionalEllipsis × it × canonical-560
    ? [text-clipped-ellipsis]: [data-testid="planted-ellipsis-link"] — intentional ellipsis with accessible name or content link
  Planted/IntentionalEllipsis × it × canonical-680
    ? [text-clipped-ellipsis]: [data-testid="planted-ellipsis-link"] — intentional ellipsis with accessible name or content link
  Planted/IntentionalEllipsis × it × tablet-768
    ? [text-clipped-ellipsis]: [data-testid="planted-ellipsis-link"] — intentional ellipsis with accessible name or content link
  Planted/IntentionalEllipsis × it × canonical-810
    ? [text-clipped-ellipsis]: [data-testid="planted-ellipsis-link"] — intentional ellipsis with accessible name or content link
  Planted/IntentionalEllipsis × it × canonical-960
    ? [text-clipped-ellipsis]: [data-testid="planted-ellipsis-link"] — intentional ellipsis with accessible name or content link
  Planted/IntentionalEllipsis × it × desktop-1024
    ? [text-clipped-ellipsis]: [data-testid="planted-ellipsis-link"] — intentional ellipsis with accessible name or content link
  Planted/IntentionalEllipsis × it × canonical-1200
    ? [text-clipped-ellipsis]: [data-testid="planted-ellipsis-link"] — intentional ellipsis with accessible name or content link
  Planted/IntentionalEllipsis × it × desktop-1440
    ? [text-clipped-ellipsis]: [data-testid="planted-ellipsis-link"] — intentional ellipsis with accessible name or content link
  Planted/IntentionalEllipsis × it × huge-1920
    ? [text-clipped-ellipsis]: [data-testid="planted-ellipsis-link"] — intentional ellipsis with accessible name or content link
  Planted/IntentionalEllipsis × it × huge-2560
    ? [text-clipped-ellipsis]: [data-testid="planted-ellipsis-link"] — intentional ellipsis with accessible name or content link
  Planted/OverlayNoBackdrop × sq × mobile-320
    ? [ambiguous-overlap]: [data-testid="planted-no-backdrop-bg"] ↔ [data-testid="planted-no-backdrop-sheet-btn"] — background page content behind an opened overlay's backdrop
  Planted/OverlayNoBackdrop × sq × mobile-375
    ? [ambiguous-overlap]: [data-testid="planted-no-backdrop-bg"] ↔ [data-testid="planted-no-backdrop-sheet-btn"] — background page content behind an opened overlay's backdrop
  Planted/OverlayNoBackdrop × sq × mobile-390
    ? [ambiguous-overlap]: [data-testid="planted-no-backdrop-bg"] ↔ [data-testid="planted-no-backdrop-sheet-btn"] — background page content behind an opened overlay's backdrop
  Planted/OverlayNoBackdrop × sq × mobile-480
    ? [ambiguous-overlap]: [data-testid="planted-no-backdrop-bg"] ↔ [data-testid="planted-no-backdrop-sheet-btn"] — background page content behind an opened overlay's backdrop
  Planted/OverlayNoBackdrop × sq × canonical-560
    ? [ambiguous-overlap]: [data-testid="planted-no-backdrop-bg"] ↔ [data-testid="planted-no-backdrop-sheet-btn"] — background page content behind an opened overlay's backdrop
  Planted/OverlayNoBackdrop × sq × canonical-680
    ? [ambiguous-overlap]: [data-testid="planted-no-backdrop-bg"] ↔ [data-testid="planted-no-backdrop-sheet-btn"] — background page content behind an opened overlay's backdrop
  Planted/OverlayNoBackdrop × sq × tablet-768
    ? [ambiguous-overlap]: [data-testid="planted-no-backdrop-bg"] ↔ [data-testid="planted-no-backdrop-sheet-btn"] — background page content behind an opened overlay's backdrop
  Planted/OverlayNoBackdrop × sq × canonical-810
    ? [ambiguous-overlap]: [data-testid="planted-no-backdrop-bg"] ↔ [data-testid="planted-no-backdrop-sheet-btn"] — background page content behind an opened overlay's backdrop
  Planted/OverlayNoBackdrop × sq × canonical-960
    ? [ambiguous-overlap]: [data-testid="planted-no-backdrop-bg"] ↔ [data-testid="planted-no-backdrop-sheet-btn"] — background page content behind an opened overlay's backdrop
  Planted/OverlayNoBackdrop × sq × desktop-1024
    ? [ambiguous-overlap]: [data-testid="planted-no-backdrop-bg"] ↔ [data-testid="planted-no-backdrop-sheet-btn"] — background page content behind an opened overlay's backdrop
  Planted/OverlayNoBackdrop × sq × canonical-1200
    ? [ambiguous-overlap]: [data-testid="planted-no-backdrop-bg"] ↔ [data-testid="planted-no-backdrop-sheet-btn"] — background page content behind an opened overlay's backdrop
  Planted/OverlayNoBackdrop × sq × desktop-1440
    ? [ambiguous-overlap]: [data-testid="planted-no-backdrop-bg"] ↔ [data-testid="planted-no-backdrop-sheet-btn"] — background page content behind an opened overlay's backdrop
  Planted/OverlayNoBackdrop × sq × huge-1920
    ? [ambiguous-overlap]: [data-testid="planted-no-backdrop-bg"] ↔ [data-testid="planted-no-backdrop-sheet-btn"] — background page content behind an opened overlay's backdrop
  Planted/OverlayNoBackdrop × sq × huge-2560
    ? [ambiguous-overlap]: [data-testid="planted-no-backdrop-bg"] ↔ [data-testid="planted-no-backdrop-sheet-btn"] — background page content behind an opened overlay's backdrop
  Planted/OverlayNoBackdrop × en × mobile-320
    ? [ambiguous-overlap]: [data-testid="planted-no-backdrop-bg"] ↔ [data-testid="planted-no-backdrop-sheet-btn"] — background page content behind an opened overlay's backdrop
  Planted/OverlayNoBackdrop × en × mobile-375
    ? [ambiguous-overlap]: [data-testid="planted-no-backdrop-bg"] ↔ [data-testid="planted-no-backdrop-sheet-btn"] — background page content behind an opened overlay's backdrop
  Planted/OverlayNoBackdrop × en × mobile-390
    ? [ambiguous-overlap]: [data-testid="planted-no-backdrop-bg"] ↔ [data-testid="planted-no-backdrop-sheet-btn"] — background page content behind an opened overlay's backdrop
  Planted/OverlayNoBackdrop × en × mobile-480
    ? [ambiguous-overlap]: [data-testid="planted-no-backdrop-bg"] ↔ [data-testid="planted-no-backdrop-sheet-btn"] — background page content behind an opened overlay's backdrop
  Planted/OverlayNoBackdrop × en × canonical-560
    ? [ambiguous-overlap]: [data-testid="planted-no-backdrop-bg"] ↔ [data-testid="planted-no-backdrop-sheet-btn"] — background page content behind an opened overlay's backdrop
  Planted/OverlayNoBackdrop × en × canonical-680
    ? [ambiguous-overlap]: [data-testid="planted-no-backdrop-bg"] ↔ [data-testid="planted-no-backdrop-sheet-btn"] — background page content behind an opened overlay's backdrop
  Planted/OverlayNoBackdrop × en × tablet-768
    ? [ambiguous-overlap]: [data-testid="planted-no-backdrop-bg"] ↔ [data-testid="planted-no-backdrop-sheet-btn"] — background page content behind an opened overlay's backdrop
  Planted/OverlayNoBackdrop × en × canonical-810
    ? [ambiguous-overlap]: [data-testid="planted-no-backdrop-bg"] ↔ [data-testid="planted-no-backdrop-sheet-btn"] — background page content behind an opened overlay's backdrop
  Planted/OverlayNoBackdrop × en × canonical-960
    ? [ambiguous-overlap]: [data-testid="planted-no-backdrop-bg"] ↔ [data-testid="planted-no-backdrop-sheet-btn"] — background page content behind an opened overlay's backdrop
  Planted/OverlayNoBackdrop × en × desktop-1024
    ? [ambiguous-overlap]: [data-testid="planted-no-backdrop-bg"] ↔ [data-testid="planted-no-backdrop-sheet-btn"] — background page content behind an opened overlay's backdrop
  Planted/OverlayNoBackdrop × en × canonical-1200
    ? [ambiguous-overlap]: [data-testid="planted-no-backdrop-bg"] ↔ [data-testid="planted-no-backdrop-sheet-btn"] — background page content behind an opened overlay's backdrop
  Planted/OverlayNoBackdrop × en × desktop-1440
    ? [ambiguous-overlap]: [data-testid="planted-no-backdrop-bg"] ↔ [data-testid="planted-no-backdrop-sheet-btn"] — background page content behind an opened overlay's backdrop
  Planted/OverlayNoBackdrop × en × huge-1920
    ? [ambiguous-overlap]: [data-testid="planted-no-backdrop-bg"] ↔ [data-testid="planted-no-backdrop-sheet-btn"] — background page content behind an opened overlay's backdrop
  Planted/OverlayNoBackdrop × en × huge-2560
    ? [ambiguous-overlap]: [data-testid="planted-no-backdrop-bg"] ↔ [data-testid="planted-no-backdrop-sheet-btn"] — background page content behind an opened overlay's backdrop
  Planted/OverlayNoBackdrop × uk × mobile-320
    ? [ambiguous-overlap]: [data-testid="planted-no-backdrop-bg"] ↔ [data-testid="planted-no-backdrop-sheet-btn"] — background page content behind an opened overlay's backdrop
  Planted/OverlayNoBackdrop × uk × mobile-375
    ? [ambiguous-overlap]: [data-testid="planted-no-backdrop-bg"] ↔ [data-testid="planted-no-backdrop-sheet-btn"] — background page content behind an opened overlay's backdrop
  Planted/OverlayNoBackdrop × uk × mobile-390
    ? [ambiguous-overlap]: [data-testid="planted-no-backdrop-bg"] ↔ [data-testid="planted-no-backdrop-sheet-btn"] — background page content behind an opened overlay's backdrop
  Planted/OverlayNoBackdrop × uk × mobile-480
    ? [ambiguous-overlap]: [data-testid="planted-no-backdrop-bg"] ↔ [data-testid="planted-no-backdrop-sheet-btn"] — background page content behind an opened overlay's backdrop
  Planted/OverlayNoBackdrop × uk × canonical-560
    ? [ambiguous-overlap]: [data-testid="planted-no-backdrop-bg"] ↔ [data-testid="planted-no-backdrop-sheet-btn"] — background page content behind an opened overlay's backdrop
  Planted/OverlayNoBackdrop × uk × canonical-680
    ? [ambiguous-overlap]: [data-testid="planted-no-backdrop-bg"] ↔ [data-testid="planted-no-backdrop-sheet-btn"] — background page content behind an opened overlay's backdrop
  Planted/OverlayNoBackdrop × uk × tablet-768
    ? [ambiguous-overlap]: [data-testid="planted-no-backdrop-bg"] ↔ [data-testid="planted-no-backdrop-sheet-btn"] — background page content behind an opened overlay's backdrop
  Planted/OverlayNoBackdrop × uk × canonical-810
    ? [ambiguous-overlap]: [data-testid="planted-no-backdrop-bg"] ↔ [data-testid="planted-no-backdrop-sheet-btn"] — background page content behind an opened overlay's backdrop
  Planted/OverlayNoBackdrop × uk × canonical-960
    ? [ambiguous-overlap]: [data-testid="planted-no-backdrop-bg"] ↔ [data-testid="planted-no-backdrop-sheet-btn"] — background page content behind an opened overlay's backdrop
  Planted/OverlayNoBackdrop × uk × desktop-1024
    ? [ambiguous-overlap]: [data-testid="planted-no-backdrop-bg"] ↔ [data-testid="planted-no-backdrop-sheet-btn"] — background page content behind an opened overlay's backdrop
  Planted/OverlayNoBackdrop × uk × canonical-1200
    ? [ambiguous-overlap]: [data-testid="planted-no-backdrop-bg"] ↔ [data-testid="planted-no-backdrop-sheet-btn"] — background page content behind an opened overlay's backdrop
  Planted/OverlayNoBackdrop × uk × desktop-1440
    ? [ambiguous-overlap]: [data-testid="planted-no-backdrop-bg"] ↔ [data-testid="planted-no-backdrop-sheet-btn"] — background page content behind an opened overlay's backdrop
  Planted/OverlayNoBackdrop × uk × huge-1920
    ? [ambiguous-overlap]: [data-testid="planted-no-backdrop-bg"] ↔ [data-testid="planted-no-backdrop-sheet-btn"] — background page content behind an opened overlay's backdrop
  Planted/OverlayNoBackdrop × uk × huge-2560
    ? [ambiguous-overlap]: [data-testid="planted-no-backdrop-bg"] ↔ [data-testid="planted-no-backdrop-sheet-btn"] — background page content behind an opened overlay's backdrop
  Planted/OverlayNoBackdrop × it × mobile-320
    ? [ambiguous-overlap]: [data-testid="planted-no-backdrop-bg"] ↔ [data-testid="planted-no-backdrop-sheet-btn"] — background page content behind an opened overlay's backdrop
  Planted/OverlayNoBackdrop × it × mobile-375
    ? [ambiguous-overlap]: [data-testid="planted-no-backdrop-bg"] ↔ [data-testid="planted-no-backdrop-sheet-btn"] — background page content behind an opened overlay's backdrop
  Planted/OverlayNoBackdrop × it × mobile-390
    ? [ambiguous-overlap]: [data-testid="planted-no-backdrop-bg"] ↔ [data-testid="planted-no-backdrop-sheet-btn"] — background page content behind an opened overlay's backdrop
  Planted/OverlayNoBackdrop × it × mobile-480
    ? [ambiguous-overlap]: [data-testid="planted-no-backdrop-bg"] ↔ [data-testid="planted-no-backdrop-sheet-btn"] — background page content behind an opened overlay's backdrop
  Planted/OverlayNoBackdrop × it × canonical-560
    ? [ambiguous-overlap]: [data-testid="planted-no-backdrop-bg"] ↔ [data-testid="planted-no-backdrop-sheet-btn"] — background page content behind an opened overlay's backdrop
  Planted/OverlayNoBackdrop × it × canonical-680
    ? [ambiguous-overlap]: [data-testid="planted-no-backdrop-bg"] ↔ [data-testid="planted-no-backdrop-sheet-btn"] — background page content behind an opened overlay's backdrop
  Planted/OverlayNoBackdrop × it × tablet-768
    ? [ambiguous-overlap]: [data-testid="planted-no-backdrop-bg"] ↔ [data-testid="planted-no-backdrop-sheet-btn"] — background page content behind an opened overlay's backdrop
  Planted/OverlayNoBackdrop × it × canonical-810
    ? [ambiguous-overlap]: [data-testid="planted-no-backdrop-bg"] ↔ [data-testid="planted-no-backdrop-sheet-btn"] — background page content behind an opened overlay's backdrop
  Planted/OverlayNoBackdrop × it × canonical-960
    ? [ambiguous-overlap]: [data-testid="planted-no-backdrop-bg"] ↔ [data-testid="planted-no-backdrop-sheet-btn"] — background page content behind an opened overlay's backdrop
  Planted/OverlayNoBackdrop × it × desktop-1024
    ? [ambiguous-overlap]: [data-testid="planted-no-backdrop-bg"] ↔ [data-testid="planted-no-backdrop-sheet-btn"] — background page content behind an opened overlay's backdrop
  Planted/OverlayNoBackdrop × it × canonical-1200
    ? [ambiguous-overlap]: [data-testid="planted-no-backdrop-bg"] ↔ [data-testid="planted-no-backdrop-sheet-btn"] — background page content behind an opened overlay's backdrop
  Planted/OverlayNoBackdrop × it × desktop-1440
    ? [ambiguous-overlap]: [data-testid="planted-no-backdrop-bg"] ↔ [data-testid="planted-no-backdrop-sheet-btn"] — background page content behind an opened overlay's backdrop
  Planted/OverlayNoBackdrop × it × huge-1920
    ? [ambiguous-overlap]: [data-testid="planted-no-backdrop-bg"] ↔ [data-testid="planted-no-backdrop-sheet-btn"] — background page content behind an opened overlay's backdrop
  Planted/OverlayNoBackdrop × it × huge-2560
    ? [ambiguous-overlap]: [data-testid="planted-no-backdrop-bg"] ↔ [data-testid="planted-no-backdrop-sheet-btn"] — background page content behind an opened overlay's backdrop

ℹ️  108 cells are out-of-viewport-range (verdict=out-of-range, not product defects):
  AdminMobileHeader/Default × sq × desktop-1024 (range: max=960)
  AdminMobileHeader/Default × sq × canonical-1200 (range: max=960)
  AdminMobileHeader/Default × sq × desktop-1440 (range: max=960)
  AdminMobileHeader/Default × sq × huge-1920 (range: max=960)
  AdminMobileHeader/Default × sq × huge-2560 (range: max=960)
  AdminMobileHeader/Default × en × desktop-1024 (range: max=960)
  AdminMobileHeader/Default × en × canonical-1200 (range: max=960)
  AdminMobileHeader/Default × en × desktop-1440 (range: max=960)
  AdminMobileHeader/Default × en × huge-1920 (range: max=960)
  AdminMobileHeader/Default × en × huge-2560 (range: max=960)
  AdminMobileHeader/Default × uk × desktop-1024 (range: max=960)
  AdminMobileHeader/Default × uk × canonical-1200 (range: max=960)
  AdminMobileHeader/Default × uk × desktop-1440 (range: max=960)
  AdminMobileHeader/Default × uk × huge-1920 (range: max=960)
  AdminMobileHeader/Default × uk × huge-2560 (range: max=960)
  AdminMobileHeader/Default × it × desktop-1024 (range: max=960)
  AdminMobileHeader/Default × it × canonical-1200 (range: max=960)
  AdminMobileHeader/Default × it × desktop-1440 (range: max=960)
  AdminMobileHeader/Default × it × huge-1920 (range: max=960)
  AdminMobileHeader/Default × it × huge-2560 (range: max=960)
  … and 88 more
EXIT_CODE=1
